id;numero;ano;orgao;state;status;deadline;score;level;place;why;blockers;opps;url;first_seen;last_seen
7021;824/2026;2026;Ministério do Desenvolvimento e Assistência Social, Família e Combate à Fome;aberto;Encerra em: 30 dias;20/09/2026;0;;Brasília;Brasília(+1), órgão-alvo(+2), gratificação técnica(-3);;Processo Seletivo 1 (uma) GSISP, NS, na área de Privacidade e Segurança da Informação, na STI;https://oportunidades.sigepe.gov.br/oportunidades-portal/api/html/7021;21/08/2026;21/08/2026
7015;825.1/2026;2026;Agência Nacional de Energia Elétrica;aberto;Encerra em: 20 dias;10/09/2026;-9;;Manaus/AM;Manaus/AM(-5), graduação específica(-4);graduação específica;Alteração de exercício - Graduação em Engenharia Elétrica;https://oportunidades.sigepe.gov.br/oportunidades-portal/api/html/7015;21/08/2026;21/08/2026
7013;826/2026;2026;Ministério do Trabalho e Emprego;a abrir;Início das incrições: 24/08/2026;24/08/2026;2;;;órgão-alvo(+2);;Analista de Prestação de Contas e Tomada de Contas Especial - Revisor;https://oportunidades.sigepe.gov.br/oportunidades-portal/api/html/7013;21/08/2026;21/08/2026
7012;814/2026;2026;Ministério da Gestão e da Inovação em Serviços Públicos;aberto;Encerra em: 10 dias;31/08/2026;-1;;;órgão-alvo(+2), gratificação técnica(-3);;GSISTE de Nível Superior - CADADOS/CGIE/DIGES/SEST;https://oportunidades.sigepe.gov.br/oportunidades-portal/api/html/7012;21/08/2026;21/08/2026
7011;813/2026;2026;Ministério da Gestão e da Inovação em Serviços Públicos;aberto;Encerra em: 10 dias;31/08/2026;-5;;;órgão-alvo(+2), gratificação técnica(-3), nível médio/intermediário(-4);nível médio/intermediário;Gratificação Temporária Sistema de Administração dos Recursos de Tecnologia da Informação (GSISP NI);https://oportunidades.sigepe.gov.br/oportunidades-portal/api/html/7011;21/08/2026;21/08/2026
7010;822/2026;2026;Defensoria Pública da União;a abrir;Início das incrições: 31/08/2026;31/08/2026;-5;;DPU em Campo Grande/MS;DPU em Campo Grande/MS(-5);;Setor de Atendimento - DPU em Campo Grande/MS;https://oportunidades.sigepe.gov.br/oportunidades-portal/api/html/7010;21/08/2026;21/08/2026
7009;817/2026;2026;Departamento Nacional de Infraestrutura de Transportes;aberto;Encerra em: 12 dias;02/09/2026;-2;chefia baixa;;chefia baixa(-3), infraestrutura(+1);;Chefe do Serviço de Contabilidade e Finanças - FCE 1.05;https://oportunidades.sigepe.gov.br/oportunidades-portal/api/html/7009;21/08/2026;21/08/2026
7008;818/2026;2026;Departamento Nacional de Infraestrutura de Transportes;aberto;Encerra em: 12 dias;02/09/2026;1;;;infraestrutura(+1);;Analista ou Técnico Administrativo - SECONF;https://oportunidades.sigepe.gov.br/oportunidades-portal/api/html/7008;21/08/2026;21/08/2026
7006;816/2026;2026;Departamento Nacional de Infraestrutura de Transportes;aberto;Encerra em: 12 dias;02/09/2026;1;;;infraestrutura(+1);;Analista ou Técnico Administrativo - Serviço de Gestão de Pessoas;https://oportunidades.sigepe.gov.br/oportunidades-portal/api/html/7006;21/08/2026;21/08/2026
7005;812/2026;2026;Ministério da Gestão e da Inovação em Serviços Públicos;aberto;Encerra em: 9 dias;30/08/2026;-1;;;órgão-alvo(+2), gratificação técnica(-3);;GSISTE de Nível Superior para atuação na Coordenação-Geral de Estruturação de Dados Cadastrais do Ci;https://oportunidades.sigepe.gov.br/oportunidades-portal/api/html/7005;21/08/2026;21/08/2026
7004;807.1/2026;2026;Instituto Nacional da Propriedade Industrial;aberto;Encerra em: 11 dias;01/09/2026;-4;;;nível médio/intermediário(-4);nível médio/intermediário;Apoio Administrativo - DIRMA/CGPA;https://oportunidades.sigepe.gov.br/oportunidades-portal/api/html/7004;21/08/2026;21/08/2026
7002;806/2026;2026;Instituto Nacional da Propriedade Industrial;aberto;Encerra em: 11 dias;01/09/2026;-4;;;nível médio/intermediário(-4);nível médio/intermediário;Apoio Administrativo e de Gestão - DIRMA/CGNOC;https://oportunidades.sigepe.gov.br/oportunidades-portal/api/html/7002;21/08/2026;21/08/2026
6999;811/2026;2026;Ministério da Gestão e da Inovação em Serviços Públicos;a abrir;Início das incrições: 31/08/2026;31/08/2026;-1;;;órgão-alvo(+2), gratificação técnica(-3);;GSISP NS_ Coordenação Geral de Tecnologia da Informação, COTIN-AN;https://oportunidades.sigepe.gov.br/oportunidades-portal/api/html/6999;21/08/2026;21/08/2026
6998;804/2026;2026;Instituto do Patrimônio Histórico e Artístico Nacional;aberto;Encerra em: 7 dias;28/08/2026;-3;chefia baixa;;chefia baixa(-3);;FCE 2.01, de Assistente Técnico na Corregedoria;https://oportunidades.sigepe.gov.br/oportunidades-portal/api/html/6998;21/08/2026;21/08/2026
6997;803/2026;2026;Instituto do Patrimônio Histórico e Artístico Nacional;aberto;Encerra em: 10 dias;31/08/2026;-3;chefia baixa;;chefia baixa(-3);;FCE 1.05 de Chefe de Serviço na  Coordenação-Geral de Autorização e Fiscalização (CGAF/DEPAM);https://oportunidades.sigepe.gov.br/oportunidades-portal/api/html/6997;21/08/2026;21/08/2026
6996;802/2026;2026;Instituto do Patrimônio Histórico e Artístico Nacional;aberto;Encerra em: 7 dias;28/08/2026;-3;chefia baixa;;chefia baixa(-3);;FCE 2.01, de Assistente Técnico, na Coordenação Administrativa da Superintendência do Iphan-AM;https://oportunidades.sigepe.gov.br/oportunidades-portal/api/html/6996;21/08/2026;21/08/2026
6995;815/2026;2026;Departamento Nacional de Infraestrutura de Transportes;aberto;Encerra em: 12 dias;02/09/2026;-3;;;infraestrutura(+1), nível médio/intermediário(-4);nível médio/intermediário;Analista Administrativo (ou cargo equivalente de Nível Superior) - SELOG | Técnico Administrativo (ou cargo equivalente de Nível Médio) - SELOG;https://oportunidades.sigepe.gov.br/oportunidades-portal/api/html/6995;21/08/2026;21/08/2026
6994;808/2026;2026;Ministério da Saúde;a abrir;Início das incrições: 24/08/2026;24/08/2026;3;coordenador (1.10);;coordenador (1.10)(+1), órgão-alvo(+2);;Coordenador na Coordenação de Apuração de Custos;https://oportunidades.sigepe.gov.br/oportunidades-portal/api/html/6994;21/08/2026;21/08/2026
6993;801/2026;2026;Instituto do Patrimônio Histórico e Artístico Nacional;aberto;Encerra em: 28 dias;18/09/2026;-8;chefia baixa;Iphan em João Pessoa/PB;chefia baixa(-3), Iphan em João Pessoa/PB(-5);;FCE 2.01 de Assistente Técnico na Divisão Administrativa do Iphan em João Pessoa/PB;https://oportunidades.sigepe.gov.br/oportunidades-portal/api/html/6993;21/08/2026;21/08/2026
6989;805/2026;2026;Ministério da Agricultura e Pecuária;aberto;Encerra em: 40 dias;30/09/2026;1;coordenador (1.10);;coordenador (1.10)(+1);;Função Comissionada Executiva de Assessor Técnico Especializado FCE 4.03;https://oportunidades.sigepe.gov.br/oportunidades-portal/api/html/6989;21/08/2026;21/08/2026
6987;798/2026;2026;Ministério do Desenvolvimento e Assistência Social, Família e Combate à Fome;aberto;Encerra em: 23 dias;13/09/2026;-4;;Brasília;Brasília(+1), órgão-alvo(+2), gratificação técnica(-3), graduação específica(-4);graduação específica;Processo Seletivo 1 (uma) GSISP, NS, na área de Gestão de Dados e Informações, na STI;https://oportunidades.sigepe.gov.br/oportunidades-portal/api/html/6987;21/08/2026;21/08/2026
6986;797/2026;2026;Ministério do Desenvolvimento e Assistência Social, Família e Combate à Fome;aberto;Encerra em: 2 dias;23/08/2026;-4;chefia baixa;Brasília;chefia baixa(-3), Brasília(+1), órgão-alvo(+2), graduação específica(-4);graduação específica;Processo seletivo para concessão de FCE 3.07 (Chefe de Projeto II), na SINAPSE;https://oportunidades.sigepe.gov.br/oportunidades-portal/api/html/6986;21/08/2026;21/08/2026
6984;796/2026;2026;Ministério do Turismo;aberto;Encerra em: 7 dias;28/08/2026;0;;Brasília;Brasília(+1), órgão-alvo(+2), gratificação técnica(-3);;GSISTE, Nível Superior (NS) - COMOP;https://oportunidades.sigepe.gov.br/oportunidades-portal/api/html/6984;21/08/2026;21/08/2026
6982;799/2026;2026;Agência Nacional do Cinema;aberto;Encerra em: 7 dias;28/08/2026;-7;;;gratificação técnica(-3), nível médio/intermediário(-4);nível médio/intermediário;GSISP Nível Superior | GSISP Nível Intermediário;https://oportunidades.sigepe.gov.br/oportunidades-portal/api/html/6982;21/08/2026;21/08/2026
6981;827/2026;2026;Ministério da Fazenda;a abrir;Início das incrições: 24/08/2026;24/08/2026;2;;;órgão-alvo(+2);;Ouvidoria - SPA (GABIN) | Coordenação de Assuntos de Pessoal (COAP) | Coordenação-Geral de Autorização de Promoções Comerciais (CGPC);https://oportunidades.sigepe.gov.br/oportunidades-portal/api/html/6981;21/08/2026;21/08/2026
6980;795/2026;2026;Agência Nacional de Mineração;aberto;Encerra em: 0 dias;21/08/2026;-3;chefia baixa;;chefia baixa(-3);;Chefe da Divisão de Gestão de Serviços Gerais e Apoio Administrativo - DIVSGA/SEDE;https://oportunidades.sigepe.gov.br/oportunidades-portal/api/html/6980;21/08/2026;21/08/2026
6979;792/2026;2026;Ministério do Turismo;aberto;Encerra em: 14 dias;04/09/2026;4;coordenador (1.10);Brasília;coordenador (1.10)(+1), Brasília(+1), órgão-alvo(+2);;COORDENADOR FCE 1.10;https://oportunidades.sigepe.gov.br/oportunidades-portal/api/html/6979;21/08/2026;21/08/2026
6977;794/2026;2026;Ministério da Gestão e da Inovação em Serviços Públicos;aberto;Encerra em: 18 dias;08/09/2026;-1;;;órgão-alvo(+2), gratificação técnica(-3);;GSISTE - NS na Coordenação de Gestão e Parcerias/CENTRAL/SEGES/MGI | GSISTE - NS na Coordenação-Geral de Licitações/CENTRAL/SEGE/MGI;https://oportunidades.sigepe.gov.br/oportunidades-portal/api/html/6977;21/08/2026;21/08/2026
6976;793/2026;2026;Ministério da Gestão e da Inovação em Serviços Públicos;aberto;Encerra em: 18 dias;08/09/2026;-1;;;órgão-alvo(+2), gratificação técnica(-3);;GSISTE - NS na Coordenação-Geral de Licitações/CENTRAL/SEGE/MGI | GSISTE - NS na Coordenação de Gestão e Parcerias/CENTRAL/SEGES/MGI;https://oportunidades.sigepe.gov.br/oportunidades-portal/api/html/6976;21/08/2026;21/08/2026
6973;790/2026;2026;Ministério do Desenvolvimento e Assistência Social, Família e Combate à Fome;aberto;Encerra em: 23 dias;13/09/2026;-4;;Brasília;Brasília(+1), órgão-alvo(+2), gratificação técnica(-3), nível médio/intermediário(-4);nível médio/intermediário;Processo Seletivo 1 (uma) GSISP, NI, na área de Gestão e Planejamento de TI, na STI;https://oportunidades.sigepe.gov.br/oportunidades-portal/api/html/6973;21/08/2026;21/08/2026
6971;800/2026;2026;Ministério da Cultura;aberto;Encerra em: 25 dias;15/09/2026;-7;chefia baixa;;chefia baixa(-3), nível médio/intermediário(-4);nível médio/intermediário;Chefe de Divisão (FCE 1.07) para atuar na Coordenação-Geral de Fiscalização e Sanções da SDAI;https://oportunidades.sigepe.gov.br/oportunidades-portal/api/html/6971;21/08/2026;21/08/2026
6968;788/2026;2026;Ministério da Ciência, Tecnologia e Inovação;encerrado;Inscrições Encerradas;;-6;;Manaus/AM;Manaus/AM(-5), órgão-alvo(+2), gratificação técnica(-3);;Transformação Digital | Privacidade e Segurança da Informação;https://oportunidades.sigepe.gov.br/oportunidades-portal/api/html/6968;21/08/2026;21/08/2026
6967;789/2026;2026;Departamento Nacional de Infraestrutura de Transportes;aberto;Encerra em: 5 dias;26/08/2026;-3;;;infraestrutura(+1), nível médio/intermediário(-4);nível médio/intermediário;Servidores de nível médio ou superior - Núcleo de Desapropriação  - NDESP | Servidores de nivel médio ou superior  - Gabinete;https://oportunidades.sigepe.gov.br/oportunidades-portal/api/html/6967;21/08/2026;21/08/2026
6963;819/2026;2026;Ministério da Fazenda;a abrir;Início das incrições: 24/08/2026;24/08/2026;4;coordenador (1.10);Brasília;coordenador (1.10)(+1), Brasília(+1), órgão-alvo(+2);;Coordenador de Segurança da Informação - FCE - 1.10;https://oportunidades.sigepe.gov.br/oportunidades-portal/api/html/6963;21/08/2026;21/08/2026
6962;784/2026;2026;Ministério da Ciência, Tecnologia e Inovação;aberto;Encerra em: 5 dias;26/08/2026;-1;;;órgão-alvo(+2), gratificação técnica(-3);;2 (duas) vagas para concessão de GSISP, de Nível Superior (NS)  de que trata o art. 287 da Lei nº 11;https://oportunidades.sigepe.gov.br/oportunidades-portal/api/html/6962;21/08/2026;21/08/2026
6959;782.1/2026;2026;Controladoria-Geral da União;aberto;Encerra em: 0 dias;21/08/2026;0;;Brasília;Brasília(+1), órgão-alvo(+2), gratificação técnica(-3);;Chamada Pública para atuar na Secretaria Nacional de Transparência e Acesso à Informação - SNAI/CGU;https://oportunidades.sigepe.gov.br/oportunidades-portal/api/html/6959;21/08/2026;21/08/2026
6956;821/2026;2026;Ministério da Gestão e da Inovação em Serviços Públicos;a abrir;Início das incrições: 24/08/2026;24/08/2026;-1;;;órgão-alvo(+2), gratificação técnica(-3);;GSISTE de Nível SUPERIOR para atuar na Coordenação de Modernização Organizacional;https://oportunidades.sigepe.gov.br/oportunidades-portal/api/html/6956;21/08/2026;21/08/2026
6954;781/2026;2026;Superintendência Nacional de Previdência Complementar;encerrado;Inscrições Encerradas;;-3;;;gratificação técnica(-3);;Gratificação Temporária do Sistema de Administração de Recursos Humanos - GSISTE SIPEC;https://oportunidades.sigepe.gov.br/oportunidades-portal/api/html/6954;21/08/2026;21/08/2026
6953;787/2026;2026;Ministério dos Povos Indígenas;encerrado;Inscrições Encerradas;;-3;;;gratificação técnica(-3);;GSISTE NS - Sistema de Informações Organizacionais do Governo Federal (SIORG);https://oportunidades.sigepe.gov.br/oportunidades-portal/api/html/6953;21/08/2026;21/08/2026
6951;780/2026;2026;Ministério da Pesca e Aquicultura;encerrado;Inscrições Encerradas;;-3;chefia baixa;;chefia baixa(-3);;Chefe de Divisão;https://oportunidades.sigepe.gov.br/oportunidades-portal/api/html/6951;21/08/2026;21/08/2026
6950;778/2026;2026;Ministério da Pesca e Aquicultura;encerrado;Inscrições Encerradas;;0;;;;;Coordenação-Geral de Governança Estratégica;https://oportunidades.sigepe.gov.br/oportunidades-portal/api/html/6950;21/08/2026;21/08/2026
6949;791/2026;2026;Ministério da Agricultura e Pecuária;encerrado;Inscrições Encerradas;;0;;;;;Divisão de Qualidade de Vida no Trabalho - DIVQVT/CGASS;https://oportunidades.sigepe.gov.br/oportunidades-portal/api/html/6949;21/08/2026;21/08/2026
6947;779/2026;2026;Agência Nacional do Petróleo, Gás Natural e Biocombustíveis;aberto;Encerra em: 2 dias;23/08/2026;-8;;Rio de Janeiro/RJ;Rio de Janeiro/RJ(-5), gratificação técnica(-3);;GSISP de Nível Superior - área de Gestão de Dados e Informações.;https://oportunidades.sigepe.gov.br/oportunidades-portal/api/html/6947;21/08/2026;21/08/2026
6944;777/2026;2026;Ministério do Desenvolvimento Agrário e Agricultura Familiar;aberto;Encerra em: 3 dias;24/08/2026;-5;;;órgão-alvo(+2), gratificação técnica(-3), nível médio/intermediário(-4);nível médio/intermediário;¿CGGP/DIPEC -  1 (uma) vaga  GSISTE - SIPEC, NIVEL SUPERIOR | CGGP/CADPES - 1 (uma) vaga GSISTE - SIPEC, NIVEL INTERMEDIÁRIO;https://oportunidades.sigepe.gov.br/oportunidades-portal/api/html/6944;21/08/2026;21/08/2026
6941;783/2026;2026;Agência Nacional de Mineração;aberto;Encerra em: 0 dias;21/08/2026;-2;;Brasília;Brasília(+1), gratificação técnica(-3);;GSISTE - Gerência Executiva de Logística - GLOGI | GSISTE - Gerência Executiva de Administração e Finanças - GADFI;https://oportunidades.sigepe.gov.br/oportunidades-portal/api/html/6941;21/08/2026;21/08/2026
6938;823/2026;2026;Fundação Nacional dos Povos Indígenas;aberto;Encerra em: 18 dias;08/09/2026;0;;;;;UTL José Boiteux | UTL Joinville | Segat - Serviço de Gestão Ambiental e Territorial | Sedisc - Serviço de Promoção dos Direitos Sociais e Cidadania | UTL Porto Alegre | UTL Paranaguá | UTL Palhoça | Sead - Serviço de Apoio Administrativo | Seprot - Serviço de Proteção Territorial | UTL Cruz Alta;https://oportunidades.sigepe.gov.br/oportunidades-portal/api/html/6938;21/08/2026;21/08/2026
6937;775/2026;2026;Ministério do Turismo;aberto;Encerra em: 0 dias;21/08/2026;-5;chefia baixa;;chefia baixa(-3), órgão-alvo(+2), nível médio/intermediário(-4);nível médio/intermediário;SELEÇÃO AGENTE FISCAL DE TURISMO - FCE 3.04;https://oportunidades.sigepe.gov.br/oportunidades-portal/api/html/6937;21/08/2026;21/08/2026
6936;774/2026;2026;Instituto do Patrimônio Histórico e Artístico Nacional;encerrado;Inscrições Encerradas;;-7;;;gratificação técnica(-3), nível médio/intermediário(-4);nível médio/intermediário;GSISP de nível intermediário na área de Gestão e Planejamento de TI;https://oportunidades.sigepe.gov.br/oportunidades-portal/api/html/6936;21/08/2026;21/08/2026
6934;773/2026;2026;Ministério da Defesa;aberto;Encerra em: 7 dias;28/08/2026;-3;;;gratificação técnica(-3);;GSISP  Nível Superior   - Gestão e Planejamento de TI;https://oportunidades.sigepe.gov.br/oportunidades-portal/api/html/6934;21/08/2026;21/08/2026
6933;776/2026;2026;Presidência da República;aberto;Encerra em: 2 dias;23/08/2026;2;;;órgão-alvo(+2);;Assessoria Técnica ao Conselho Nacional de Fomento e Colaboração (CONFOCO);https://oportunidades.sigepe.gov.br/oportunidades-portal/api/html/6933;21/08/2026;21/08/2026
6932;810/2026;2026;Ministério do Esporte;aberto;Encerra em: 9 dias;30/08/2026;0;;;;;Composição de força de trabalho na Corregedoria do Ministério do Esporte;https://oportunidades.sigepe.gov.br/oportunidades-portal/api/html/6932;21/08/2026;21/08/2026
6931;771/2026;2026;Conselho Administrativo de Defesa Econômica;aberto;Encerra em: 2 dias;23/08/2026;2;;;órgão-alvo(+2);;Auditoria Interna - AUDIT;https://oportunidades.sigepe.gov.br/oportunidades-portal/api/html/6931;21/08/2026;21/08/2026
6929;769/2026;2026;Instituto do Patrimônio Histórico e Artístico Nacional;encerrado;Inscrições Encerradas;;1;coordenador (1.10);;coordenador (1.10)(+1);;FCE 1.10 de Coordenador na Coordenação-Geral de Fomento e Economia do Patrimônio - DAFE;https://oportunidades.sigepe.gov.br/oportunidades-portal/api/html/6929;21/08/2026;21/08/2026
6928;772/2026;2026;Ministério da Fazenda;encerrado;Inscrições Encerradas;;7;coordenador-geral;;coordenador-geral(+5), órgão-alvo(+2);;Coordenador(a) de Sistemas, código FCE 1.10 (R$ 4.455,87) | Coordenador(a) de Jogo Responsável, código FCE 1.10 (R$ 4.455,87) | Coordenador(a)-Geral de Fiscalização de Promoções Comerciais, código FCE 1.13 (R$ 8.651,81);https://oportunidades.sigepe.gov.br/oportunidades-portal/api/html/6928;21/08/2026;21/08/2026
6927;770/2026;2026;Conselho Administrativo de Defesa Econômica;aberto;Encerra em: 4 dias;25/08/2026;2;;;órgão-alvo(+2);;Assessoria de Comunicação Social - ASCOM;https://oportunidades.sigepe.gov.br/oportunidades-portal/api/html/6927;21/08/2026;21/08/2026
6923;786/2026;2026;Agência Nacional de Vigilância Sanitária;a abrir;Início das incrições: 24/08/2026;24/08/2026;0;;;;;Assistente da Assessoria Parlamentar - ASPAR;https://oportunidades.sigepe.gov.br/oportunidades-portal/api/html/6923;21/08/2026;21/08/2026
6922;766/2026;2026;Ministério do Desenvolvimento e Assistência Social, Família e Combate à Fome;encerrado;Inscrições Encerradas;;-4;;Brasília;Brasília(+1), órgão-alvo(+2), gratificação técnica(-3), nível médio/intermediário(-4);nível médio/intermediário;Processo seletivo para concessão de GSISP, NI, na área de Gestão e Planejamento de TI, na STI;https://oportunidades.sigepe.gov.br/oportunidades-portal/api/html/6922;21/08/2026;21/08/2026
6918;765/2026;2026;Conselho Nacional de Desenvolvimento Científico e Tecnológico;aberto;Encerra em: 2 dias;23/08/2026;0;;;;;Serviço de Apoio aos Órgãos Colegiados Vinculados - SEAOC;https://oportunidades.sigepe.gov.br/oportunidades-portal/api/html/6918;21/08/2026;21/08/2026
6915;768/2026;2026;Advocacia-Geral da União;aberto;Encerra em: 14 dias;04/09/2026;0;;;;;Desenvolvedor Full Stack - Ênfase em Python da Coordenação de Pesquisa de Ativos e Pessoas - COPAP;https://oportunidades.sigepe.gov.br/oportunidades-portal/api/html/6915;21/08/2026;21/08/2026
6912;767/2026;2026;Conselho Administrativo de Defesa Econômica;aberto;Encerra em: 7 dias;28/08/2026;2;;;órgão-alvo(+2);;Cargo de Arquivista - Serviço de Informação e Documentação (SIDOC);https://oportunidades.sigepe.gov.br/oportunidades-portal/api/html/6912;21/08/2026;21/08/2026
6911;760/2026;2026;Instituto do Patrimônio Histórico e Artístico Nacional;aberto;Encerra em: 14 dias;04/09/2026;-2;chefia baixa;Brasília;chefia baixa(-3), Brasília(+1);;FCE 1.05 na Coordenação de Recursos Logísticos/CGLOG/DPA;https://oportunidades.sigepe.gov.br/oportunidades-portal/api/html/6911;21/08/2026;21/08/2026
6910;761/2026;2026;Ministério do Desenvolvimento Agrário e Agricultura Familiar;encerrado;Inscrições Encerradas;;2;;;órgão-alvo(+2);;01 (uma) vaga CGOFC/MDA;https://oportunidades.sigepe.gov.br/oportunidades-portal/api/html/6910;21/08/2026;21/08/2026
6909;759/2026;2026;Instituto do Patrimônio Histórico e Artístico Nacional;aberto;Encerra em: 14 dias;04/09/2026;-2;chefia baixa;Brasília;chefia baixa(-3), Brasília(+1);;FCE 2.01 na Coordenação-Geral do Sistema Nacional de Patrimônio Cultural/DAFE;https://oportunidades.sigepe.gov.br/oportunidades-portal/api/html/6909;21/08/2026;21/08/2026
6908;758/2026;2026;Instituto do Patrimônio Histórico e Artístico Nacional;aberto;Encerra em: 14 dias;04/09/2026;-6;;Brasília;Brasília(+1), gratificação técnica(-3), nível médio/intermediário(-4);nível médio/intermediário;GSISTE de nível intermediário na Coordenação de Recursos Logísticos/CGLOG/DPA;https://oportunidades.sigepe.gov.br/oportunidades-portal/api/html/6908;21/08/2026;21/08/2026
6907;757/2026;2026;Instituto do Patrimônio Histórico e Artístico Nacional;aberto;Encerra em: 14 dias;04/09/2026;-2;chefia baixa;Brasília;chefia baixa(-3), Brasília(+1);;FCE 1.05 na Coordenação de Planejamento e Projetos - CPLAN/CGPLAN/DPA;https://oportunidades.sigepe.gov.br/oportunidades-portal/api/html/6907;21/08/2026;21/08/2026
6906;754/2026;2026;Controladoria-Geral da União;aberto;Encerra em: 0 dias;21/08/2026;-1;;;órgão-alvo(+2), gratificação técnica(-3);;Chamada Pública para atuar na SIP/CGU - Assuntos Internacionais;https://oportunidades.sigepe.gov.br/oportunidades-portal/api/html/6906;21/08/2026;21/08/2026
6905;755.1/2026;2026;Controladoria-Geral da União;aberto;Encerra em: 14 dias;04/09/2026;0;;Brasília;Brasília(+1), órgão-alvo(+2), gratificação técnica(-3);;Chamada Pública para atuar na SIP/CGU - Área Administrativa;https://oportunidades.sigepe.gov.br/oportunidades-portal/api/html/6905;21/08/2026;21/08/2026
6904;753.1/2026;2026;Controladoria-Geral da União;aberto;Encerra em: 14 dias;04/09/2026;0;;Brasília;Brasília(+1), órgão-alvo(+2), gratificação técnica(-3);;Chamada Pública para atuar na SIP/CGU - Apoio técnico, administrativo, operacional e pedagógico;https://oportunidades.sigepe.gov.br/oportunidades-portal/api/html/6904;21/08/2026;21/08/2026
6901;751.1/2026;2026;Ministério do Meio Ambiente e Mudança do Clima;encerrado;Inscrições Encerradas;;-1;chefia baixa;;chefia baixa(-3), órgão-alvo(+2);;FCE 3.05, Chefe de Projeto I;https://oportunidades.sigepe.gov.br/oportunidades-portal/api/html/6901;21/08/2026;21/08/2026
6900;763/2026;2026;Ministério da Gestão e da Inovação em Serviços Públicos;aberto;Encerra em: 10 dias;31/08/2026;-5;;;órgão-alvo(+2), gratificação técnica(-3), nível médio/intermediário(-4);nível médio/intermediário;GSISTE NI | GSISTE NS;https://oportunidades.sigepe.gov.br/oportunidades-portal/api/html/6900;21/08/2026;21/08/2026
6899;756.2/2026;2026;Ministério da Gestão e da Inovação em Serviços Públicos;encerrado;Inscrições Encerradas;;-5;;;órgão-alvo(+2), gratificação técnica(-3), nível médio/intermediário(-4);nível médio/intermediário;Cargo 4: Privacidade e Segurança da Informação | Cargo 6: Gestão e Planejamento de Tecnologia da Informação | Cargo 2 - Compartilhamento de Recursos Tecnológicos | Cargo 3: Gestão e Planejamento de Tecnologia da Informação | Cargo 5: Gestão de Dados e Informações | Cargo 1 - Gerenciamento de projetos;https://oportunidades.sigepe.gov.br/oportunidades-portal/api/html/6899;21/08/2026;21/08/2026
6898;750/2026;2026;Ministério do Meio Ambiente e Mudança do Clima;encerrado;Inscrições Encerradas;;-5;;;órgão-alvo(+2), gratificação técnica(-3), nível médio/intermediário(-4);nível médio/intermediário;GSISP de Nível Intermediário (NI);https://oportunidades.sigepe.gov.br/oportunidades-portal/api/html/6898;21/08/2026;21/08/2026
6897;746/2026;2026;Ministério do Desenvolvimento e Assistência Social, Família e Combate à Fome;encerrado;Inscrições Encerradas;;0;chefia baixa;Brasília;chefia baixa(-3), Brasília(+1), órgão-alvo(+2);;Processo seletivo para concessão de FCE 3.07 (Chefe de Projeto II), na SINAPSE;https://oportunidades.sigepe.gov.br/oportunidades-portal/api/html/6897;21/08/2026;21/08/2026
6896;745.2/2026;2026;Agência Espacial Brasileira;encerrado;Inscrições Encerradas;;-1;;;espacial(+2), gratificação técnica(-3);;GSISP de Nível Superior (NS), para área de Contratações de TI da Agência Espacial Brasileira;https://oportunidades.sigepe.gov.br/oportunidades-portal/api/html/6896;21/08/2026;21/08/2026
6895;744/2026;2026;Controladoria-Geral da União;aberto;Encerra em: 0 dias;21/08/2026;-4;;Brasília;Brasília(+1), órgão-alvo(+2), gratificação técnica(-3), nível médio/intermediário(-4);nível médio/intermediário;Chamada Pública para atuar na Coordenação de Gestão Documental - CGDOC/CGLCD/DGC/SE/CGU;https://oportunidades.sigepe.gov.br/oportunidades-portal/api/html/6895;21/08/2026;21/08/2026
6893;740/2026;2026;Ministério do Trabalho e Emprego;encerrado;Inscrições Encerradas;;-1;chefia baixa;;chefia baixa(-3), órgão-alvo(+2);;CHEFE DA DIVISÃO DE QUALIDADE DE VIDA E SAÚDE DO SERVIDOR - DQVS;https://oportunidades.sigepe.gov.br/oportunidades-portal/api/html/6893;21/08/2026;21/08/2026
6892;739/2026;2026;Fundação Escola Nacional de Administração Pública;encerrado;Inscrições Encerradas;;-5;;;órgão-alvo(+2), gratificação técnica(-3), nível médio/intermediário(-4);nível médio/intermediário;GAEG DE NÍVEL INTERMEDIÁRIO - CGLOG;https://oportunidades.sigepe.gov.br/oportunidades-portal/api/html/6892;21/08/2026;21/08/2026
6891;747/2026;2026;Advocacia-Geral da União;encerrado;Inscrições Encerradas;;0;;;;;Apoio Administrativo nas unidades da Procuradoria Regional da União da 1ª Região;https://oportunidades.sigepe.gov.br/oportunidades-portal/api/html/6891;21/08/2026;21/08/2026
6890;748/2026;2026;Agência Nacional de Mineração;aberto;Encerra em: 0 dias;21/08/2026;-8;chefia baixa;Na cidade de Maceió/AL;chefia baixa(-3), Na cidade de Maceió/AL(-5);;Chefe do Serviço de Apoio Logístico nos Estados de Sergipe e Alagoas - SERLOG/SEAL.;https://oportunidades.sigepe.gov.br/oportunidades-portal/api/html/6890;21/08/2026;21/08/2026
6889;743.1/2026;2026;Conselho de Controle de Atividades Financeiras;encerrado;Inscrições Encerradas;;1;coordenador (1.10);;coordenador (1.10)(+1);;CORPS/CGGES | CGPAD | Coordenador de Supervisão | CONOR/CGREG | Coordenador de Riscos e Planejamento | COREM/CGREG | CGFIS | COEDE/CGGES;https://oportunidades.sigepe.gov.br/oportunidades-portal/api/html/6889;21/08/2026;21/08/2026
6887;734.3/2026;2026;Ministério da Defesa;encerrado;Inscrições Encerradas;;1;coordenador (1.10);;coordenador (1.10)(+1);;Função Comissionada Executiva (FCE) 1.10 de Coordenador de Planejamento de Contratação;https://oportunidades.sigepe.gov.br/oportunidades-portal/api/html/6887;21/08/2026;21/08/2026
6886;752/2026;2026;Ministério da Gestão e da Inovação em Serviços Públicos;encerrado;Inscrições Encerradas;;-6;chefia baixa;SRA/AM;chefia baixa(-3), SRA/AM(-5), órgão-alvo(+2);;Cargo Comissionado Executivo de Assistente Técnico (CCE 2.03) SELIC;https://oportunidades.sigepe.gov.br/oportunidades-portal/api/html/6886;21/08/2026;21/08/2026
6883;742/2026;2026;Defensoria Pública da União;encerrado;Inscrições Encerradas;;1;;Brasília;Brasília(+1);;Ouvidoria-Geral da DPU em Brasília/DF;https://oportunidades.sigepe.gov.br/oportunidades-portal/api/html/6883;21/08/2026;21/08/2026
6882;733/2026;2026;Ministério do Desenvolvimento e Assistência Social, Família e Combate à Fome;encerrado;Inscrições Encerradas;;0;;Brasília;Brasília(+1), órgão-alvo(+2), gratificação técnica(-3);;Processo seletivo para concessão de GSISP, NS, na área de Privacidade e Segurança da Informação;https://oportunidades.sigepe.gov.br/oportunidades-portal/api/html/6882;21/08/2026;21/08/2026
6880;737/2026;2026;Ministério da Defesa;encerrado;Inscrições Encerradas;;-2;;Brasília;Brasília(+1), gratificação técnica(-3);;Uma vaga para ocupar GSISTE, nível superior, vinculada ao Sistema de Contabilidade.;https://oportunidades.sigepe.gov.br/oportunidades-portal/api/html/6880;21/08/2026;21/08/2026
6877;735/2026;2026;Ministério da Justiça e Segurança Pública;encerrado;Inscrições Encerradas;;4;coordenador (1.10);Brasília;coordenador (1.10)(+1), Brasília(+1), órgão-alvo(+2);;ASSESSOR (FCE 4.03) NA ÁREA DE POLÍTICAS DE CLASSIFICAÇÃO INDICATIVA COM PGD PARCIAL NO MJSP;https://oportunidades.sigepe.gov.br/oportunidades-portal/api/html/6877;21/08/2026;21/08/2026
6876;736/2026;2026;Ministério da Justiça e Segurança Pública;encerrado;Inscrições Encerradas;;0;chefia baixa;Brasília;chefia baixa(-3), Brasília(+1), órgão-alvo(+2);;CHEFE DE SERVIÇO DE CLASSIFICAÇÃO INDICATIVA (FCE 1.05) COM PGD PARCIAL NO MJSP;https://oportunidades.sigepe.gov.br/oportunidades-portal/api/html/6876;21/08/2026;21/08/2026
6875;731.1/2026;2026;Instituto do Patrimônio Histórico e Artístico Nacional;aberto;Encerra em: 7 dias;28/08/2026;-8;chefia baixa;Superintendência do Iphan/MG;chefia baixa(-3), Superintendência do Iphan/MG(-5);;FCE 2.02 de Assistente Técnico na Coordenação Técnica da Superintendência do Iphan/MG;https://oportunidades.sigepe.gov.br/oportunidades-portal/api/html/6875;21/08/2026;21/08/2026
6874;785/2026;2026;Agência Nacional de Vigilância Sanitária;aberto;Encerra em: 7 dias;28/08/2026;1;coordenador (1.10);;coordenador (1.10)(+1);;Coordenador Regional - CRPAF-SP/Anvisa;https://oportunidades.sigepe.gov.br/oportunidades-portal/api/html/6874;21/08/2026;21/08/2026
6873;762/2026;2026;Agência Nacional de Vigilância Sanitária;encerrado;Inscrições Encerradas;;1;coordenador (1.10);;coordenador (1.10)(+1);;Coordenador Estadual da CVPAF- AL/Anvisa;https://oportunidades.sigepe.gov.br/oportunidades-portal/api/html/6873;21/08/2026;21/08/2026
6872;729/2026;2026;Ministério do Desenvolvimento e Assistência Social, Família e Combate à Fome;encerrado;Inscrições Encerradas;;4;coordenador (1.10);Brasília;coordenador (1.10)(+1), Brasília(+1), órgão-alvo(+2);;Processo Seletivo para concessão de CCE 2.03 (Assessor Técnico Especializado), na DEBEN/SENARC;https://oportunidades.sigepe.gov.br/oportunidades-portal/api/html/6872;21/08/2026;21/08/2026
6862;741/2026;2026;Ministério da Saúde;encerrado;Inscrições Encerradas;;2;;;órgão-alvo(+2);;Apoio Administrativo;https://oportunidades.sigepe.gov.br/oportunidades-portal/api/html/6862;21/08/2026;21/08/2026
6861;732/2026;2026;Fundação Biblioteca Nacional;encerrado;Inscrições Encerradas;;-3;;;gratificação técnica(-3);;Edital Nº 3/2026 - GSISP - NÍVEL SUPERIOR - CONTRATAÇÕES DE TECNOLOGIAS DA INFORMAÇÃO;https://oportunidades.sigepe.gov.br/oportunidades-portal/api/html/6861;21/08/2026;21/08/2026
6859;727.1/2026;2026;Conselho de Controle de Atividades Financeiras;encerrado;Inscrições Encerradas;;-2;chefia baixa;;chefia baixa(-3), infraestrutura(+1);;FCE 1.07 - Chefe da Divisão de Infraestrutura de Tecnologia e Segurança da Informação;https://oportunidades.sigepe.gov.br/oportunidades-portal/api/html/6859;21/08/2026;21/08/2026
6858;723.1/2026;2026;Ministério do Empreendedorismo, da Microempresa e da Empresa de Pequeno Porte;encerrado;Inscrições Encerradas;;-3;;;gratificação técnica(-3);;Processo Seletivo para Gratificação GSISP - Contratações de Tecnologia da Informação.;https://oportunidades.sigepe.gov.br/oportunidades-portal/api/html/6858;21/08/2026;21/08/2026
6856;724/2026;2026;Ministério da Gestão e da Inovação em Serviços Públicos;encerrado;Inscrições Encerradas;;0;chefia baixa;Brasília;chefia baixa(-3), Brasília(+1), órgão-alvo(+2);;01 (uma) vaga para Função Comissionada Executiva - FCE 1.07 - Chefe de Divisão - CGPPE/DEPEC/SEST;https://oportunidades.sigepe.gov.br/oportunidades-portal/api/html/6856;21/08/2026;21/08/2026
6855;725/2026;2026;Ministério da Gestão e da Inovação em Serviços Públicos;encerrado;Inscrições Encerradas;;0;;;ciência de dados(+1), órgão-alvo(+2), gratificação técnica(-3);;GSISTE Nível Superior - Análise de processos e dados | GSISTE Nível Superior - Análise de processos e projetos;https://oportunidades.sigepe.gov.br/oportunidades-portal/api/html/6855;21/08/2026;21/08/2026
6854;718/2026;2026;Ministério da Integração e do Desenvolvimento Regional;encerrado;Inscrições Encerradas;;0;;;desenvolvimento regional(+1), órgão-alvo(+2), gratificação técnica(-3);;GSISTE - Divisão de Desenvolvimento de Pessoal - DDP/CDS/CGGP/DA/SE-MIDR;https://oportunidades.sigepe.gov.br/oportunidades-portal/api/html/6854;21/08/2026;21/08/2026
6853;717.2/2026;2026;Ministério da Ciência, Tecnologia e Inovação;encerrado;Inscrições Encerradas;;1;;;cenários(+3), prospecção(+2), infraestrutura(+1), órgão-alvo(+2), gratificação técnica(-3), nível médio/intermediário(-4);nível médio/intermediário;GSISP-NI (Perfil: Infraestrutura e Plataformas Digitais);https://oportunidades.sigepe.gov.br/oportunidades-portal/api/html/6853;21/08/2026;21/08/2026
6851;716.1/2026;2026;Superintendência Nacional de Previdência Complementar;encerrado;Inscrições Encerradas;;-3;;;gratificação técnica(-3);;Gratificação Temporária do Sistema de Administração dos Recursos de Tecnologia da Informação - GSISP;https://oportunidades.sigepe.gov.br/oportunidades-portal/api/html/6851;21/08/2026;21/08/2026
6850;720/2026;2026;Ministério da Integração e do Desenvolvimento Regional;encerrado;Inscrições Encerradas;;0;chefia baixa;;chefia baixa(-3), desenvolvimento regional(+1), órgão-alvo(+2);;FCE 1.07 - Chefe da Divisão de Desenvolvimento de Pessoal - DDP/CDS/CGGP/DA/SE-MIDR;https://oportunidades.sigepe.gov.br/oportunidades-portal/api/html/6850;21/08/2026;21/08/2026
6848;719/2026;2026;Ministério da Integração e do Desenvolvimento Regional;encerrado;Inscrições Encerradas;;0;chefia baixa;;chefia baixa(-3), desenvolvimento regional(+1), órgão-alvo(+2);;FCE 1.05 - Serviço de Gerenciamento da Política Institucional de Desenvolvimento de Pessoas/CDS/CGGP;https://oportunidades.sigepe.gov.br/oportunidades-portal/api/html/6848;21/08/2026;21/08/2026
6847;711.3/2026;2026;Ministério da Educação;encerrado;Inscrições Encerradas;;-4;;Brasília;Brasília(+1), órgão-alvo(+2), gratificação técnica(-3), nível médio/intermediário(-4);nível médio/intermediário;1 (uma) VAGA: GESTÃO E PLANEJAMENTO DE TI - GSISP de Nível Intermediário | 2 (duas) VAGAS: CONTRATAÇÕES DE TI - GSISP de Nível Intermediário;https://oportunidades.sigepe.gov.br/oportunidades-portal/api/html/6847;21/08/2026;21/08/2026
6846;722.2/2026;2026;Agência Brasileira de Inteligência;encerrado;Inscrições Encerradas;;-5;;Brasília;Brasília(+1), infraestrutura(+1), gratificação técnica(-3), nível médio/intermediário(-4);nível médio/intermediário;Infraestrutura e Plataformas Digitais;https://oportunidades.sigepe.gov.br/oportunidades-portal/api/html/6846;21/08/2026;21/08/2026
6845;714/2026;2026;Ministério da Integração e do Desenvolvimento Regional;encerrado;Inscrições Encerradas;;0;chefia baixa;;chefia baixa(-3), desenvolvimento regional(+1), órgão-alvo(+2);;1 vaga para FCE 1.07 - Corregedoria/MIDR;https://oportunidades.sigepe.gov.br/oportunidades-portal/api/html/6845;21/08/2026;21/08/2026
6837;709.1/2026;2026;Ministério da Ciência, Tecnologia e Inovação;encerrado;Inscrições Encerradas;;-1;;;órgão-alvo(+2), gratificação técnica(-3);;GSISP de Nível Superior - Contratações de Tecnologia da Informação;https://oportunidades.sigepe.gov.br/oportunidades-portal/api/html/6837;21/08/2026;21/08/2026
6833;738.1/2026;2026;Ministério da Agricultura e Pecuária;encerrado;Inscrições Encerradas;;-7;;;gratificação técnica(-3), nível médio/intermediário(-4);nível médio/intermediário;Fiscalização e Gestão de Contratos;https://oportunidades.sigepe.gov.br/oportunidades-portal/api/html/6833;21/08/2026;21/08/2026
6831;708/2026;2026;Comissão Nacional de Energia Nuclear;encerrado;Inscrições Encerradas;;-5;;Rio de Janeiro/RJ;Rio de Janeiro/RJ(-5);;ENGENHARIA DE SOFTWARE | INFRAESTRUTURA DE TI | CONTRATAÇÕES DE TIC (ELABORAÇÃO E GESTÃO DE CONTRATOS) | DESENVOLVIMENTO DE SISTEMAS (FULL-STACK) | ENGENHEIRO DE DADOS | SEGURANÇA DA INFORMAÇÃO E CIBERSEGURANÇA (GOVERNANÇA);https://oportunidades.sigepe.gov.br/oportunidades-portal/api/html/6831;21/08/2026;21/08/2026
6829;705.3/2026;2026;Ministério da Pesca e Aquicultura;encerrado;Inscrições Encerradas;;-3;chefia baixa;;chefia baixa(-3);;Chefe de Divisão;https://oportunidades.sigepe.gov.br/oportunidades-portal/api/html/6829;21/08/2026;21/08/2026
6827;704.3/2026;2026;Ministério da Pesca e Aquicultura;encerrado;Inscrições Encerradas;;-3;chefia baixa;;chefia baixa(-3);;Chefe de Divisão;https://oportunidades.sigepe.gov.br/oportunidades-portal/api/html/6827;21/08/2026;21/08/2026
6826;809/2026;2026;Agência Nacional de Telecomunicações;aberto;Encerra em: 5 dias;26/08/2026;-5;;Brasília;Brasília(+1), infraestrutura(+1), gratificação técnica(-3), nível médio/intermediário(-4);nível médio/intermediário;GSISP Nível Intermediário (NI) - Área de Infraestrutura e Plataformas Digitais;https://oportunidades.sigepe.gov.br/oportunidades-portal/api/html/6826;21/08/2026;21/08/2026
6825;703.2/2026;2026;Ministério da Pesca e Aquicultura;encerrado;Inscrições Encerradas;;-3;chefia baixa;;chefia baixa(-3);;Chefe de Divisão;https://oportunidades.sigepe.gov.br/oportunidades-portal/api/html/6825;21/08/2026;21/08/2026
6824;702.3/2026;2026;Ministério da Pesca e Aquicultura;encerrado;Inscrições Encerradas;;-3;chefia baixa;;chefia baixa(-3);;Chefe de Divisão;https://oportunidades.sigepe.gov.br/oportunidades-portal/api/html/6824;21/08/2026;21/08/2026
6823;701.3/2026;2026;Ministério da Pesca e Aquicultura;encerrado;Inscrições Encerradas;;1;coordenador (1.10);;coordenador (1.10)(+1);;Coordenador;https://oportunidades.sigepe.gov.br/oportunidades-portal/api/html/6823;21/08/2026;21/08/2026
6822;820/2026;2026;Agência Nacional de Proteção de Dados;aberto;Encerra em: 31 dias;21/09/2026;1;;Brasília;Brasília(+1);;REQUISITADO - CGS/SFI/ANPD;https://oportunidades.sigepe.gov.br/oportunidades-portal/api/html/6822;21/08/2026;21/08/2026
6821;700.2/2026;2026;Ministério da Pesca e Aquicultura;encerrado;Inscrições Encerradas;;1;coordenador (1.10);;coordenador (1.10)(+1);;Coordenador;https://oportunidades.sigepe.gov.br/oportunidades-portal/api/html/6821;21/08/2026;21/08/2026
6820;707/2026;2026;Ministério da Justiça e Segurança Pública;encerrado;Inscrições Encerradas;;4;coordenador (1.10);Brasília;coordenador (1.10)(+1), Brasília(+1), órgão-alvo(+2);;VAGAS PARA ASSESSOR (FCE 4.03) | VAGAS EM BRASÍLIA | VAGAS EM SÃO PAULO/SP | VAGA NO GABINETE DO DEPARTAMENTO DE MIGRAÇÕES | VAGA EM CAMPINAS/SP | VAGAS NA ÁREA COM ÊNFASE EM TECNOLOGIA DA INFORMAÇÃO | VAGA COM TELETRABALHO INTEGRAL;https://oportunidades.sigepe.gov.br/oportunidades-portal/api/html/6820;21/08/2026;21/08/2026
6819;699.2/2026;2026;Ministério da Pesca e Aquicultura;encerrado;Inscrições Encerradas;;1;coordenador (1.10);;coordenador (1.10)(+1);;Coordenador;https://oportunidades.sigepe.gov.br/oportunidades-portal/api/html/6819;21/08/2026;21/08/2026
6816;715.3/2026;2026;Universidade Federal de Campina Grande;encerrado;Inscrições Encerradas;;0;;;;;DEV - Teletrabalho integral | STI - INFRA - Teletrabalho integral;https://oportunidades.sigepe.gov.br/oportunidades-portal/api/html/6816;21/08/2026;21/08/2026
6813;697/2026;2026;Ministério do Desenvolvimento e Assistência Social, Família e Combate à Fome;encerrado;Inscrições Encerradas;;-4;;Brasília;Brasília(+1), órgão-alvo(+2), gratificação técnica(-3), nível médio/intermediário(-4);nível médio/intermediário;Processo Seletivo para concessão de GSISTE, NI, do SIGA, na CDA/CGLA;https://oportunidades.sigepe.gov.br/oportunidades-portal/api/html/6813;21/08/2026;21/08/2026
6809;726/2026;2026;Departamento Nacional de Infraestrutura de Transportes;encerrado;Inscrições Encerradas;;-3;;;infraestrutura(+1), nível médio/intermediário(-4);nível médio/intermediário;Servidores de nível médio e superior;https://oportunidades.sigepe.gov.br/oportunidades-portal/api/html/6809;21/08/2026;21/08/2026
6803;698.2/2026;2026;Ministério das Cidades;encerrado;Inscrições Encerradas;;4;;;planejamento estratégico(+2), órgão-alvo(+2);;Cessão FCE 4.07 - CPES-SEMOB;https://oportunidades.sigepe.gov.br/oportunidades-portal/api/html/6803;21/08/2026;21/08/2026
6802;691/2026;2026;Ministério do Desenvolvimento e Assistência Social, Família e Combate à Fome;encerrado;Inscrições Encerradas;;0;;Brasília;Brasília(+1), órgão-alvo(+2), gratificação técnica(-3);;Processo Seletivo para concessão de GSISTE, NS, SIPEC, na CODEP/CGGP;https://oportunidades.sigepe.gov.br/oportunidades-portal/api/html/6802;21/08/2026;21/08/2026
6798;693/2026;2026;Ministério da Gestão e da Inovação em Serviços Públicos;encerrado;Inscrições Encerradas;;-1;chefia baixa;;chefia baixa(-3), órgão-alvo(+2);;Função Comissionada Executiva - FCE 1.05 - Chefe do Serviço de Orçamento e Finanças da SRA-MGI-ES;https://oportunidades.sigepe.gov.br/oportunidades-portal/api/html/6798;21/08/2026;21/08/2026
6797;690/2026;2026;Defensoria Pública da União;encerrado;Inscrições Encerradas;;0;;;;;Área Administrativa na Coordenação de Processos de Inadimplência e Sanções Contratuais (CPIS);https://oportunidades.sigepe.gov.br/oportunidades-portal/api/html/6797;21/08/2026;21/08/2026
6795;749/2026;2026;Agência Nacional de Mineração;aberto;Encerra em: 0 dias;21/08/2026;-2;chefia baixa;Brasília;chefia baixa(-3), Brasília(+1);;Chefe do Serviço de Patrimônio e Almoxarifado da Sede - SERPAM/DF.;https://oportunidades.sigepe.gov.br/oportunidades-portal/api/html/6795;21/08/2026;21/08/2026
6794;694.1/2026;2026;Ministério da Gestão e da Inovação em Serviços Públicos;encerrado;Inscrições Encerradas;;-1;;;órgão-alvo(+2), gratificação técnica(-3);;GSISTE-NS - promoção de capacitação de IA no setor público;https://oportunidades.sigepe.gov.br/oportunidades-portal/api/html/6794;21/08/2026;21/08/2026
6780;687/2026;2026;Instituto do Patrimônio Histórico e Artístico Nacional;encerrado;Inscrições Encerradas;;-6;;Brasília;Brasília(+1), gratificação técnica(-3), nível médio/intermediário(-4);nível médio/intermediário;GSISP - Nível Intermediário - Privacidade e Segurança da Informação;https://oportunidades.sigepe.gov.br/oportunidades-portal/api/html/6780;21/08/2026;21/08/2026
6779;695/2026;2026;Departamento Nacional de Infraestrutura de Transportes;encerrado;Inscrições Encerradas;;1;;;infraestrutura(+1);;Analistas em Infraestrutura de Transportes - Engenharia;https://oportunidades.sigepe.gov.br/oportunidades-portal/api/html/6779;21/08/2026;21/08/2026
6778;696/2026;2026;Departamento Nacional de Infraestrutura de Transportes;encerrado;Inscrições Encerradas;;-2;chefia baixa;;chefia baixa(-3), infraestrutura(+1);;Chefe do Serviço de Operações Aquaviárias - FCE 1.05;https://oportunidades.sigepe.gov.br/oportunidades-portal/api/html/6778;21/08/2026;21/08/2026
6776;684.1/2026;2026;Ministério do Turismo;encerrado;Inscrições Encerradas;;-4;;;ciência de dados(+1), órgão-alvo(+2), gratificação técnica(-3), nível médio/intermediário(-4);nível médio/intermediário;GSISP de nível superior - área Gestão e Planejamento de TI: | GSISP de nível superior - área Privacidade e Segurança da Informação;https://oportunidades.sigepe.gov.br/oportunidades-portal/api/html/6776;21/08/2026;21/08/2026
6775;683.1/2026;2026;Presidência da República;encerrado;Inscrições Encerradas;;2;;;órgão-alvo(+2);;Chefia de Divisão;https://oportunidades.sigepe.gov.br/oportunidades-portal/api/html/6775;21/08/2026;21/08/2026
6774;686.2/2026;2026;Instituto Nacional de Metrologia, Qualidade e Tecnologia;encerrado;Inscrições Encerradas;;-4;;;urbano(+2), infraestrutura(+1), gratificação técnica(-3), nível médio/intermediário(-4);nível médio/intermediário;Vaga para GSISP de Nível Superior - Gestão de Dados e Informações | Vaga para GSISP de Nível Superior - Privacidade e Segurança da Informação | GSISP de Nível Intermediário - Infraestrutura e Plataformas Digitais;https://oportunidades.sigepe.gov.br/oportunidades-portal/api/html/6774;21/08/2026;21/08/2026
6773;682.2/2026;2026;Ministério da Ciência, Tecnologia e Inovação;encerrado;Inscrições Encerradas;;-1;;;órgão-alvo(+2), gratificação técnica(-3);;2 (duas) vagas para concessão de GSISP, de Nível Superior (NS) - CGTI;https://oportunidades.sigepe.gov.br/oportunidades-portal/api/html/6773;21/08/2026;21/08/2026
6772;689.2/2026;2026;Agência Nacional de Transportes Terrestres;encerrado;Inscrições Encerradas;;-2;;;órgão-alvo(+2), nível médio/intermediário(-4);nível médio/intermediário;01 (um) Cargo Comissionado Técnico - CCT IV, na Auditoria Interna na ANTT;https://oportunidades.sigepe.gov.br/oportunidades-portal/api/html/6772;21/08/2026;21/08/2026
6771;680.5/2026;2026;Instituto Brasileiro do Meio Ambiente e dos Recursos Naturais Renováveis;encerrado;Inscrições Encerradas;;-3;;;gratificação técnica(-3);;II - Contratações de Tecnologia da Informação | I -Transformação Digital | III - Privacidade e Segurança da Informação;https://oportunidades.sigepe.gov.br/oportunidades-portal/api/html/6771;21/08/2026;21/08/2026
6769;676/2026;2026;Ministério da Ciência, Tecnologia e Inovação;encerrado;Inscrições Encerradas;;-1;;;órgão-alvo(+2), gratificação técnica(-3);;2.2. GSISP de Privacidade e Segurança da Informação | 2.1. GSISP de Transformação Digital;https://oportunidades.sigepe.gov.br/oportunidades-portal/api/html/6769;21/08/2026;21/08/2026
6767;678.3/2026;2026;Instituto Brasileiro de Museus;encerrado;Inscrições Encerradas;;-4;;;nível médio/intermediário(-4);nível médio/intermediário;Nível Auxiliar - Jardineiro | Nível Superior - Produtor Cultural | Nível Superior - Restaurador E Conservador | Nível Auxiliar - Motorista | Nível Superior - Comunicador Social | Nível Superior - Arquivista | Nível Auxiliar - Agente de Segurança | Nível Superior - Engenheiro Civil | Nível Auxiliar - Artífice de Manutenção | Nível Superior - Biólogo ou Engenheiro Agrimensor ou Engenheiro Ambiental ;https://oportunidades.sigepe.gov.br/oportunidades-portal/api/html/6767;21/08/2026;21/08/2026
6765;677.1/2026;2026;Ministério do Meio Ambiente e Mudança do Clima;encerrado;Inscrições Encerradas;;-1;;;órgão-alvo(+2), gratificação técnica(-3);;GSISTE SIPEC, de Nível Superior (NS);https://oportunidades.sigepe.gov.br/oportunidades-portal/api/html/6765;21/08/2026;21/08/2026
6764;675/2026;2026;Controladoria-Geral da União;encerrado;Inscrições Encerradas;;-4;;Brasília;Brasília(+1), órgão-alvo(+2), gratificação técnica(-3), nível médio/intermediário(-4);nível médio/intermediário;Chamada Pública para atuar na Coordenação de Licitações - COLIC/CGLCD/DGC/SE/CGU (1 GSISTE DE NS) | Chamada Pública para atuar na Coordenação de Licitações - COLIC/CGLCD/DGC/SE/CGU (1 GSISTE DE NI);https://oportunidades.sigepe.gov.br/oportunidades-portal/api/html/6764;21/08/2026;21/08/2026
6763;685.1/2026;2026;Defensoria Pública da União;encerrado;Inscrições Encerradas;;0;;;;;Chamada pública para atuar na Secretaria de Ações Estratégicas da Defensoria Pública da União.;https://oportunidades.sigepe.gov.br/oportunidades-portal/api/html/6763;21/08/2026;21/08/2026
6761;672.2/2026;2026;Instituto Nacional de Tecnologia da Informação;encerrado;Inscrições Encerradas;;1;coordenador (1.10);;coordenador (1.10)(+1);;Coordenador de Gestão Estratégica de Pessoas - CCE 1.10;https://oportunidades.sigepe.gov.br/oportunidades-portal/api/html/6761;21/08/2026;21/08/2026
6757;669/2026;2026;Ministério do Desenvolvimento e Assistência Social, Família e Combate à Fome;encerrado;Inscrições Encerradas;;0;;Brasília;Brasília(+1), órgão-alvo(+2), gratificação técnica(-3);;Processo Seletivo 1 (uma) GSISP, NS, na área de Privacidade e Segurança da Informação, na STI;https://oportunidades.sigepe.gov.br/oportunidades-portal/api/html/6757;21/08/2026;21/08/2026
6756;668/2026;2026;Ministério do Desenvolvimento e Assistência Social, Família e Combate à Fome;encerrado;Inscrições Encerradas;;0;;Brasília;Brasília(+1), órgão-alvo(+2), gratificação técnica(-3);;Processo Seletivo 1 (uma) GSISP, NS, na área de Gestão de Dados e Informações, na STI;https://oportunidades.sigepe.gov.br/oportunidades-portal/api/html/6756;21/08/2026;21/08/2026
6754;667/2026;2026;Instituto do Patrimônio Histórico e Artístico Nacional;encerrado;Inscrições Encerradas;;-3;chefia baixa;;chefia baixa(-3);;FCE 2.01 de Assistente Técnico no Centro Nacional de Folclore e Cultura Popular;https://oportunidades.sigepe.gov.br/oportunidades-portal/api/html/6754;21/08/2026;21/08/2026
6753;673.1/2026;2026;Ministério da Integração e do Desenvolvimento Regional;encerrado;Inscrições Encerradas;;-3;chefia baixa;Brasília;chefia baixa(-3), Brasília(+1), desenvolvimento regional(+1), órgão-alvo(+2), nível médio/intermediário(-4);nível médio/intermediário;Assistente da Coordenação de Governança Institucional (FCE 2.07) - (CGOV/CGPRO/DGE/SE);https://oportunidades.sigepe.gov.br/oportunidades-portal/api/html/6753;21/08/2026;21/08/2026
6750;674/2026;2026;Conselho Administrativo de Defesa Econômica;encerrado;Inscrições Encerradas;;2;;;órgão-alvo(+2);;Serviço de Contabilidade - SECONT;https://oportunidades.sigepe.gov.br/oportunidades-portal/api/html/6750;21/08/2026;21/08/2026
6748;670/2026;2026;Controladoria-Geral da União;encerrado;Inscrições Encerradas;;0;;Brasília;Brasília(+1), órgão-alvo(+2), gratificação técnica(-3);;Chamada Pública para atuar na Coordenação de Desenvolvimento e Capacitação - CDCAP/COGEP;https://oportunidades.sigepe.gov.br/oportunidades-portal/api/html/6748;21/08/2026;21/08/2026
6745;665.1/2026;2026;Ministério da Gestão e da Inovação em Serviços Públicos;encerrado;Inscrições Encerradas;;-11;chefia baixa;FCE 1.04 EM SALVADOR/BA;chefia baixa(-3), FCE 1.04 EM SALVADOR/BA(-5), urbano(+2), órgão-alvo(+2), gratificação técnica(-3), nível médio/intermediário(-4);nível médio/intermediário;FCE 1.04 EM SALVADOR/BA (CHEFIA DA SEÇÃO DE GESTÃO DOCUMENTAL E DE TRANSPORTE) | COMPOSIÇÃO DE FORÇA DE TRABALHO EM SALVADOR/BA (DIVISÃO DE ADMINISTRAÇÃO E LOGÍSTICA). | COMPOSIÇÃO DE FORÇA DE TRABALHO EM SALVADOR/BA (DIVISÃO DE ORÇAMENTO E FINANÇAS). | GSISTE NS EM SALVADOR/BA;https://oportunidades.sigepe.gov.br/oportunidades-portal/api/html/6745;21/08/2026;21/08/2026
6743;679.3/2026;2026;Ministério dos Povos Indígenas;encerrado;Inscrições Encerradas;;-7;;;gratificação técnica(-3), nível médio/intermediário(-4);nível médio/intermediário;Gestão e Planejamento de Tecnologia da Informação | Transformação Digital | Privacidade e Segurança da Informação | Gestão de Dados e Informações;https://oportunidades.sigepe.gov.br/oportunidades-portal/api/html/6743;21/08/2026;21/08/2026
6741;666.2/2026;2026;Ministério da Ciência, Tecnologia e Inovação;encerrado;Inscrições Encerradas;;-5;;;órgão-alvo(+2), gratificação técnica(-3), graduação específica(-4);"graduação específica; área da saúde";GSISTE - Médico servidor(a) ocupante de cargo de provimento efetivo da Administração Pública;https://oportunidades.sigepe.gov.br/oportunidades-portal/api/html/6741;21/08/2026;21/08/2026
6740;671.2/2026;2026;Ministério do Trabalho e Emprego;encerrado;Inscrições Encerradas;;-1;chefia baixa;;chefia baixa(-3), órgão-alvo(+2);;CHEFE DA DIVISÃO DE DIMENSIONAMENTO DA FORÇA DE TRABALHO;https://oportunidades.sigepe.gov.br/oportunidades-portal/api/html/6740;21/08/2026;21/08/2026
6737;661.1/2026;2026;Agência Espacial Brasileira;encerrado;Inscrições Encerradas;;-1;;;espacial(+2), gratificação técnica(-3);;GSISTE de Nível Superior (NS), para Coordenação de Orçamento e Finanças da AEB;https://oportunidades.sigepe.gov.br/oportunidades-portal/api/html/6737;21/08/2026;21/08/2026
6736;662.3/2026;2026;Ministério da Ciência, Tecnologia e Inovação;encerrado;Inscrições Encerradas;;-5;chefia baixa;;chefia baixa(-3), órgão-alvo(+2), nível médio/intermediário(-4);nível médio/intermediário;1 (uma) vaga para designação de Função Comissionada Executiva de Assistente Técnico, código FCE 2.05;https://oportunidades.sigepe.gov.br/oportunidades-portal/api/html/6736;21/08/2026;21/08/2026
6735;664.1/2026;2026;Fundação Coordenação de Aperfeiçoamento de Pessoal de Nível Superior;encerrado;Inscrições Encerradas;;-3;chefia baixa;;chefia baixa(-3);;Chefe da Divisão de Estudos da Coordenação de Estudos Avançados;https://oportunidades.sigepe.gov.br/oportunidades-portal/api/html/6735;21/08/2026;21/08/2026
6734;663.1/2026;2026;Fundação Coordenação de Aperfeiçoamento de Pessoal de Nível Superior;encerrado;Inscrições Encerradas;;1;coordenador (1.10);;coordenador (1.10)(+1);;Coordenador(a) da Coordenação de Estudos Avançados;https://oportunidades.sigepe.gov.br/oportunidades-portal/api/html/6734;21/08/2026;21/08/2026
6732;764/2026;2026;Ministério da Saúde;aberto;Encerra em: 10 dias;31/08/2026;-3;;SMSA/MS;SMSA/MS(-5), órgão-alvo(+2);;Vagas para o Serviço de Gestão de Pessoas SEGEP/SMSA/MS/BA | Vagas para a Divisão de Transferência de Recursos DITRE/SMSA/MS/BA | Vagas para o Serviço de Articulação Interfederativa e Participativa SEINP/SMSA/MS/BA | Vagas para o Serviço de Logística Administrativa SELOA/SMSA/MS/BA;https://oportunidades.sigepe.gov.br/oportunidades-portal/api/html/6732;21/08/2026;21/08/2026
6731;660.2/2026;2026;Ministério das Cidades;encerrado;Inscrições Encerradas;;-1;;;órgão-alvo(+2), gratificação técnica(-3);;GSISP Nível Superior, área de Gestão e Planejamento de TI;https://oportunidades.sigepe.gov.br/oportunidades-portal/api/html/6731;21/08/2026;21/08/2026
6727;657.3/2026;2026;Ministério da Saúde;encerrado;Inscrições Encerradas;;3;coordenador (1.10);;coordenador (1.10)(+1), órgão-alvo(+2);;FCE 1.11 - Coordenador de Gestão de Planejamento em TIC;https://oportunidades.sigepe.gov.br/oportunidades-portal/api/html/6727;21/08/2026;21/08/2026
6726;652/2026;2026;Superintendência do Desenvolvimento do Centro-Oeste;encerrado;Inscrições Encerradas;;-2;;Brasília;Brasília(+1), gratificação técnica(-3);;Gratificação Temporária das Unidades dos Sistemas Estruturadores da Administração Pública Federal (G;https://oportunidades.sigepe.gov.br/oportunidades-portal/api/html/6726;21/08/2026;21/08/2026
6725;658.1/2026;2026;Ministério do Planejamento e Orçamento;encerrado;Inscrições Encerradas;;6;coordenador (1.10);;coordenador (1.10)(+1), avaliação de políticas(+2), políticas públicas(+1), órgão-alvo(+2);;Seleção para Coordenador FCE 1.10;https://oportunidades.sigepe.gov.br/oportunidades-portal/api/html/6725;21/08/2026;21/08/2026
6723;650.1/2026;2026;Fundação Escola Nacional de Administração Pública;encerrado;Inscrições Encerradas;;-5;;;órgão-alvo(+2), gratificação técnica(-3), nível médio/intermediário(-4);nível médio/intermediário;GAEG DE NÍVEl INTERMEDIÁRIO - CGLOG;https://oportunidades.sigepe.gov.br/oportunidades-portal/api/html/6723;21/08/2026;21/08/2026
6722;651.1/2026;2026;Defensoria Pública da União;encerrado;Inscrições Encerradas;;-5;;Cartório da DPU em Santatém/PA;Cartório da DPU em Santatém/PA(-5);;Divisão de Atendimento e Cartório da DPU em Santatém/PA;https://oportunidades.sigepe.gov.br/oportunidades-portal/api/html/6722;21/08/2026;21/08/2026
6719;649.1/2026;2026;Instituto Nacional da Propriedade Industrial;encerrado;Inscrições Encerradas;;-4;;CGCOM/PR;CGCOM/PR(-5), infraestrutura(+1);;DIPRE - Seleção de Força de Trabalho - Perfil 01 | DIPRE - Seleção de Força de Trabalho - Perfil 02;https://oportunidades.sigepe.gov.br/oportunidades-portal/api/html/6719;21/08/2026;21/08/2026
6718;653/2026;2026;Ministério dos Direitos Humanos e da Cidadania;encerrado;Inscrições Encerradas;;-2;coordenador (1.10);;coordenador (1.10)(+1), gratificação técnica(-3);;Coordenação de Desenvolvimento de Pessoas - FCE 1.10 com GSISTE/NM - SIPEC;https://oportunidades.sigepe.gov.br/oportunidades-portal/api/html/6718;21/08/2026;21/08/2026
6716;648.2/2026;2026;Ministério da Gestão e da Inovação em Serviços Públicos;encerrado;Inscrições Encerradas;;-5;;;órgão-alvo(+2), gratificação técnica(-3), nível médio/intermediário(-4);nível médio/intermediário;GSISP Nível Intermediário - Programa Startup GOV.BR;https://oportunidades.sigepe.gov.br/oportunidades-portal/api/html/6716;21/08/2026;21/08/2026
6712;646.1/2026;2026;Ministério da Educação;encerrado;Inscrições Encerradas;;-1;;;órgão-alvo(+2), gratificação técnica(-3);;1 (uma) VAGA: GSISP - Contratações de TI de Nível Superior.;https://oportunidades.sigepe.gov.br/oportunidades-portal/api/html/6712;21/08/2026;21/08/2026
6711;644/2026;2026;Ministério da Gestão e da Inovação em Serviços Públicos;encerrado;Inscrições Encerradas;;-4;;Brasília;Brasília(+1), órgão-alvo(+2), gratificação técnica(-3), nível médio/intermediário(-4);nível médio/intermediário;GSISTE -Nível Intermediário (órgão central) para atuação na gestão e análise de dados de pessoal;https://oportunidades.sigepe.gov.br/oportunidades-portal/api/html/6711;21/08/2026;21/08/2026
6709;641/2026;2026;Ministério da Gestão e da Inovação em Serviços Públicos;encerrado;Inscrições Encerradas;;0;;Brasília;Brasília(+1), órgão-alvo(+2), gratificação técnica(-3);;GSISTE -Nível Superior (órgão central) para atuação na gestão e análise de dados de pessoal;https://oportunidades.sigepe.gov.br/oportunidades-portal/api/html/6709;21/08/2026;21/08/2026
6707;638.2/2026;2026;Fundação Cultural Palmares;encerrado;Inscrições Encerradas;;0;;;;;FCE 4.05;https://oportunidades.sigepe.gov.br/oportunidades-portal/api/html/6707;21/08/2026;21/08/2026
6706;654.1/2026;2026;Ministério da Justiça e Segurança Pública;encerrado;Inscrições Encerradas;;3;;Brasília;Brasília(+1), órgão-alvo(+2);;REQUISITADO-Biblioteconomia-CGEP/SITEC/ANPD;https://oportunidades.sigepe.gov.br/oportunidades-portal/api/html/6706;21/08/2026;21/08/2026
6705;637.3/2026;2026;Ministério da Ciência, Tecnologia e Inovação;encerrado;Inscrições Encerradas;;-2;;;órgão-alvo(+2), nível médio/intermediário(-4);nível médio/intermediário;NÍVEL SUPERIOR / TRANSFORMAÇÃO DIGITAL | NÍVEL INTERMEDIÁRIO / CONTRATAÇÕES DE TECNOLOGIA DA INFORMAÇÃO;https://oportunidades.sigepe.gov.br/oportunidades-portal/api/html/6705;21/08/2026;21/08/2026
6704;639.3/2026;2026;Ministério do Desenvolvimento Agrário e Agricultura Familiar;encerrado;Inscrições Encerradas;;2;;;órgão-alvo(+2);;3 (três) vagas - CGLOG/MDA;https://oportunidades.sigepe.gov.br/oportunidades-portal/api/html/6704;21/08/2026;21/08/2026
6700;640.1/2026;2026;Ministério da Gestão e da Inovação em Serviços Públicos;encerrado;Inscrições Encerradas;;-1;;;órgão-alvo(+2), gratificação técnica(-3);;GSISP-NS - Especialista em UX para atuar junto a órgãos e entidades federais;https://oportunidades.sigepe.gov.br/oportunidades-portal/api/html/6700;21/08/2026;21/08/2026
6699;635.1/2026;2026;Ministério da Integração e do Desenvolvimento Regional;encerrado;Inscrições Encerradas;;1;;Brasília;Brasília(+1), desenvolvimento regional(+1), órgão-alvo(+2), gratificação técnica(-3);;2 vagas para GSISP de nível superior na Coordenação de Governança de TI (CGOVTI/DTI);https://oportunidades.sigepe.gov.br/oportunidades-portal/api/html/6699;21/08/2026;21/08/2026
6698;643.1/2026;2026;Ministério da Justiça e Segurança Pública;encerrado;Inscrições Encerradas;;0;chefia baixa;Brasília;chefia baixa(-3), Brasília(+1), órgão-alvo(+2);;CHEFE DE DIVISÃO NA ÁREA DE CONVÊNIOS E PARCERIAS (FCE 1.07) COM TELETRABALHO PARCIAL NO MJSP;https://oportunidades.sigepe.gov.br/oportunidades-portal/api/html/6698;21/08/2026;21/08/2026
6697;642.1/2026;2026;Ministério da Gestão e da Inovação em Serviços Públicos;encerrado;Inscrições Encerradas;;-1;;;órgão-alvo(+2), gratificação técnica(-3);;Vaga para GSISTE de Nível Superior;https://oportunidades.sigepe.gov.br/oportunidades-portal/api/html/6697;21/08/2026;21/08/2026
6696;636.1/2026;2026;Ministério da Integração e do Desenvolvimento Regional;encerrado;Inscrições Encerradas;;-5;;DIGEC/SE;DIGEC/SE(-5), desenvolvimento regional(+1), órgão-alvo(+2), gratificação técnica(-3);;GSISTE - SIGPAR (CGIgeo/DIGEC/SE);https://oportunidades.sigepe.gov.br/oportunidades-portal/api/html/6696;21/08/2026;21/08/2026
6693;632.1/2026;2026;Instituto Nacional de Tecnologia da Informação;encerrado;Inscrições Encerradas;;-3;chefia baixa;;chefia baixa(-3);;Chefe do Serviço de Segurança da Informação (SSI),  código FCE 1.05.;https://oportunidades.sigepe.gov.br/oportunidades-portal/api/html/6693;21/08/2026;21/08/2026
6686;630.1/2026;2026;Defensoria Pública da União;encerrado;Inscrições Encerradas;;-5;;União - Florianópolis/SC;União - Florianópolis/SC(-5);;Setor de Administração/Gestão de Pessoas da Defensoria Pública da União - Florianópolis/SC.;https://oportunidades.sigepe.gov.br/oportunidades-portal/api/html/6686;21/08/2026;21/08/2026
6684;631.3/2026;2026;Ministério da Agricultura e Pecuária;encerrado;Inscrições Encerradas;;-5;;SGP/SE;SGP/SE(-5);;Alteração de exercício para compor força de trabalho com horário flexível em PGD;https://oportunidades.sigepe.gov.br/oportunidades-portal/api/html/6684;21/08/2026;21/08/2026
6681;634.2/2026;2026;Ministério da Gestão e da Inovação em Serviços Públicos;encerrado;Inscrições Encerradas;;-5;;;órgão-alvo(+2), gratificação técnica(-3), nível médio/intermediário(-4);nível médio/intermediário;GSISTE de nível médio na Coordenação Geral de Gestão da Informação - CGINF/SEGES/MGI | GSISTE de nível superior na Coordenação Geral de Gestão da Informação - CGINF/SEGES/MGI;https://oportunidades.sigepe.gov.br/oportunidades-portal/api/html/6681;21/08/2026;21/08/2026
6676;629.2/2026;2026;Ministério da Previdência Social;encerrado;Inscrições Encerradas;;-1;;;órgão-alvo(+2), gratificação técnica(-3);;PROCESSO SELETIVO - CESSÃO - GSISP NS - PRIVACIDADE E SEGURANÇA DA INFORMAÇÃO;https://oportunidades.sigepe.gov.br/oportunidades-portal/api/html/6676;21/08/2026;21/08/2026
6675;624.1/2026;2026;Agência Espacial Brasileira;encerrado;Inscrições Encerradas;;-1;;;espacial(+2), gratificação técnica(-3);;GSISP de Nível Superior (NS), para área de Contratações de TI da Agência Espacial Brasileira;https://oportunidades.sigepe.gov.br/oportunidades-portal/api/html/6675;21/08/2026;21/08/2026
6673;655/2026;2026;Agência Nacional do Petróleo, Gás Natural e Biocombustíveis;encerrado;Inscrições Encerradas;;-3;;;gratificação técnica(-3);;GSISP de Nível Superior;https://oportunidades.sigepe.gov.br/oportunidades-portal/api/html/6673;21/08/2026;21/08/2026
6665;620.1/2026;2026;Fundação Cultural Palmares;encerrado;Inscrições Encerradas;;-3;;;gratificação técnica(-3);;GSISP de Nivel Superior;https://oportunidades.sigepe.gov.br/oportunidades-portal/api/html/6665;21/08/2026;21/08/2026
6663;622/2026;2026;Ministério da Defesa;encerrado;Inscrições Encerradas;;-6;;;infraestrutura(+1), gratificação técnica(-3), nível médio/intermediário(-4);nível médio/intermediário;GSISP - NÍVEL INTERMEDIÁRIO - Infraestrutura e Plataformas Digitais;https://oportunidades.sigepe.gov.br/oportunidades-portal/api/html/6663;21/08/2026;21/08/2026
6662;619.1/2026;2026;Controladoria-Geral da União;encerrado;Inscrições Encerradas;;-3;;DTI/SE;DTI/SE(-5), órgão-alvo(+2);;Chamada Pública para atuar na Coordenação-Geral de Infraestrutura Tecnológica (CGTEC/DTI/SE/CGU);https://oportunidades.sigepe.gov.br/oportunidades-portal/api/html/6662;21/08/2026;21/08/2026
6661;616.1/2026;2026;Ministério da Gestão e da Inovação em Serviços Públicos;encerrado;Inscrições Encerradas;;3;coordenador (1.10);;coordenador (1.10)(+1), órgão-alvo(+2);;Função Comissionada Executiva (FCE) 2.10 - Assessor Técnico - CGASE/DEGOV/SEST;https://oportunidades.sigepe.gov.br/oportunidades-portal/api/html/6661;21/08/2026;21/08/2026
6660;618.2/2026;2026;Ministério da Ciência, Tecnologia e Inovação;encerrado;Inscrições Encerradas;;-5;;;órgão-alvo(+2), gratificação técnica(-3), nível médio/intermediário(-4);nível médio/intermediário;GSISP de Nível Superior - Contratações de Tecnologia da Informação | GSISP de Nível Médio - Gestão e Planejamento de Tecnologia da Informação | GSISP de Nível Médio - Privacidade e Segurança da Informação;https://oportunidades.sigepe.gov.br/oportunidades-portal/api/html/6660;21/08/2026;21/08/2026
6659;617.1/2026;2026;Ministério da Gestão e da Inovação em Serviços Públicos;encerrado;Inscrições Encerradas;;-2;;;órgão-alvo(+2), nível médio/intermediário(-4);nível médio/intermediário;QUATRO VAGAS NO SETOR LOGÍSTICO DA SRA-GO-TO/MGI;https://oportunidades.sigepe.gov.br/oportunidades-portal/api/html/6659;21/08/2026;21/08/2026
6652;607/2026;2026;Ministério de Minas e Energia;encerrado;Inscrições Encerradas;;5;coordenador-geral;;coordenador-geral(+5);;Coordenador-Geral de Biodiesel e Outros Combustíveis Renováveis | FCE 1.13;https://oportunidades.sigepe.gov.br/oportunidades-portal/api/html/6652;21/08/2026;21/08/2026
6651;603/2026;2026;Ministério do Desenvolvimento e Assistência Social, Família e Combate à Fome;encerrado;Inscrições Encerradas;;0;;Brasília;Brasília(+1), órgão-alvo(+2), gratificação técnica(-3);;Processo Seletivo para 2 (duas) GSISTES, NS, do SIGPAR, na SGT;https://oportunidades.sigepe.gov.br/oportunidades-portal/api/html/6651;21/08/2026;21/08/2026
6650;610.1/2026;2026;Fundação Nacional de Saúde;encerrado;Inscrições Encerradas;;-9;;Belo Horizonte/MG;Belo Horizonte/MG(-5), nível médio/intermediário(-4);nível médio/intermediário;Apoio Técnico-Administrativo - COESP/SUEST-MG - Saneamento - SEI - TransfereGov - Cessão | Engenharia Civil ou Ambiental e Sanitária - COESP/SUEST-MG - Saneamento TransfereGov Obras Cessão;https://oportunidades.sigepe.gov.br/oportunidades-portal/api/html/6650;21/08/2026;21/08/2026
6649;614.2/2026;2026;Ministério da Gestão e da Inovação em Serviços Públicos;encerrado;Inscrições Encerradas;;-1;;Brasília;Brasília(+1), órgão-alvo(+2), nível médio/intermediário(-4);nível médio/intermediário;Gestão, Inovação e Operação do Sistema Estruturante de Gestão de Pessoas do SIPEC;https://oportunidades.sigepe.gov.br/oportunidades-portal/api/html/6649;21/08/2026;21/08/2026
6646;615.2/2026;2026;Instituto Nacional de Metrologia, Qualidade e Tecnologia;encerrado;Inscrições Encerradas;;0;;;;;Vaga de nível superior para atuação na Diretoria de Metrologia Científica, Industrial e Tecnologia;https://oportunidades.sigepe.gov.br/oportunidades-portal/api/html/6646;21/08/2026;21/08/2026
6645;611.2/2026;2026;Instituto Brasileiro de Museus;encerrado;Inscrições Encerradas;;0;;;;;Instituto Brasileiro de Museus - IBRAM;https://oportunidades.sigepe.gov.br/oportunidades-portal/api/html/6645;21/08/2026;21/08/2026
6643;604.1/2026;2026;Conselho Administrativo de Defesa Econômica;encerrado;Inscrições Encerradas;;-1;chefia baixa;;chefia baixa(-3), órgão-alvo(+2);;Chefe da Seção de Apoio à Gestão Estratégica de Pessoas;https://oportunidades.sigepe.gov.br/oportunidades-portal/api/html/6643;21/08/2026;21/08/2026
6641;599.2/2026;2026;Ministério dos Direitos Humanos e da Cidadania;encerrado;Inscrições Encerradas;;-3;;;gratificação técnica(-3);;GSISTE-NS/SIGPAR junto à Coordenação-Geral de Acompanhamento de Parcerias (CGAP/SNDCA);https://oportunidades.sigepe.gov.br/oportunidades-portal/api/html/6641;21/08/2026;21/08/2026
6635;595/2026;2026;Ministério do Desenvolvimento e Assistência Social, Família e Combate à Fome;encerrado;Inscrições Encerradas;;4;coordenador (1.10);Brasília;coordenador (1.10)(+1), Brasília(+1), órgão-alvo(+2);;Processo Seletivo para 1 (uma) vaga de Coordenador (FCE 1.10), na DEC/SNCF;https://oportunidades.sigepe.gov.br/oportunidades-portal/api/html/6635;21/08/2026;21/08/2026
6634;596.1/2026;2026;Ministério da Educação;encerrado;Inscrições Encerradas;;3;;Brasília;Brasília(+1), órgão-alvo(+2);;Cargo Comissionado Executivo (CCE) 2.03;https://oportunidades.sigepe.gov.br/oportunidades-portal/api/html/6634;21/08/2026;21/08/2026
6633;600.1/2026;2026;Ministério da Gestão e da Inovação em Serviços Públicos;encerrado;Inscrições Encerradas;;-1;;;órgão-alvo(+2), gratificação técnica(-3);;Sistemas Estruturantes de Gestão de Pessoal - Foco em eSocial;https://oportunidades.sigepe.gov.br/oportunidades-portal/api/html/6633;21/08/2026;21/08/2026
6632;613.1/2026;2026;Fundação Nacional dos Povos Indígenas;encerrado;Inscrições Encerradas;;1;;Brasília;Brasília(+1);;Frente de Planejamento da Contratação | Frente de Sanções Contratuais | Frente de Fase Externa da Contratação;https://oportunidades.sigepe.gov.br/oportunidades-portal/api/html/6632;21/08/2026;21/08/2026
6631;594.1/2026;2026;Ministério da Justiça e Segurança Pública;encerrado;Inscrições Encerradas;;3;;Brasília;Brasília(+1), órgão-alvo(+2);;QUATRO VAGAS NA ÁREA DE TIC DO MJSP;https://oportunidades.sigepe.gov.br/oportunidades-portal/api/html/6631;21/08/2026;21/08/2026
6630;593/2026;2026;Ministério da Defesa;encerrado;Inscrições Encerradas;;-3;chefia baixa;;chefia baixa(-3);;FCE 3.07 - Chefe de Projeto II;https://oportunidades.sigepe.gov.br/oportunidades-portal/api/html/6630;21/08/2026;21/08/2026
6627;590.1/2026;2026;Ministério da Justiça e Segurança Pública;encerrado;Inscrições Encerradas;;4;coordenador (1.10);Brasília;coordenador (1.10)(+1), Brasília(+1), órgão-alvo(+2);;ASSESSOR TÉCNICO-ESPECIALIZADO (FCE 4.05) NA ÁREA DE GESTÃO DE PESSOAS DO MJSP;https://oportunidades.sigepe.gov.br/oportunidades-portal/api/html/6627;21/08/2026;21/08/2026
6625;598.2/2026;2026;Agência Nacional de Transportes Terrestres;encerrado;Inscrições Encerradas;;-2;;;infraestrutura(+1), gratificação técnica(-3);;01 vaga de GSISP de Nível Superior, com atuação na área de Privacidade e Segurança da Informação;https://oportunidades.sigepe.gov.br/oportunidades-portal/api/html/6625;21/08/2026;21/08/2026
6623;588.3/2026;2026;Ministério da Cultura;encerrado;Inscrições Encerradas;;-4;;;nível médio/intermediário(-4);nível médio/intermediário;Servidor público federal, ocupante de cargo efetivo de nível médio ou superior;https://oportunidades.sigepe.gov.br/oportunidades-portal/api/html/6623;21/08/2026;21/08/2026
6615;591.1/2026;2026;Ministério da Saúde;encerrado;Inscrições Encerradas;;0;;;infraestrutura(+1), órgão-alvo(+2), gratificação técnica(-3);;GSISP - Nível Superior - Área Infraestrutura e Plataformas Digitais;https://oportunidades.sigepe.gov.br/oportunidades-portal/api/html/6615;21/08/2026;21/08/2026
6612;681.1/2026;2026;Ministério da Gestão e da Inovação em Serviços Públicos;encerrado;Inscrições Encerradas;;2;;;órgão-alvo(+2);;FCE - 2.09;https://oportunidades.sigepe.gov.br/oportunidades-portal/api/html/6612;21/08/2026;21/08/2026
6611;605.2/2026;2026;Ministério da Gestão e da Inovação em Serviços Públicos;encerrado;Inscrições Encerradas;;1;coordenador (1.10);Brasília;coordenador (1.10)(+1), Brasília(+1), órgão-alvo(+2), gratificação técnica(-3);;Da vaga de FCE 4.05 - Assessor Técnico Especializado | Da vaga de GSISTE Nível Superior;https://oportunidades.sigepe.gov.br/oportunidades-portal/api/html/6611;21/08/2026;21/08/2026
6610;626.1/2026;2026;Ministério da Gestão e da Inovação em Serviços Públicos;encerrado;Inscrições Encerradas;;-4;chefia baixa;;chefia baixa(-3), órgão-alvo(+2), gratificação técnica(-3);;Chefia do Serviço de Cargos e Carreiras FCE 1.05 + GSISTE (DGP/MGI);https://oportunidades.sigepe.gov.br/oportunidades-portal/api/html/6610;21/08/2026;21/08/2026
6606;583.1/2026;2026;Defensoria Pública da União;encerrado;Inscrições Encerradas;;0;;;;;Secretaria da Mulher;https://oportunidades.sigepe.gov.br/oportunidades-portal/api/html/6606;21/08/2026;21/08/2026
6602;586.2/2026;2026;Ministério da Agricultura e Pecuária;encerrado;Inscrições Encerradas;;-2;;;infraestrutura(+1), gratificação técnica(-3);;Provimento de 01 Gratificação Temporária GSISP;https://oportunidades.sigepe.gov.br/oportunidades-portal/api/html/6602;21/08/2026;21/08/2026
6601;587.2/2026;2026;Ministério da Agricultura e Pecuária;encerrado;Inscrições Encerradas;;-2;;;inteligência artificial(+1), gratificação técnica(-3);;Provimento de 02 Gratificações Temporárias -  GSISP;https://oportunidades.sigepe.gov.br/oportunidades-portal/api/html/6601;21/08/2026;21/08/2026
6600;584/2026;2026;Ministério de Minas e Energia;encerrado;Inscrições Encerradas;;6;coordenador-geral;;coordenador-geral(+5), infraestrutura(+1);;1 (uma) vaga de Assessor(a) | FCE 2.13 | 2 (duas) vagas de Assistente do Gabinete da SNTEP | FCE 2.08 | 2 (duas) vagas de Chefe de Divisão, do Departamento de Eletromobilidade | CCE 1.08 | 1 (uma) vaga de Coordenador(a)-Geral de Expansão da Infraestrutura Elétrica | CCE 1.13 | 1 (uma) vaga de Coordenador(a) de Integração e Modernização de Sistemas Elétrico | CCE 1.10 | 1 (uma) vaga de Coordenador(;https://oportunidades.sigepe.gov.br/oportunidades-portal/api/html/6600;21/08/2026;21/08/2026
6599;581/2026;2026;Ministério da Gestão e da Inovação em Serviços Públicos;encerrado;Inscrições Encerradas;;3;coordenador (1.10);;coordenador (1.10)(+1), órgão-alvo(+2);;Função Comissionada Executiva (FCE) 1.10 - Coordenador da Coordenação de Avaliação da Governança. | Função Comissionada Executiva (FCE) 1.09 - Chefe da Divisão de Análise de Dados;https://oportunidades.sigepe.gov.br/oportunidades-portal/api/html/6599;21/08/2026;21/08/2026
6597;582.2/2026;2026;Ministério da Educação;encerrado;Inscrições Encerradas;;3;coordenador (1.10);;coordenador (1.10)(+1), órgão-alvo(+2);;Coordenação de Projetos - FCE 1.10;https://oportunidades.sigepe.gov.br/oportunidades-portal/api/html/6597;21/08/2026;21/08/2026
6594;580/2026;2026;Ministério da Gestão e da Inovação em Serviços Públicos;encerrado;Inscrições Encerradas;;0;chefia baixa;Brasília;chefia baixa(-3), Brasília(+1), órgão-alvo(+2);;01 (uma) vaga para Função Comissionada Executiva - FCE 1.07 - Chefe de Divisão - CGPPE/DEPEC/SEST;https://oportunidades.sigepe.gov.br/oportunidades-portal/api/html/6594;21/08/2026;21/08/2026
6593;579.1/2026;2026;Ministério das Cidades;encerrado;Inscrições Encerradas;;2;;;órgão-alvo(+2);;FCE 10 (R$ 4.455,87) - Coordenação de Governança - CGOV/CGPGE/DGC;https://oportunidades.sigepe.gov.br/oportunidades-portal/api/html/6593;21/08/2026;21/08/2026
6591;601.1/2026;2026;Ministério da Saúde;encerrado;Inscrições Encerradas;;2;;;órgão-alvo(+2);;Chefe da Casa de Apoio à Saúde Indígena (CASAI) - Araguaína;https://oportunidades.sigepe.gov.br/oportunidades-portal/api/html/6591;21/08/2026;21/08/2026
6590;576.2/2026;2026;Ministério da Gestão e da Inovação em Serviços Públicos;encerrado;Inscrições Encerradas;;0;;Brasília;Brasília(+1), órgão-alvo(+2), gratificação técnica(-3);;GSISTE SIPEC NS - AECI/MGI;https://oportunidades.sigepe.gov.br/oportunidades-portal/api/html/6590;21/08/2026;21/08/2026
6588;578/2026;2026;Superintendência Nacional de Previdência Complementar;encerrado;Inscrições Encerradas;;-3;;;gratificação técnica(-3);;Gratificação Temporária do Sistema de Administração de Recursos Humanos - GSISTE SIPEC;https://oportunidades.sigepe.gov.br/oportunidades-portal/api/html/6588;21/08/2026;21/08/2026
6584;706.3/2026;2026;Agência Brasileira de Inteligência;encerrado;Inscrições Encerradas;;-6;;Brasília;Brasília(+1), gratificação técnica(-3), nível médio/intermediário(-4);nível médio/intermediário;Privacidade e Segurança da Informação | Transformação Digital | Gestão de Dados e Informações;https://oportunidades.sigepe.gov.br/oportunidades-portal/api/html/6584;21/08/2026;21/08/2026
6582;566.2/2026;2026;Ministério dos Transportes;encerrado;Inscrições Encerradas;;-2;;;órgão-alvo(+2), graduação específica(-4);graduação específica;1 (uma) vaga no Gabinete da Secretaria Nacional de Transportes Rodoviários;https://oportunidades.sigepe.gov.br/oportunidades-portal/api/html/6582;21/08/2026;21/08/2026
6581;564.1/2026;2026;Ministério do Meio Ambiente e Mudança do Clima;encerrado;Inscrições Encerradas;;3;coordenador (1.10);;coordenador (1.10)(+1), órgão-alvo(+2);;Assessor Técnico Especializado;https://oportunidades.sigepe.gov.br/oportunidades-portal/api/html/6581;21/08/2026;21/08/2026
6572;589.2/2026;2026;Ministério da Ciência, Tecnologia e Inovação;encerrado;Inscrições Encerradas;;-4;;;infraestrutura(+1), órgão-alvo(+2), gratificação técnica(-3), nível médio/intermediário(-4);nível médio/intermediário;GSISP de Nível Intermediário (NI) - Infraestrutura e Plataformas Digitais | GSISP de Nível Superior (NS) - Gestão de Dados e Informações | GSISP de Nível Superior (NS) - Privacidade e Segurança da Informação;https://oportunidades.sigepe.gov.br/oportunidades-portal/api/html/6572;21/08/2026;21/08/2026
6571;561.2/2026;2026;Presidência da República;encerrado;Inscrições Encerradas;;-1;chefia baixa;;chefia baixa(-3), órgão-alvo(+2);;Assistente - FCE 2.07;https://oportunidades.sigepe.gov.br/oportunidades-portal/api/html/6571;21/08/2026;21/08/2026
6569;558.2/2026;2026;Departamento Nacional de Infraestrutura de Transportes;encerrado;Inscrições Encerradas;;-2;chefia baixa;;chefia baixa(-3), infraestrutura(+1);;Chefe do Serviço de Recursos Logísticos e Informática - FCE 1.05;https://oportunidades.sigepe.gov.br/oportunidades-portal/api/html/6569;21/08/2026;21/08/2026
6568;571/2026;2026;Ministério da Saúde;encerrado;Inscrições Encerradas;;-1;;Brasília;Brasília(+1), órgão-alvo(+2), nível médio/intermediário(-4);nível médio/intermediário;Pregoeiro(a) para Licitações Estratégicas em Saúde - CGLIS/DLOG/SE/MS;https://oportunidades.sigepe.gov.br/oportunidades-portal/api/html/6568;21/08/2026;21/08/2026
6567;553.2/2026;2026;Ministério do Trabalho e Emprego;encerrado;Inscrições Encerradas;;-1;chefia baixa;;chefia baixa(-3), órgão-alvo(+2);;Chefe de Divisão;https://oportunidades.sigepe.gov.br/oportunidades-portal/api/html/6567;21/08/2026;21/08/2026
6565;559/2026;2026;Departamento Nacional de Infraestrutura de Transportes;encerrado;Inscrições Encerradas;;-2;chefia baixa;;chefia baixa(-3), infraestrutura(+1);;Chefe do Núcleo de Apoio Administrativo - FCE 1.02;https://oportunidades.sigepe.gov.br/oportunidades-portal/api/html/6565;21/08/2026;21/08/2026
6564;563.1/2026;2026;Departamento Nacional de Infraestrutura de Transportes;encerrado;Inscrições Encerradas;;-3;;;infraestrutura(+1), nível médio/intermediário(-4);nível médio/intermediário;Analista Administrativo (ou cargo equivalente de Nível Superior) | Técnico Administrativo (ou cargo equivalente de Nível Médio);https://oportunidades.sigepe.gov.br/oportunidades-portal/api/html/6564;21/08/2026;21/08/2026
6562;557.1/2026;2026;Ministério do Trabalho e Emprego;encerrado;Inscrições Encerradas;;3;coordenador (1.10);;coordenador (1.10)(+1), órgão-alvo(+2);;Assessor Técnico Especializado;https://oportunidades.sigepe.gov.br/oportunidades-portal/api/html/6562;21/08/2026;21/08/2026
6561;556/2026;2026;Ministério do Trabalho e Emprego;encerrado;Inscrições Encerradas;;3;coordenador (1.10);;coordenador (1.10)(+1), órgão-alvo(+2);;Coordenador de Apoio à Gestão Financeira do Fundo de Amparo ao Trabalhador;https://oportunidades.sigepe.gov.br/oportunidades-portal/api/html/6561;21/08/2026;21/08/2026
6558;555.2/2026;2026;Ministério do Trabalho e Emprego;encerrado;Inscrições Encerradas;;2;;;órgão-alvo(+2);;Assistente;https://oportunidades.sigepe.gov.br/oportunidades-portal/api/html/6558;21/08/2026;21/08/2026
6556;554.1/2026;2026;Ministério do Trabalho e Emprego;encerrado;Inscrições Encerradas;;-1;chefia baixa;;chefia baixa(-3), órgão-alvo(+2);;Chefe de Divisão de Gestão de Riscos do Seguro-Desemprego;https://oportunidades.sigepe.gov.br/oportunidades-portal/api/html/6556;21/08/2026;21/08/2026
6551;552/2026;2026;Ministério do Trabalho e Emprego;encerrado;Inscrições Encerradas;;-1;chefia baixa;;chefia baixa(-3), órgão-alvo(+2);;Chefe de Divisão de Gestão de Riscos do Abono Salarial;https://oportunidades.sigepe.gov.br/oportunidades-portal/api/html/6551;21/08/2026;21/08/2026
6550;575.1/2026;2026;Ministério da Fazenda;encerrado;Inscrições Encerradas;;-5;;;órgão-alvo(+2), gratificação técnica(-3), nível médio/intermediário(-4);nível médio/intermediário;01 (uma) vaga na Divisão de Contratações para GSISTE - nível intermediário;https://oportunidades.sigepe.gov.br/oportunidades-portal/api/html/6550;21/08/2026;21/08/2026
6548;548.1/2026;2026;Instituto Brasileiro de Museus;encerrado;Inscrições Encerradas;;-3;chefia baixa;;chefia baixa(-3);;ASSISTENTE DE DIREÇÃO - FCE 2.07;https://oportunidades.sigepe.gov.br/oportunidades-portal/api/html/6548;21/08/2026;21/08/2026
6546;567.4/2026;2026;Ministério da Integração e do Desenvolvimento Regional;encerrado;Inscrições Encerradas;;6;coordenador (1.10);Brasília;coordenador (1.10)(+1), Brasília(+1), desenvolvimento regional(+1), infraestrutura(+1), órgão-alvo(+2);;1 vaga para Coordenador de Operações (FCE 1.10) na Coordenação de Operações (COP/CGINFRA/DTI);https://oportunidades.sigepe.gov.br/oportunidades-portal/api/html/6546;21/08/2026;21/08/2026
6545;542.2/2026;2026;Fundação Escola Nacional de Administração Pública;encerrado;Inscrições Encerradas;;-1;;;órgão-alvo(+2), gratificação técnica(-3);;GAEG NÍVEL SUPERIOR - JORNALISTA;https://oportunidades.sigepe.gov.br/oportunidades-portal/api/html/6545;21/08/2026;21/08/2026
6544;540.1/2026;2026;Ministério da Educação;encerrado;Inscrições Encerradas;;-1;;;órgão-alvo(+2), gratificação técnica(-3);;GSISP - Nível Superior - Especialista em Governança , Inteligência de Dados, Contratações Públicas;https://oportunidades.sigepe.gov.br/oportunidades-portal/api/html/6544;21/08/2026;21/08/2026
6543;539.1/2026;2026;Ministério do Meio Ambiente e Mudança do Clima;encerrado;Inscrições Encerradas;;-4;;;infraestrutura(+1), órgão-alvo(+2), gratificação técnica(-3), nível médio/intermediário(-4);nível médio/intermediário;GSISP DE NÍVEL MÉDIO (NI) - INFRAESTRUTURA E PLATAFORMAS DIGITAIS | GSISP DE NÍVEL MÉDIO (NI) - GESTÃO DE DADOS E INFORMAÇÕES;https://oportunidades.sigepe.gov.br/oportunidades-portal/api/html/6543;21/08/2026;21/08/2026
6541;574.1/2026;2026;Ministério do Trabalho e Emprego;encerrado;Inscrições Encerradas;;3;coordenador (1.10);;coordenador (1.10)(+1), órgão-alvo(+2);;Coordenador de Elaboração e Análise de Projetos de Engenharia;https://oportunidades.sigepe.gov.br/oportunidades-portal/api/html/6541;21/08/2026;21/08/2026
6540;541.1/2026;2026;Defensoria Pública da União;encerrado;Inscrições Encerradas;;0;;;;;Engenheiro Eletricista | Engenheiro Mecânico;https://oportunidades.sigepe.gov.br/oportunidades-portal/api/html/6540;21/08/2026;21/08/2026
6539;536.1/2026;2026;Ministério da Justiça e Segurança Pública;encerrado;Inscrições Encerradas;;3;;Brasília;Brasília(+1), órgão-alvo(+2);;TELETRABALHO PARCIAL NA ÁREA DE EXTRADIÇÃO E TRANSFERÊNCIA DE PESSOAS CONDENADAS NO MJSP;https://oportunidades.sigepe.gov.br/oportunidades-portal/api/html/6539;21/08/2026;21/08/2026
6537;538.1/2026;2026;Presidência da República;encerrado;Inscrições Encerradas;;2;;;órgão-alvo(+2);;Analista de Acordos e Parcerias;https://oportunidades.sigepe.gov.br/oportunidades-portal/api/html/6537;21/08/2026;21/08/2026
6536;535.1/2026;2026;Ministério dos Direitos Humanos e da Cidadania;encerrado;Inscrições Encerradas;;-3;;;gratificação técnica(-3);;GSISP - NÍVEL SUPERIOR;https://oportunidades.sigepe.gov.br/oportunidades-portal/api/html/6536;21/08/2026;21/08/2026
6532;537.1/2026;2026;Ministério da Gestão e da Inovação em Serviços Públicos;encerrado;Inscrições Encerradas;;-1;;;órgão-alvo(+2), gratificação técnica(-3);;Gratificação Temporária do Sistema de Administração dos Recursos de Tecnologia da Informação - GSISP;https://oportunidades.sigepe.gov.br/oportunidades-portal/api/html/6532;21/08/2026;21/08/2026
6528;530.3/2026;2026;Fundação Escola Nacional de Administração Pública;encerrado;Inscrições Encerradas;;-5;;;órgão-alvo(+2), gratificação técnica(-3), nível médio/intermediário(-4);nível médio/intermediário;GAEG DE NÍVEl INTERMEDIÁRIO - SERVIÇO DE PAGAMENTO;https://oportunidades.sigepe.gov.br/oportunidades-portal/api/html/6528;21/08/2026;21/08/2026
6526;544.1/2026;2026;Ministério do Planejamento e Orçamento;encerrado;Inscrições Encerradas;;-5;chefia baixa;;chefia baixa(-3), órgão-alvo(+2), graduação específica(-4);graduação específica;FCE 2.07;https://oportunidades.sigepe.gov.br/oportunidades-portal/api/html/6526;21/08/2026;21/08/2026
6525;527/2026;2026;Ministério do Desenvolvimento e Assistência Social, Família e Combate à Fome;encerrado;Inscrições Encerradas;;-4;;Brasília;Brasília(+1), órgão-alvo(+2), gratificação técnica(-3), nível médio/intermediário(-4);nível médio/intermediário;Processo Seletivo 1 (uma) GSISP, NI, na área de Gestão e Planejamento de TI, na STI;https://oportunidades.sigepe.gov.br/oportunidades-portal/api/html/6525;21/08/2026;21/08/2026
6520;525/2026;2026;Ministério do Desenvolvimento e Assistência Social, Família e Combate à Fome;encerrado;Inscrições Encerradas;;-4;;Brasília;Brasília(+1), órgão-alvo(+2), gratificação técnica(-3), nível médio/intermediário(-4);nível médio/intermediário;Processo Seletivo 1 (uma) GSISP, NI, na área de Gestão e Planejamento de TI, na STI;https://oportunidades.sigepe.gov.br/oportunidades-portal/api/html/6520;21/08/2026;21/08/2026
6519;524/2026;2026;Ministério do Desenvolvimento e Assistência Social, Família e Combate à Fome;encerrado;Inscrições Encerradas;;0;;Brasília;Brasília(+1), órgão-alvo(+2), gratificação técnica(-3);;Processo Seletivo 1 (uma) GSISP, NS, na área de Gestão de Dados e Informações, na STI;https://oportunidades.sigepe.gov.br/oportunidades-portal/api/html/6519;21/08/2026;21/08/2026
6516;609/2026;2026;Ministério da Gestão e da Inovação em Serviços Públicos;encerrado;Inscrições Encerradas;;3;coordenador (1.10);;coordenador (1.10)(+1), órgão-alvo(+2);;Coordenador(a) de Sistemas - FCE 1.10 | Coordenador(a) de Dados - FCE 1.10;https://oportunidades.sigepe.gov.br/oportunidades-portal/api/html/6516;21/08/2026;21/08/2026
6514;523.1/2026;2026;Ministério dos Transportes;encerrado;Inscrições Encerradas;;0;;;infraestrutura(+1), órgão-alvo(+2), gratificação técnica(-3);;GSISTE NS (SIGA) Coordenação de Logística | FCPE código 1.07 + GSISTE NS (SIGA) Coordenação de Logística | FCPE CÓDIGO 1.05 + GSISTE NS - Coordenação de Infraestrutura | GSISTE NS (SISG) Coordenação Geral de Recursos Logísticos | GSISTE NS (SIGA) Coordenação de Infraestrutura;https://oportunidades.sigepe.gov.br/oportunidades-portal/api/html/6514;21/08/2026;21/08/2026
6511;545.1/2026;2026;Ministério da Justiça e Segurança Pública;encerrado;Inscrições Encerradas;;3;;Brasília;Brasília(+1), órgão-alvo(+2);;REQUISITADO-Apoio Técnico Administrativo-ASPAR/ANPD;https://oportunidades.sigepe.gov.br/oportunidades-portal/api/html/6511;21/08/2026;21/08/2026
6509;565.3/2026;2026;Ministério da Justiça e Segurança Pública;encerrado;Inscrições Encerradas;;2;;;órgão-alvo(+2);;Engenheiro Eletricista | Engenheiro Mecânico;https://oportunidades.sigepe.gov.br/oportunidades-portal/api/html/6509;21/08/2026;21/08/2026
6508;570.1/2026;2026;Ministério das Relações Exteriores;encerrado;Inscrições Encerradas;;-2;;Brasília;Brasília(+1), gratificação técnica(-3);;Divisão de Saúde e Segurança do Servidor (DSS) - GSISTE;https://oportunidades.sigepe.gov.br/oportunidades-portal/api/html/6508;21/08/2026;21/08/2026
6505;522.1/2026;2026;Ministério da Fazenda;encerrado;Inscrições Encerradas;;-5;;;órgão-alvo(+2), gratificação técnica(-3), nível médio/intermediário(-4);nível médio/intermediário;GSISTE NI na área de Gestão Logística e Patrimonial;https://oportunidades.sigepe.gov.br/oportunidades-portal/api/html/6505;21/08/2026;21/08/2026
6504;521.3/2026;2026;Ministério da Fazenda;encerrado;Inscrições Encerradas;;-5;;;órgão-alvo(+2), gratificação técnica(-3), nível médio/intermediário(-4);nível médio/intermediário;GSISTE NI e NS na área de Gestão Documental e Arquivística;https://oportunidades.sigepe.gov.br/oportunidades-portal/api/html/6504;21/08/2026;21/08/2026
6503;520.3/2026;2026;Ministério da Fazenda;encerrado;Inscrições Encerradas;;-5;;;órgão-alvo(+2), gratificação técnica(-3), nível médio/intermediário(-4);nível médio/intermediário;GSISTE NS e GSISTE NI na área de SCDP e Execução Orçamentária e Financeira;https://oportunidades.sigepe.gov.br/oportunidades-portal/api/html/6503;21/08/2026;21/08/2026
6502;519.1/2026;2026;Fundação Cultural Palmares;encerrado;Inscrições Encerradas;;0;;;;;Função Comissionada Executiva (FCE 4.05);https://oportunidades.sigepe.gov.br/oportunidades-portal/api/html/6502;21/08/2026;21/08/2026
6501;517.5/2026;2026;Agência Nacional do Petróleo, Gás Natural e Biocombustíveis;encerrado;Inscrições Encerradas;;0;;;;;Cargo de Analista Técnico Executivo (ATE) na Procuradoria Federal - PRG;https://oportunidades.sigepe.gov.br/oportunidades-portal/api/html/6501;21/08/2026;21/08/2026
6499;518.6/2026;2026;Agência Nacional do Petróleo, Gás Natural e Biocombustíveis;encerrado;Inscrições Encerradas;;0;;;;;Cargo de Analista Técnico Executivo (ATE);https://oportunidades.sigepe.gov.br/oportunidades-portal/api/html/6499;21/08/2026;21/08/2026
6496;531.2/2026;2026;Ministério da Fazenda;encerrado;Inscrições Encerradas;;0;;Brasília;Brasília(+1), órgão-alvo(+2), gratificação técnica(-3);;GSISP NS - Transformação Digital;https://oportunidades.sigepe.gov.br/oportunidades-portal/api/html/6496;21/08/2026;21/08/2026
6495;533.1/2026;2026;Ministério do Trabalho e Emprego;encerrado;Inscrições Encerradas;;4;coordenador (1.10);;coordenador (1.10)(+1), ciência de dados(+1), órgão-alvo(+2);;Assessor Técnico Especializado - FCE 4.04;https://oportunidades.sigepe.gov.br/oportunidades-portal/api/html/6495;21/08/2026;21/08/2026
6494;573/2026;2026;Ministério da Gestão e da Inovação em Serviços Públicos;encerrado;Inscrições Encerradas;;2;;;órgão-alvo(+2);;Processo seletivo - Diretoria de Carreiras Transversais;https://oportunidades.sigepe.gov.br/oportunidades-portal/api/html/6494;21/08/2026;21/08/2026
6493;529.1/2026;2026;Defensoria Pública da União;encerrado;Inscrições Encerradas;;0;;;;;Secretaria de Atuação no Sistema Prisional da Defensoria Pública da União | Secretaria de Atuação no Sistema Prisional da Defensoria Pública da União - Projeto JURIDPU;https://oportunidades.sigepe.gov.br/oportunidades-portal/api/html/6493;21/08/2026;21/08/2026
6492;516.1/2026;2026;Ministério da Cultura;encerrado;Inscrições Encerradas;;-3;;;gratificação técnica(-3);;GSISP de Nível Superior - Gestão e Planejamento de TI;https://oportunidades.sigepe.gov.br/oportunidades-portal/api/html/6492;21/08/2026;21/08/2026
6490;514/2026;2026;Instituto do Patrimônio Histórico e Artístico Nacional;encerrado;Inscrições Encerradas;;-8;chefia baixa;Iphan no Rio de Janeiro/RJ;chefia baixa(-3), Iphan no Rio de Janeiro/RJ(-5);;FCE 2.01 na  Coordenação Administrativa da Superintendência do Iphan no Rio de Janeiro;https://oportunidades.sigepe.gov.br/oportunidades-portal/api/html/6490;21/08/2026;21/08/2026
6487;515.5/2026;2026;Fundação Oswaldo Cruz;encerrado;Inscrições Encerradas;;-7;;;gratificação técnica(-3), nível médio/intermediário(-4);nível médio/intermediário;Gestão e Planejamento de TIC;https://oportunidades.sigepe.gov.br/oportunidades-portal/api/html/6487;21/08/2026;21/08/2026
6486;510/2026;2026;Ministério do Desenvolvimento e Assistência Social, Família e Combate à Fome;encerrado;Inscrições Encerradas;;0;;Brasília;Brasília(+1), órgão-alvo(+2), gratificação técnica(-3);;Processo Seletivo para concessão de GSISTE, NS, SISG, na CGLA/CPMT;https://oportunidades.sigepe.gov.br/oportunidades-portal/api/html/6486;21/08/2026;21/08/2026
6485;509/2026;2026;Ministério do Desenvolvimento e Assistência Social, Família e Combate à Fome;encerrado;Inscrições Encerradas;;0;chefia baixa;Brasília;chefia baixa(-3), Brasília(+1), órgão-alvo(+2);;Processo Seletivo para concessão de FCE 3.07 (Chefe de Projeto II), na SINAPSE;https://oportunidades.sigepe.gov.br/oportunidades-portal/api/html/6485;21/08/2026;21/08/2026
6482;512.1/2026;2026;Ministério da Educação;encerrado;Inscrições Encerradas;;-5;;;órgão-alvo(+2), gratificação técnica(-3), nível médio/intermediário(-4);nível médio/intermediário;CONTRATAÇÕES DE TI | GESTÃO E PLANEJAMENTO DE TI;https://oportunidades.sigepe.gov.br/oportunidades-portal/api/html/6482;21/08/2026;21/08/2026
6475;507.1/2026;2026;Ministério da Gestão e da Inovação em Serviços Públicos;encerrado;Inscrições Encerradas;;-1;;;órgão-alvo(+2), gratificação técnica(-3);;GSISTE de Nível Superior - Aplicação da legislação em gestão de pessoas;https://oportunidades.sigepe.gov.br/oportunidades-portal/api/html/6475;21/08/2026;21/08/2026
6472;534.2/2026;2026;Ministério da Justiça e Segurança Pública;encerrado;Inscrições Encerradas;;4;coordenador (1.10);Brasília;coordenador (1.10)(+1), Brasília(+1), órgão-alvo(+2);;ASSESSOR TÉCNICO ESPECIALIZADO(FCE4.03)NA ÁREA DE SUBTRAÇÃO INTERNACIONAL DE CRIANÇAS E ADOLESCENTES;https://oportunidades.sigepe.gov.br/oportunidades-portal/api/html/6472;21/08/2026;21/08/2026
6470;543.1/2026;2026;Comando da Marinha;encerrado;Inscrições Encerradas;;-3;;;gratificação técnica(-3);;GSISP, Nível Superior, na área de gestão de dados e informações, na assessoria de TI.;https://oportunidades.sigepe.gov.br/oportunidades-portal/api/html/6470;21/08/2026;21/08/2026
6469;503.1/2026;2026;Agência Espacial Brasileira;encerrado;Inscrições Encerradas;;-1;;;espacial(+2), gratificação técnica(-3);;GSISP de Nível Superior (NS), para área de Contratações de TI da Agência Espacial Brasileira;https://oportunidades.sigepe.gov.br/oportunidades-portal/api/html/6469;21/08/2026;21/08/2026
6468;505/2026;2026;Ministério dos Transportes;encerrado;Inscrições Encerradas;;-5;;;órgão-alvo(+2), gratificação técnica(-3), nível médio/intermediário(-4);nível médio/intermediário;GSISTE Nível Médio | GSISTE Nível Superior;https://oportunidades.sigepe.gov.br/oportunidades-portal/api/html/6468;21/08/2026;21/08/2026
6464;501.1/2026;2026;Ministério do Meio Ambiente e Mudança do Clima;encerrado;Inscrições Encerradas;;-1;chefia baixa;;chefia baixa(-3), órgão-alvo(+2);;Função Comissionada Executiva - FCE 1.09 - Chefe.;https://oportunidades.sigepe.gov.br/oportunidades-portal/api/html/6464;21/08/2026;21/08/2026
6461;551.1/2026;2026;Ministério da Justiça e Segurança Pública;encerrado;Inscrições Encerradas;;4;coordenador (1.10);Brasília;coordenador (1.10)(+1), Brasília(+1), órgão-alvo(+2);;UMA VAGA NA ÁREA DE ESTÁGIOS COM TELETRABALHO PARCIAL | UMA VAGA NA ÁREA DE QUALIDADE DE VIDA COM TELETRABALHO PARCIAL | UMA VAGA NA ÁREA DE DESEMPENHO DE PESSOAS COM TELETRABALHO PARCIAL | UMA VAGA NA ÁREA DE CONTRATAÇÕES EM GESTÃO DE PESSOAS COM TELETRABALHO PARCIAL | DUAS VAGAS NA ÁREA DE PROMOÇÃO À SAÚDE COM TELETRABALHO PARCIAL | ASSESSOR (FCE 4.04) DA COORDENAÇÃO DE DESENVOLVIMENTO DE PESSOA;https://oportunidades.sigepe.gov.br/oportunidades-portal/api/html/6461;21/08/2026;21/08/2026
6460;511.2/2026;2026;Instituto de Pesquisas Jardim Botânico do Rio de Janeiro;encerrado;Inscrições Encerradas;;0;;;;;Assistente Técnico;https://oportunidades.sigepe.gov.br/oportunidades-portal/api/html/6460;21/08/2026;21/08/2026
6456;498.1/2026;2026;Ministério da Fazenda;encerrado;Inscrições Encerradas;;-5;;;órgão-alvo(+2), gratificação técnica(-3), nível médio/intermediário(-4);nível médio/intermediário;GSISTE NI e NS na Secretaria do Tesouro Nacional;https://oportunidades.sigepe.gov.br/oportunidades-portal/api/html/6456;21/08/2026;21/08/2026
6453;497.1/2026;2026;Ministério da Fazenda;encerrado;Inscrições Encerradas;;-4;;Brasília;Brasília(+1), órgão-alvo(+2), gratificação técnica(-3), nível médio/intermediário(-4);nível médio/intermediário;GSISTE NI e NS para atuar na Secretaria do Tesouro Nacional;https://oportunidades.sigepe.gov.br/oportunidades-portal/api/html/6453;21/08/2026;21/08/2026
6452;513.2/2026;2026;Ministério da Saúde;encerrado;Inscrições Encerradas;;-3;;SAA/SE;SAA/SE(-5), órgão-alvo(+2);;Analista CDAM  (COASS/COGEP/SAA/SE/MS);https://oportunidades.sigepe.gov.br/oportunidades-portal/api/html/6452;21/08/2026;21/08/2026
6450;546.2/2026;2026;Ministério da Previdência Social;encerrado;Inscrições Encerradas;;-4;;;infraestrutura(+1), órgão-alvo(+2), gratificação técnica(-3), nível médio/intermediário(-4);nível médio/intermediário;PROCESSO SELETIVO - CESSÃO - GSISP NI - INFRAESTRUTURA E PLATAFORMAS DIGITAIS (INFRAESTRUTURA DE TI);https://oportunidades.sigepe.gov.br/oportunidades-portal/api/html/6450;21/08/2026;21/08/2026
6449;500.4/2026;2026;Ministério da Gestão e da Inovação em Serviços Públicos;encerrado;Inscrições Encerradas;;-4;;Brasília;Brasília(+1), órgão-alvo(+2), gratificação técnica(-3), nível médio/intermediário(-4);nível médio/intermediário;GSISTE Nível Superior - Coordenação-Geral da Plataforma Tecnológica (CGTEC) | GSISTE Nível Superior - Coordenação-Geral de Normas e Processos (CGNOP) | GSISTE Nível Superior - Gabinete da Diretoria de Transferências e Parcerias da União | GSISTE Nível Intermediário - Coordenação-Geral de Capacitação (CGCAP) | GSISTE Nível Superior - Gabinete da Diretoria de Transferências e Parcerias da União | GS;https://oportunidades.sigepe.gov.br/oportunidades-portal/api/html/6449;21/08/2026;21/08/2026
6448;499.2/2026;2026;Ministério da Gestão e da Inovação em Serviços Públicos;encerrado;Inscrições Encerradas;;2;;;órgão-alvo(+2);;Gestão Administrativa | Governança;https://oportunidades.sigepe.gov.br/oportunidades-portal/api/html/6448;21/08/2026;21/08/2026
6446;492/2026;2026;Ministério do Desenvolvimento e Assistência Social, Família e Combate à Fome;encerrado;Inscrições Encerradas;;0;;Brasília;Brasília(+1), órgão-alvo(+2), gratificação técnica(-3);;Processo Seletivo 1 (uma) GSISP, NS, na área de Privacidade e Segurança da Informação, na STI;https://oportunidades.sigepe.gov.br/oportunidades-portal/api/html/6446;21/08/2026;21/08/2026
6444;496.1/2026;2026;Instituto de Pesquisas Jardim Botânico do Rio de Janeiro;encerrado;Inscrições Encerradas;;1;;;infraestrutura(+1);;Apoio Administrativo - Coordenação de Tecnologia da Informação e Comunicação | Analista de Gestão de Dados e Soluções (Perfil Operacional) - CTIC | Analista de Infraestrutura e Suporte de TI (Operações e Gestão de Demandas) - SINFRA | Analista Administrativo (Apoio à Gestão e Contratações de TIC) - CTIC;https://oportunidades.sigepe.gov.br/oportunidades-portal/api/html/6444;21/08/2026;21/08/2026
6443;493.2/2026;2026;Instituto de Pesquisas Jardim Botânico do Rio de Janeiro;encerrado;Inscrições Encerradas;;0;;;;;Apoio Administrativo - Coordenação de Recursos Logísticos | Arquivista - Seção de Documentação e Arquivo;https://oportunidades.sigepe.gov.br/oportunidades-portal/api/html/6443;21/08/2026;21/08/2026
6442;491.1/2026;2026;Instituto de Pesquisas Jardim Botânico do Rio de Janeiro;encerrado;Inscrições Encerradas;;0;;;;;Apoio Administrativo - Coordenação de Planejamento, Orçamento e Finanças;https://oportunidades.sigepe.gov.br/oportunidades-portal/api/html/6442;21/08/2026;21/08/2026
6441;490.1/2026;2026;Instituto de Pesquisas Jardim Botânico do Rio de Janeiro;encerrado;Inscrições Encerradas;;0;;;;;Apoio Administrativo - Coordenação de Engenharia, Restauração e Manutenção;https://oportunidades.sigepe.gov.br/oportunidades-portal/api/html/6441;21/08/2026;21/08/2026
6440;485.3/2026;2026;Superintendência do Desenvolvimento da Amazônia;encerrado;Inscrições Encerradas;;-7;;;gratificação técnica(-3), nível médio/intermediário(-4);nível médio/intermediário;GSISP de Nível Médio - Gestão e Planejamento de Tecnologia da Informação;https://oportunidades.sigepe.gov.br/oportunidades-portal/api/html/6440;21/08/2026;21/08/2026
6439;489.2/2026;2026;Instituto de Pesquisas Jardim Botânico do Rio de Janeiro;encerrado;Inscrições Encerradas;;0;;;;;Apoio Administrativo - Coordenação de Desenvolvimento e Gestão de Pessoas | Apoio Administrativo - Seção de Desenvolvimento de Pessoas;https://oportunidades.sigepe.gov.br/oportunidades-portal/api/html/6439;21/08/2026;21/08/2026
6437;487.1/2026;2026;Ministério da Ciência, Tecnologia e Inovação;encerrado;Inscrições Encerradas;;-3;;Resolução CEP/PR;Resolução CEP/PR(-5), órgão-alvo(+2);;3 vagas titulares e 3 vagas suplentes para a Comissão de Ética do MCTI;https://oportunidades.sigepe.gov.br/oportunidades-portal/api/html/6437;21/08/2026;21/08/2026
6436;486.1/2026;2026;Conselho de Controle de Atividades Financeiras;encerrado;Inscrições Encerradas;;-2;chefia baixa;;chefia baixa(-3), infraestrutura(+1);;FCE 1.07 - Chefe da Divisão de Infraestrutura de Tecnologia e Segurança da Informação | CCE 1.07 - Chefe da Divisão de Planejamento, Aquisições de Tecnologia da Informação | CCE 2.06 - Assistente Técnico;https://oportunidades.sigepe.gov.br/oportunidades-portal/api/html/6436;21/08/2026;21/08/2026
6434;495.2/2026;2026;Instituto Brasileiro de Museus;encerrado;Inscrições Encerradas;;-3;chefia baixa;;chefia baixa(-3);;Chefe do Setor de Orçamento e Finanças - Museu Imperial | Chefe da Divisão Administrativa do Museu Imperial - MIMP/COORD ADM;https://oportunidades.sigepe.gov.br/oportunidades-portal/api/html/6434;21/08/2026;21/08/2026
6432;481.3/2026;2026;Ministério do Desenvolvimento Agrário e Agricultura Familiar;encerrado;Inscrições Encerradas;;-1;;;órgão-alvo(+2), gratificação técnica(-3);;1 (uma) vaga de GSISTE - SIPEC, NIVEL SUPERIOR;https://oportunidades.sigepe.gov.br/oportunidades-portal/api/html/6432;21/08/2026;21/08/2026
6431;478.1/2026;2026;Ministério da Educação;encerrado;Inscrições Encerradas;;-1;;;órgão-alvo(+2), gratificação técnica(-3);;Função Gratificação Temporária do Sistema de Administração dos Recursos de Informação e Informática;https://oportunidades.sigepe.gov.br/oportunidades-portal/api/html/6431;21/08/2026;21/08/2026
6429;504.1/2026;2026;Ministério da Justiça e Segurança Pública;encerrado;Inscrições Encerradas;;3;;Brasília;Brasília(+1), órgão-alvo(+2);;REQUISITADO-Apoio Técnico e Administrativo-SRII/ANPD;https://oportunidades.sigepe.gov.br/oportunidades-portal/api/html/6429;21/08/2026;21/08/2026
6428;483.2/2026;2026;Ministério da Justiça e Segurança Pública;encerrado;Inscrições Encerradas;;3;;Brasília;Brasília(+1), órgão-alvo(+2);;TELETRABALHO PARCIAL NA ÁREA DE TECNOLOGIA DA INFORMAÇÃO E COMUNICAÇÃO NO MJSP;https://oportunidades.sigepe.gov.br/oportunidades-portal/api/html/6428;21/08/2026;21/08/2026
6427;482.2/2026;2026;Ministério da Justiça e Segurança Pública;encerrado;Inscrições Encerradas;;3;;Brasília;Brasília(+1), órgão-alvo(+2);;TELETRABALHO INTEGRAL NA ÁREA DE TECNOLOGIA DA INFORMAÇÃO E COMUNICAÇÃO NO MJSP;https://oportunidades.sigepe.gov.br/oportunidades-portal/api/html/6427;21/08/2026;21/08/2026
6426;479.3/2026;2026;Ministério da Gestão e da Inovação em Serviços Públicos;encerrado;Inscrições Encerradas;;-1;;;órgão-alvo(+2), gratificação técnica(-3);;GSISP NS para atuar no Programa Startup gov.br;https://oportunidades.sigepe.gov.br/oportunidades-portal/api/html/6426;21/08/2026;21/08/2026
6418;474.3/2026;2026;Instituto de Pesquisa Econômica Aplicada;encerrado;Inscrições Encerradas;;0;;;;;Processo seletivo para preenchimento de 02 (duas) Gratificações Temporárias das Unidades Gestoras do;https://oportunidades.sigepe.gov.br/oportunidades-portal/api/html/6418;21/08/2026;21/08/2026
6413;477.2/2026;2026;Ministério da Gestão e da Inovação em Serviços Públicos;encerrado;Inscrições Encerradas;;2;;;órgão-alvo(+2);;CARGO 6: Área temática: Privacidade e Segurança da Informação | CARGO 7: Área temática: Gestão de dados e Informações | CARGO 4: Área temática: Contratações de Tecnologia da Informação | CARGO 8 | CARGO 3: Área temática: Privacidade e Segurança da Informação | CARGO 1: área temática: Gestão e Planejamento de Tecnologia da Informação | CARGO 5: Área temática: Gestão e Planejamento de Tecnologia da ;https://oportunidades.sigepe.gov.br/oportunidades-portal/api/html/6413;21/08/2026;21/08/2026
6411;470.1/2026;2026;Ministério da Fazenda;encerrado;Inscrições Encerradas;;0;chefia baixa;Brasília;chefia baixa(-3), Brasília(+1), órgão-alvo(+2);;Chefe de Serviço de Diárias e Passagens;https://oportunidades.sigepe.gov.br/oportunidades-portal/api/html/6411;21/08/2026;21/08/2026
6410;469/2026;2026;Ministério do Desenvolvimento e Assistência Social, Família e Combate à Fome;encerrado;Inscrições Encerradas;;-4;;Brasília;Brasília(+1), órgão-alvo(+2), gratificação técnica(-3), nível médio/intermediário(-4);nível médio/intermediário;Processo Seletivo para concessão de 1 (uma) GSISTE, NI, SIGA, na CDA/CGLA;https://oportunidades.sigepe.gov.br/oportunidades-portal/api/html/6410;21/08/2026;21/08/2026
6408;484.3/2026;2026;Departamento Nacional de Obras Contra as Secas;encerrado;Inscrições Encerradas;;-3;;;infraestrutura(+1), nível médio/intermediário(-4);nível médio/intermediário;Infraestrutura e Plataformas Digitais;https://oportunidades.sigepe.gov.br/oportunidades-portal/api/html/6408;21/08/2026;21/08/2026
6405;462/2026;2026;Ministério dos Transportes;encerrado;Inscrições Encerradas;;-5;;;órgão-alvo(+2), gratificação técnica(-3), nível médio/intermediário(-4);nível médio/intermediário;GSISTE NS (MPCONT) Coordenação de Contabilidade | GSISTE NI (MPCONT) Coordenação de Contabilidade;https://oportunidades.sigepe.gov.br/oportunidades-portal/api/html/6405;21/08/2026;21/08/2026
6404;464.1/2026;2026;Ministério da Justiça e Segurança Pública;encerrado;Inscrições Encerradas;;0;chefia baixa;Brasília;chefia baixa(-3), Brasília(+1), órgão-alvo(+2);;CHEFE DE DIVISÃO (FCE 1.07) DE QUALIFICAÇÃO TÉCNICA EM POLÍTICAS SOBRE DROGAS;https://oportunidades.sigepe.gov.br/oportunidades-portal/api/html/6404;21/08/2026;21/08/2026
6402;463.1/2026;2026;Ministério da Justiça e Segurança Pública;encerrado;Inscrições Encerradas;;3;;Brasília;Brasília(+1), órgão-alvo(+2);;TELETRABALHO INTEGRAL NA ÁREA DE COOPERAÇÃO JURÍDICA INTERNACIONAL DO MJSP;https://oportunidades.sigepe.gov.br/oportunidades-portal/api/html/6402;21/08/2026;21/08/2026
6397;460.1/2026;2026;Ministério da Educação;encerrado;Inscrições Encerradas;;-5;;;órgão-alvo(+2), gratificação técnica(-3), nível médio/intermediário(-4);nível médio/intermediário;GSISP - Nível Intermediário Apoio Técnico e de Assessoria ao Gabinete da Subsecretaria | GSISP - Nível Intermediário - Apoio Técnico e de Assessoria à Diretoria de Compras e C;https://oportunidades.sigepe.gov.br/oportunidades-portal/api/html/6397;21/08/2026;21/08/2026
6396;465.1/2026;2026;Ministério da Justiça e Segurança Pública;encerrado;Inscrições Encerradas;;4;coordenador (1.10);Brasília;coordenador (1.10)(+1), Brasília(+1), órgão-alvo(+2);;ASSESSOR TÉCNICO ESPECIALIZADO NA ÁREA DE INFORMAÇÃO E COMUNICAÇÃO (FCE 4.07);https://oportunidades.sigepe.gov.br/oportunidades-portal/api/html/6396;21/08/2026;21/08/2026
6395;461.1/2026;2026;Ministério da Educação;encerrado;Inscrições Encerradas;;-1;;;órgão-alvo(+2), gratificação técnica(-3);;GSISP - Nível Superior - Apoio à Análise de Confor. de Compras e Contratações Públicas com Uso;https://oportunidades.sigepe.gov.br/oportunidades-portal/api/html/6395;21/08/2026;21/08/2026
6394;457.3/2026;2026;Ministério da Gestão e da Inovação em Serviços Públicos;encerrado;Inscrições Encerradas;;-1;;;órgão-alvo(+2), gratificação técnica(-3);;GSISP-NS para atuar com transformação digital junto a órgãos e entidades federais - SGD/MGI;https://oportunidades.sigepe.gov.br/oportunidades-portal/api/html/6394;21/08/2026;21/08/2026
6389;467.1/2026;2026;Ministério da Agricultura e Pecuária;encerrado;Inscrições Encerradas;;-6;chefia baixa;;chefia baixa(-3), gratificação técnica(-3);;Gratificação Temporária das Unidades dos Sistemas Estruturantes (GSISTE) Nível Superior). | Função Comissionada Executiva FCE 1.07 (Chefe de Divisão);https://oportunidades.sigepe.gov.br/oportunidades-portal/api/html/6389;21/08/2026;21/08/2026
6388;472.1/2026;2026;Ministério da Gestão e da Inovação em Serviços Públicos;encerrado;Inscrições Encerradas;;-1;;;órgão-alvo(+2), gratificação técnica(-3);;Analista de Governança de Dados-Coordenação. de Interoperabilidade e Governança de Dados-COIND/DTGES | GSISTE de Nível Superior na Coord.-Geral de Implant. de Soluções em Processo Eletrônico-CGIMP/DTGES | GSISTE de Nível Superior na Gerência de Projeto do SEI-CGPSEI/DTGES | Analista de Negócios - Coordenação de Interoperabilidade e Governança de Dados/DTGES;https://oportunidades.sigepe.gov.br/oportunidades-portal/api/html/6388;21/08/2026;21/08/2026
6387;450/2026;2026;Agência Nacional do Petróleo, Gás Natural e Biocombustíveis;encerrado;Inscrições Encerradas;;1;coordenador (1.10);;coordenador (1.10)(+1);;Coordenador de Infra Aplicada e Atendimento;https://oportunidades.sigepe.gov.br/oportunidades-portal/api/html/6387;21/08/2026;21/08/2026
6386;459/2026;2026;Ministério do Trabalho e Emprego;encerrado;Inscrições Encerradas;;2;;;órgão-alvo(+2);;Atividades Administrativas | Atividades Administrativas | Atividades Administrativas;https://oportunidades.sigepe.gov.br/oportunidades-portal/api/html/6386;21/08/2026;21/08/2026
6383;458.1/2026;2026;Ministério da Gestão e da Inovação em Serviços Públicos;encerrado;Inscrições Encerradas;;-5;;;órgão-alvo(+2), gratificação técnica(-3), nível médio/intermediário(-4);nível médio/intermediário;GSISTE Nível Intermediário - MGI/SGP - Coordenação de Gestão Administrativa | GSISTE Nível Superior - MGI/SGP - Coordenação de Gestão Administrativa;https://oportunidades.sigepe.gov.br/oportunidades-portal/api/html/6383;21/08/2026;21/08/2026
6382;453.1/2026;2026;Departamento Nacional de Infraestrutura de Transportes;encerrado;Inscrições Encerradas;;1;;;infraestrutura(+1);;Técnico ou Analista Administrativo (1 vaga);https://oportunidades.sigepe.gov.br/oportunidades-portal/api/html/6382;21/08/2026;21/08/2026
6380;502.2/2026;2026;Ministério do Desenvolvimento, Indústria, Comércio e Serviços;encerrado;Inscrições Encerradas;;-5;;;órgão-alvo(+2), gratificação técnica(-3), nível médio/intermediário(-4);nível médio/intermediário;GSISP NI - Gestão e Planejamento de TI | GSISP NI - Transformação Digital | GSISP NI - Privacidade e Segurança da Informação;https://oportunidades.sigepe.gov.br/oportunidades-portal/api/html/6380;21/08/2026;21/08/2026
6379;456.4/2026;2026;Ministério da Gestão e da Inovação em Serviços Públicos;encerrado;Inscrições Encerradas;;3;;;desenvolvimento sustentável(+2), ciência de dados(+1), políticas públicas(+1), órgão-alvo(+2), gratificação técnica(-3);;Analista de Desenvolvimento Econômico para atuação na Coordenação-Geral de Desenvolvimento | Analista de Ciência de Dados para atuação na Coordenação-Geral do Observatório de Contrataç | Analista de Gestão em Políticas Públicas para atuação na assessoria da diretoria;https://oportunidades.sigepe.gov.br/oportunidades-portal/api/html/6379;21/08/2026;21/08/2026
6376;625.1/2026;2026;Ministério do Desenvolvimento, Indústria, Comércio e Serviços;encerrado;Inscrições Encerradas;;-1;;;órgão-alvo(+2), gratificação técnica(-3);;GSISP NS - Privacidade e Segurança da Informação;https://oportunidades.sigepe.gov.br/oportunidades-portal/api/html/6376;21/08/2026;21/08/2026
6375;451.1/2026;2026;Ministério do Desenvolvimento, Indústria, Comércio e Serviços;encerrado;Inscrições Encerradas;;-1;;;órgão-alvo(+2), gratificação técnica(-3);;GSISP NS - Gestão de Dados e Informações;https://oportunidades.sigepe.gov.br/oportunidades-portal/api/html/6375;21/08/2026;21/08/2026
6374;448/2026;2026;Conselho Administrativo de Defesa Econômica;encerrado;Inscrições Encerradas;;2;;;órgão-alvo(+2);;Corregedoria;https://oportunidades.sigepe.gov.br/oportunidades-portal/api/html/6374;21/08/2026;21/08/2026
6371;445.2/2026;2026;Ministério da Ciência, Tecnologia e Inovação;encerrado;Inscrições Encerradas;;-2;;;órgão-alvo(+2), graduação específica(-4);"graduação específica; área da saúde";Servidor Público Federal de Cargo Efetivo Habilitado para Realização de Perícias Médicas;https://oportunidades.sigepe.gov.br/oportunidades-portal/api/html/6371;21/08/2026;21/08/2026
6369;442.2/2026;2026;Ministério do Planejamento e Orçamento;encerrado;Inscrições Encerradas;;0;;;infraestrutura(+1), órgão-alvo(+2), gratificação técnica(-3);;Gratificação (GSISP) - Infraestrutura e Plataformas Digitais;https://oportunidades.sigepe.gov.br/oportunidades-portal/api/html/6369;21/08/2026;21/08/2026
6367;440.1/2026;2026;Ministério do Planejamento e Orçamento;encerrado;Inscrições Encerradas;;-1;;;órgão-alvo(+2), gratificação técnica(-3);;Gratificação (GSISP) - Privacidade e Segurança da Informação;https://oportunidades.sigepe.gov.br/oportunidades-portal/api/html/6367;21/08/2026;21/08/2026
6366;494.1/2026;2026;Ministério da Justiça e Segurança Pública;encerrado;Inscrições Encerradas;;4;coordenador (1.10);Brasília;coordenador (1.10)(+1), Brasília(+1), órgão-alvo(+2);;REQUISITADO-FCE 1.10-Coordenador(a) da Coordenação de Ambientes Digitais-COAD/CGTAD/SRE/ANPD | REQUISITADO-FCE 1.10-Coordenador(a) da Coordenação de Proteção de Dados-COPD/CGPD/SRE/ANPD | REQUISITADO-FCE 1.10-Coordenador(a) da Coordenação de Analise Regulatória-COAR/CGPAR/SRE/ANPD;https://oportunidades.sigepe.gov.br/oportunidades-portal/api/html/6366;21/08/2026;21/08/2026
6365;444/2026;2026;Ministério do Trabalho e Emprego;encerrado;Inscrições Encerradas;;-1;chefia baixa;;chefia baixa(-3), órgão-alvo(+2);;FCE 2.09 - Assistente da Secretaria-Executiva - SERVIDOR(A) EFETIVO(A);https://oportunidades.sigepe.gov.br/oportunidades-portal/api/html/6365;21/08/2026;21/08/2026
6364;441.2/2026;2026;Ministério do Planejamento e Orçamento;encerrado;Inscrições Encerradas;;-1;;;órgão-alvo(+2), gratificação técnica(-3);;Gratificação (GSISP) - Gestão de Dados e Informações;https://oportunidades.sigepe.gov.br/oportunidades-portal/api/html/6364;21/08/2026;21/08/2026
6362;437.2/2026;2026;Ministério da Agricultura e Pecuária;encerrado;Inscrições Encerradas;;-3;;;gratificação técnica(-3);;GSISTE NS - Coordenação de Planejamento e Desenvolvimento Funcional, da ENAGRO/MAPA;https://oportunidades.sigepe.gov.br/oportunidades-portal/api/html/6362;21/08/2026;21/08/2026
6361;436.7/2026;2026;Presidência da República;encerrado;Inscrições Encerradas;;-1;;;órgão-alvo(+2), gratificação técnica(-3);;GSISTE - NÍVEL SUPERIOR;https://oportunidades.sigepe.gov.br/oportunidades-portal/api/html/6361;21/08/2026;21/08/2026
6360;435/2026;2026;Presidência da República;encerrado;Inscrições Encerradas;;-1;chefia baixa;;chefia baixa(-3), órgão-alvo(+2);;FCE 2.07;https://oportunidades.sigepe.gov.br/oportunidades-portal/api/html/6360;21/08/2026;21/08/2026
6358;431.1/2026;2026;Conselho Nacional de Desenvolvimento Científico e Tecnológico;encerrado;Inscrições Encerradas;;-2;;;infraestrutura(+1), gratificação técnica(-3);;GSISP/NS - Infraestrutura e Plataformas Digitais - Nível Superior | GSISP/NS - Gestão e Planejamento de TI - Nível Superior;https://oportunidades.sigepe.gov.br/oportunidades-portal/api/html/6358;21/08/2026;21/08/2026
6357;433.3/2026;2026;Fundação Escola Nacional de Administração Pública;encerrado;Inscrições Encerradas;;-1;;;órgão-alvo(+2), gratificação técnica(-3);;GAEG DE NÍVEL SUPERIOR  - OUVIDORIA;https://oportunidades.sigepe.gov.br/oportunidades-portal/api/html/6357;21/08/2026;21/08/2026
6352;430.1/2026;2026;Ministério da Cultura;encerrado;Inscrições Encerradas;;-7;;;gratificação técnica(-3), nível médio/intermediário(-4);nível médio/intermediário;GSISP de Nível Intermediário - Contratações de TI;https://oportunidades.sigepe.gov.br/oportunidades-portal/api/html/6352;21/08/2026;21/08/2026
6351;429.3/2026;2026;Fundação Escola Nacional de Administração Pública;encerrado;Inscrições Encerradas;;-1;;;órgão-alvo(+2), gratificação técnica(-3);;GAEG DE NÍVEL SUPERIOR  - COORDENAÇÃO-GERAL DE ARTICULAÇÃO INSTITUCIONAL;https://oportunidades.sigepe.gov.br/oportunidades-portal/api/html/6351;21/08/2026;21/08/2026
6346;446.1/2026;2026;Ministério da Pesca e Aquicultura;encerrado;Inscrições Encerradas;;-6;chefia baixa;;chefia baixa(-3), gratificação técnica(-3);;Chefe de Divisão (FCE 1.07) + GSISTE de Nível Superior;https://oportunidades.sigepe.gov.br/oportunidades-portal/api/html/6346;21/08/2026;21/08/2026
6345;432.1/2026;2026;Ministério da Justiça e Segurança Pública;encerrado;Inscrições Encerradas;;0;chefia baixa;Brasília;chefia baixa(-3), Brasília(+1), órgão-alvo(+2);;CHEFE DE DIVISÃO DE PLANEJAMENTO E GESTÃO (FCE 1.07) NA ÁREA DE TIC DO MJSP;https://oportunidades.sigepe.gov.br/oportunidades-portal/api/html/6345;21/08/2026;21/08/2026
6344;438.1/2026;2026;Agência Nacional de Transportes Aquaviários;encerrado;Inscrições Encerradas;;-7;;;gratificação técnica(-3), nível médio/intermediário(-4);nível médio/intermediário;GSISP/GTGI Nível Superior Área: Transformação Digital | GSISP/GTGI  Nível Intermediário Área: Transformação Digital | GSISP/GTGI Nível Intermediário Área: Gestão e Planejamento de TI;https://oportunidades.sigepe.gov.br/oportunidades-portal/api/html/6344;21/08/2026;21/08/2026
6343;427.1/2026;2026;Defensoria Pública da União;encerrado;Inscrições Encerradas;;0;;;;;Coordenação de Execução Financeira de Despesas Contratuais | Coordenação de Execução Financeira de Despesas de Pessoal | Coordenação de Execução Orçamentária e Financeira;https://oportunidades.sigepe.gov.br/oportunidades-portal/api/html/6343;21/08/2026;21/08/2026
6340;421.2/2026;2026;Instituto Nacional de Tecnologia da Informação;encerrado;Inscrições Encerradas;;0;;;;;Perfil Analista em Ouvidoria;https://oportunidades.sigepe.gov.br/oportunidades-portal/api/html/6340;21/08/2026;21/08/2026
6336;426.1/2026;2026;Conselho Administrativo de Defesa Econômica;encerrado;Inscrições Encerradas;;2;;;órgão-alvo(+2);;Coordenação de Análise de Antitruste 9-II (COA 9-II);https://oportunidades.sigepe.gov.br/oportunidades-portal/api/html/6336;21/08/2026;21/08/2026
6335;425.1/2026;2026;Conselho Administrativo de Defesa Econômica;encerrado;Inscrições Encerradas;;2;;;órgão-alvo(+2);;Coordenação de Análise de Antitruste I (COA I);https://oportunidades.sigepe.gov.br/oportunidades-portal/api/html/6335;21/08/2026;21/08/2026
6330;423.2/2026;2026;Ministério da Gestão e da Inovação em Serviços Públicos;encerrado;Inscrições Encerradas;;-5;;;órgão-alvo(+2), gratificação técnica(-3), nível médio/intermediário(-4);nível médio/intermediário;Vaga na área de Transformação Digital em Gestão de Pessoas;https://oportunidades.sigepe.gov.br/oportunidades-portal/api/html/6330;21/08/2026;21/08/2026
6327;422.1/2026;2026;Presidência da República;encerrado;Inscrições Encerradas;;3;coordenador (1.10);;coordenador (1.10)(+1), órgão-alvo(+2);;FCE 2.10;https://oportunidades.sigepe.gov.br/oportunidades-portal/api/html/6327;21/08/2026;21/08/2026
6325;414.1/2026;2026;Instituto Nacional de Estudos e Pesquisas Educacionais Anísio Teixeira;encerrado;Inscrições Encerradas;;-6;;;infraestrutura(+1), gratificação técnica(-3), nível médio/intermediário(-4);nível médio/intermediário;GSISP (NS) - Privacidade e Segurança da Informação | GSISP (NS) - Infraestrutura e Plataformas Digitais | GSISP (NI) - Contratações de TI;https://oportunidades.sigepe.gov.br/oportunidades-portal/api/html/6325;21/08/2026;21/08/2026
6319;419.2/2026;2026;Presidência da República;encerrado;Inscrições Encerradas;;2;;;órgão-alvo(+2);;Serviço de Preparação Física;https://oportunidades.sigepe.gov.br/oportunidades-portal/api/html/6319;21/08/2026;21/08/2026
6318;407.3/2026;2026;Instituto Nacional de Estudos e Pesquisas Educacionais Anísio Teixeira;encerrado;Inscrições Encerradas;;3;coordenador (1.10);;coordenador (1.10)(+1), órgão-alvo(+2);;Divisão de Planejamento de Contratos de Aplicação para a Educação Superior - FCE 1.07 | Coordenador de Planejamento de Contratos de Aplicação para a Educação Básica - FCE 1.10 | Chefe da Divisão de Planejamento de Contratos de Aplicação para a Educação Básica FCE 1.07 | Divisão de Gestão de Contratos de Aplicação para a Educação Superior - FCE 1.07 | Coordenador de Gestão de Contratos de Aplicação;https://oportunidades.sigepe.gov.br/oportunidades-portal/api/html/6318;21/08/2026;21/08/2026
6314;403.1/2026;2026;Ministério da Educação;encerrado;Inscrições Encerradas;;-5;;;órgão-alvo(+2), gratificação técnica(-3), nível médio/intermediário(-4);nível médio/intermediário;2 (duas) VAGAS: CONTRATAÇÕES DE TI | 1 (uma) VAGA: GESTÃO E PLANEJAMENTO DE TI;https://oportunidades.sigepe.gov.br/oportunidades-portal/api/html/6314;21/08/2026;21/08/2026
6313;405.2/2026;2026;Ministério da Gestão e da Inovação em Serviços Públicos;encerrado;Inscrições Encerradas;;3;coordenador (1.10);;coordenador (1.10)(+1), órgão-alvo(+2);;FCE 1.10 - Coordenador de Interoperabilidade e Compartilhamento de Dados Intersetoriais;https://oportunidades.sigepe.gov.br/oportunidades-portal/api/html/6313;21/08/2026;21/08/2026
6312;402.1/2026;2026;Ministério da Educação;encerrado;Inscrições Encerradas;;-1;;;órgão-alvo(+2), gratificação técnica(-3);;1 (uma) VAGA: CONTRATAÇÕES DE TIC | 1 (uma) VAGA: GESTÃO E PLANEJAMENTO DE TIC;https://oportunidades.sigepe.gov.br/oportunidades-portal/api/html/6312;21/08/2026;21/08/2026
6311;424.1/2026;2026;Defensoria Pública da União;encerrado;Inscrições Encerradas;;-5;;União em Rondonópolis/MT;União em Rondonópolis/MT(-5);;Defensoria Pública da União em Rondonópolis/MT;https://oportunidades.sigepe.gov.br/oportunidades-portal/api/html/6311;21/08/2026;21/08/2026
6308;399/2026;2026;Ministério da Defesa;encerrado;Inscrições Encerradas;;-7;;;gratificação técnica(-3), nível médio/intermediário(-4);nível médio/intermediário;GSISTE - CIPEF - Nível Intermediário;https://oportunidades.sigepe.gov.br/oportunidades-portal/api/html/6308;21/08/2026;21/08/2026
6307;398/2026;2026;Fundação Cultural Palmares;encerrado;Inscrições Encerradas;;-3;;;gratificação técnica(-3);;Gratificação Temporária do Sistema de Administração dos Recursos de Informação e Informática - GSISP;https://oportunidades.sigepe.gov.br/oportunidades-portal/api/html/6307;21/08/2026;21/08/2026
6305;401.1/2026;2026;Fundação Escola Nacional de Administração Pública;encerrado;Inscrições Encerradas;;2;;;órgão-alvo(+2);;Atuar em Privacidade e Segurança da Informação na Coordenação de Cibersegurança e Proteção de Dados;https://oportunidades.sigepe.gov.br/oportunidades-portal/api/html/6305;21/08/2026;21/08/2026
6304;397.1/2026;2026;Ministério dos Transportes;encerrado;Inscrições Encerradas;;-1;;;órgão-alvo(+2), gratificação técnica(-3);;1 (uma)  GSISP NM  - Transformação Digital - Administração e Governança de Dados;https://oportunidades.sigepe.gov.br/oportunidades-portal/api/html/6304;21/08/2026;21/08/2026
6303;400.1/2026;2026;Fundação Escola Nacional de Administração Pública;encerrado;Inscrições Encerradas;;2;;;órgão-alvo(+2);;Atuação em Gestão de Dados e Informações, no âmbito da Coordenação de Sistemas e Produtos Digitais;https://oportunidades.sigepe.gov.br/oportunidades-portal/api/html/6303;21/08/2026;21/08/2026
6301;447.1/2026;2026;Instituto Nacional da Propriedade Industrial;encerrado;Inscrições Encerradas;;-3;;;gratificação técnica(-3);;1 vaga GSISP para o INPI - Transformação Digital (nível superior);https://oportunidades.sigepe.gov.br/oportunidades-portal/api/html/6301;21/08/2026;21/08/2026
6300;466.3/2026;2026;Ministério da Saúde;encerrado;Inscrições Encerradas;;-3;;SELOA/PR;SELOA/PR(-5), órgão-alvo(+2);;SELOA/PR | SEINP/PR | SMSA/PR | DITRE/PR | SEGEP/PR;https://oportunidades.sigepe.gov.br/oportunidades-portal/api/html/6300;21/08/2026;21/08/2026
6299;439.5/2026;2026;Ministério da Justiça e Segurança Pública;encerrado;Inscrições Encerradas;;5;coordenador (1.10);Brasília;coordenador (1.10)(+1), Brasília(+1), infraestrutura(+1), órgão-alvo(+2);;Assessor Técnico Especializado - FCE 4.01 | Chefe do Núcleo de Segurança da Informação - FCE 1.01 | Chefe do Setor de Administração de Dados - FCE 1.02 | Chefe do Setor de Arquitetura de Sistemas - FCE 1.02 | Chefe do Serviço de Planejamento e Governança - FCE 1.05 | Chefe do Serviço de Infraestrutura e Atendimento - FCE 1.05;https://oportunidades.sigepe.gov.br/oportunidades-portal/api/html/6299;21/08/2026;21/08/2026
6298;409/2026;2026;Ministério da Fazenda;encerrado;Inscrições Encerradas;;-1;;;órgão-alvo(+2), gratificação técnica(-3);;GSISTE de Nível Superior do Sistema de Gestão de Parcerias da União;https://oportunidades.sigepe.gov.br/oportunidades-portal/api/html/6298;21/08/2026;21/08/2026
6295;393/2026;2026;Fundação Cultural Palmares;encerrado;Inscrições Encerradas;;1;coordenador (1.10);;coordenador (1.10)(+1);;Função Comissionada Executiva - FCE 1.10;https://oportunidades.sigepe.gov.br/oportunidades-portal/api/html/6295;21/08/2026;21/08/2026
6293;416.2/2026;2026;Ministério da Justiça e Segurança Pública;encerrado;Inscrições Encerradas;;0;;Brasília;Brasília(+1), órgão-alvo(+2), gratificação técnica(-3);;REQUISITADO-GSISTE DE NÍVEL SUPERIOR - AGENTE DE CONTRATAÇÃO - PREGOEIRO/CGLOG/ANPD;https://oportunidades.sigepe.gov.br/oportunidades-portal/api/html/6293;21/08/2026;21/08/2026
6292;388.1/2026;2026;Ministério da Educação;encerrado;Inscrições Encerradas;;-1;;;órgão-alvo(+2), gratificação técnica(-3);;1 (uma) VAGA: GSISP - Nível Superior - Especialista em Sincronização de Dados de Contratos | 1 (uma) VAGA: GSISP - Nível Superior - Apoio à Gestão e ao Monitoramento das Compras e Contratações | 1 (uma) VAGA: GSISP - Nível Superior - Apoio à Gestão e ao Monitoramento das Compras e Contratações;https://oportunidades.sigepe.gov.br/oportunidades-portal/api/html/6292;21/08/2026;21/08/2026
6290;389.1/2026;2026;Ministério da Educação;encerrado;Inscrições Encerradas;;-5;;;órgão-alvo(+2), gratificação técnica(-3), nível médio/intermediário(-4);nível médio/intermediário;1 (uma) VAGA: GSISP - Nível Intermediário - Técnico de Dados de Contratos | 1 (uma) VAGA: GSISP - Nível Intermediário - Licitações de TI;https://oportunidades.sigepe.gov.br/oportunidades-portal/api/html/6290;21/08/2026;21/08/2026
6285;390.2/2026;2026;Ministério dos Direitos Humanos e da Cidadania;encerrado;Inscrições Encerradas;;0;;;;;Composição de força de trabalho junto a Comissão da Anistia;https://oportunidades.sigepe.gov.br/oportunidades-portal/api/html/6285;21/08/2026;21/08/2026
6284;387/2026;2026;Ministério da Gestão e da Inovação em Serviços Públicos;encerrado;Inscrições Encerradas;;0;chefia baixa;Brasília;chefia baixa(-3), Brasília(+1), órgão-alvo(+2);;01 (uma) vaga para Função Comissionada Executiva - FCE 1.07 - Chefe de Divisão - CGPPE/DEPEC/SEST;https://oportunidades.sigepe.gov.br/oportunidades-portal/api/html/6284;21/08/2026;21/08/2026
6281;385.1/2026;2026;Ministério da Justiça e Segurança Pública;encerrado;Inscrições Encerradas;;-4;;Brasília;Brasília(+1), órgão-alvo(+2), gratificação técnica(-3), nível médio/intermediário(-4);nível médio/intermediário;GSISTE - NÍVEL INTERMEDIÁRIO NA COORDENAÇÃO DE PAGAMENTO DO MJSP;https://oportunidades.sigepe.gov.br/oportunidades-portal/api/html/6281;21/08/2026;21/08/2026
6278;386.2/2026;2026;Fundação Nacional dos Povos Indígenas;encerrado;Inscrições Encerradas;;1;coordenador (1.10);;coordenador (1.10)(+1);;Coordenador(a) da Coordenação de Engenharia e Arquitetura - Coea | Chefe do Serviço de Planejamento e Análise das Contratações - Seplac | Chefe do Serviço de Conformidade, Alienação e Transferência - Secont;https://oportunidades.sigepe.gov.br/oportunidades-portal/api/html/6278;21/08/2026;21/08/2026
6277;384.1/2026;2026;Ministério da Cultura;encerrado;Inscrições Encerradas;;-6;chefia baixa;Brasília;chefia baixa(-3), Brasília(+1), nível médio/intermediário(-4);nível médio/intermediário;ÁREA:  Administrativa 1 - FCE 1.07;https://oportunidades.sigepe.gov.br/oportunidades-portal/api/html/6277;21/08/2026;21/08/2026
6273;391.2/2026;2026;Ministério do Trabalho e Emprego;encerrado;Inscrições Encerradas;;3;coordenador (1.10);;coordenador (1.10)(+1), órgão-alvo(+2);;Coordenador de Elaboração e Análise de Projetos de Engenharia;https://oportunidades.sigepe.gov.br/oportunidades-portal/api/html/6273;21/08/2026;21/08/2026
6272;373/2026;2026;Ministério do Desenvolvimento e Assistência Social, Família e Combate à Fome;encerrado;Inscrições Encerradas;;0;;Brasília;Brasília(+1), órgão-alvo(+2), gratificação técnica(-3);;Processo Seletivo 1 (uma) GSISP, NS, na área de Gestão de Dados e Informações, na STI;https://oportunidades.sigepe.gov.br/oportunidades-portal/api/html/6272;21/08/2026;21/08/2026
6270;411/2026;2026;Ministério da Gestão e da Inovação em Serviços Públicos;encerrado;Inscrições Encerradas;;4;coordenador (1.10);Brasília;coordenador (1.10)(+1), Brasília(+1), órgão-alvo(+2);;Coordenador (FCE 1.10) | Coordenador (FCE 1.10) | Chefia de Projeto (FCE 3.07) | Coordenador (FCE 1.10);https://oportunidades.sigepe.gov.br/oportunidades-portal/api/html/6270;21/08/2026;21/08/2026
6269;375.1/2026;2026;Ministério da Gestão e da Inovação em Serviços Públicos;encerrado;Inscrições Encerradas;;7;coordenador-geral;;coordenador-geral(+5), órgão-alvo(+2);;Gerente de Projetos - FCE 2.13 | Coordenador(a)-Geral de Sistemas e Dados - FCE 1.13 | Coordenador(a)-Geral de Força de Trabalho - FCE 1.13 | Coordenador(a) de Desenvolvimento - FCE 1.10 | Coordenador(a) de Desempenho, Progressão e Promoção - FCE 1.10 | Coordenador(a) de Normas e Legislações - FCE 1.10;https://oportunidades.sigepe.gov.br/oportunidades-portal/api/html/6269;21/08/2026;21/08/2026
6264;377.1/2026;2026;Fundo Nacional de Desenvolvimento da Educação;encerrado;Inscrições Encerradas;;-3;;;gratificação técnica(-3);;Gratificação Temporária do Sistema de Administração de Recursos de Tecnologia da Informação (GSISP);https://oportunidades.sigepe.gov.br/oportunidades-portal/api/html/6264;21/08/2026;21/08/2026
6263;378.1/2026;2026;Fundo Nacional de Desenvolvimento da Educação;encerrado;Inscrições Encerradas;;-3;;;gratificação técnica(-3);;Gratificação Temporária do Sistema de Administração de Recursos de Tecnologia da Informação (GSISP);https://oportunidades.sigepe.gov.br/oportunidades-portal/api/html/6263;21/08/2026;21/08/2026
6262;415/2026;2026;Ministério da Saúde;encerrado;Inscrições Encerradas;;0;;Brasília;Brasília(+1), órgão-alvo(+2), gratificação técnica(-3);;Analista de Contratos de Repasse;https://oportunidades.sigepe.gov.br/oportunidades-portal/api/html/6262;21/08/2026;21/08/2026
6258;379.3/2026;2026;Fundo Nacional de Desenvolvimento da Educação;encerrado;Inscrições Encerradas;;-3;;;gratificação técnica(-3);;Gratificação Temporária do Sistema de Administração de Recursos de Tecnologia da Informação (GSISP);https://oportunidades.sigepe.gov.br/oportunidades-portal/api/html/6258;21/08/2026;21/08/2026
6256;381.1/2026;2026;Ministério da Gestão e da Inovação em Serviços Públicos;encerrado;Inscrições Encerradas;;-5;;;órgão-alvo(+2), gratificação técnica(-3), nível médio/intermediário(-4);nível médio/intermediário;GSISP - Nível Intermediário | GSISP - Nível Superior;https://oportunidades.sigepe.gov.br/oportunidades-portal/api/html/6256;21/08/2026;21/08/2026
6255;550.2/2026;2026;Ministério da Agricultura e Pecuária;encerrado;Inscrições Encerradas;;0;;;;;Apoio Meteorológico | Apoio Meteorológico | Apoio Meteorológico | Apoio Meteorológico | Apoio Meteorológico | Apoio Meteorológico | Apoio Meteorológico | Apoio Meteorológico | Apoio Meteorológico | Apoio Meteorológico | Apoio Meteorológico | Apoio Meteorológico | Apoio Meteorológico;https://oportunidades.sigepe.gov.br/oportunidades-portal/api/html/6255;21/08/2026;21/08/2026
6251;376.2/2026;2026;Ministério do Trabalho e Emprego;encerrado;Inscrições Encerradas;;-2;;;órgão-alvo(+2), nível médio/intermediário(-4);nível médio/intermediário;Vagas na Coordenação-Geral dos Pactos pelo Trabalho Decente;https://oportunidades.sigepe.gov.br/oportunidades-portal/api/html/6251;21/08/2026;21/08/2026
6250;368.2/2026;2026;Ministério do Meio Ambiente e Mudança do Clima;encerrado;Inscrições Encerradas;;-5;;;órgão-alvo(+2), gratificação técnica(-3), nível médio/intermediário(-4);nível médio/intermediário;GSISP de Nível Superior (NS) - Privacidade e Segurança da Informação | GSISP de Nível Superior (NS) - Gestão de Dados e Informações | GSISP de Nível Médio (NI) - Gestão e Planejamento de TI;https://oportunidades.sigepe.gov.br/oportunidades-portal/api/html/6250;21/08/2026;21/08/2026
6248;473.2/2026;2026;Departamento Nacional de Infraestrutura de Transportes;encerrado;Inscrições Encerradas;;1;;;infraestrutura(+1);;Analistas em Infraestrutura de Transportes - especialidade em Engenharia Civil;https://oportunidades.sigepe.gov.br/oportunidades-portal/api/html/6248;21/08/2026;21/08/2026
6246;366.3/2026;2026;Instituto Nacional de Tecnologia da Informação;encerrado;Inscrições Encerradas;;2;coordenador (1.10);Brasília;coordenador (1.10)(+1), Brasília(+1);;Coordenador de Infraestrutura Tecnológica (COTEC) -CCE 1.10;https://oportunidades.sigepe.gov.br/oportunidades-portal/api/html/6246;21/08/2026;21/08/2026
6238;363.1/2026;2026;Ministério da Ciência, Tecnologia e Inovação;encerrado;Inscrições Encerradas;;-5;;;órgão-alvo(+2), gratificação técnica(-3), nível médio/intermediário(-4);nível médio/intermediário;GSISP de Nível Médio - Gestão e Planejamento de Tecnologia da Informação | GSISP de Nível Médio - Privacidade e Segurança da Informação | GSISP de Nível Superior - Contratações de Tecnologia da Informação;https://oportunidades.sigepe.gov.br/oportunidades-portal/api/html/6238;21/08/2026;21/08/2026
6236;369.1/2026;2026;Ministério da Gestão e da Inovação em Serviços Públicos;encerrado;Inscrições Encerradas;;-5;;;órgão-alvo(+2), gratificação técnica(-3), nível médio/intermediário(-4);nível médio/intermediário;GSISTE-NI para atuar em projetos da Identificação Civil na COMAI/CGIDC/DEPID/SGD;https://oportunidades.sigepe.gov.br/oportunidades-portal/api/html/6236;21/08/2026;21/08/2026
6234;354.3/2026;2026;Fundação Escola Nacional de Administração Pública;encerrado;Inscrições Encerradas;;-5;;;órgão-alvo(+2), gratificação técnica(-3), nível médio/intermediário(-4);nível médio/intermediário;GAEG NI  - Apoio Técnico-Administrativo - COEV;https://oportunidades.sigepe.gov.br/oportunidades-portal/api/html/6234;21/08/2026;21/08/2026
6232;356/2026;2026;Ministério do Esporte;encerrado;Inscrições Encerradas;;-3;;;gratificação técnica(-3);;Privacidade e Segurança da Informação | Gestão de Dados e Informações | Transformação Digital;https://oportunidades.sigepe.gov.br/oportunidades-portal/api/html/6232;21/08/2026;21/08/2026
6231;352.1/2026;2026;Ministério da Pesca e Aquicultura;encerrado;Inscrições Encerradas;;-5;;;órgão-alvo(+2), gratificação técnica(-3), nível médio/intermediário(-4);nível médio/intermediário;GSISTE - Nível Superior - Coordenação de Prestação de Contas (CPC) | GSISTE - Nível Intermediário- Tomada de Contas Especial (TCE/CPC) | GSISTE - Nível Superior - Coordenação de Celebrações de Convênios (CCONV);https://oportunidades.sigepe.gov.br/oportunidades-portal/api/html/6231;21/08/2026;21/08/2026
6229;349.1/2026;2026;Ministério da Cultura;encerrado;Inscrições Encerradas;;-2;coordenador (1.10);Brasília;coordenador (1.10)(+1), Brasília(+1), nível médio/intermediário(-4);nível médio/intermediário;EDITAL DE SELEÇÃO SE/MINC - COORDENADOR DE CONTRATOS E PARCERIAS- FCE 1.10;https://oportunidades.sigepe.gov.br/oportunidades-portal/api/html/6229;21/08/2026;21/08/2026
6228;347/2026;2026;Ministério do Desenvolvimento e Assistência Social, Família e Combate à Fome;encerrado;Inscrições Encerradas;;-4;chefia baixa;Brasília;chefia baixa(-3), Brasília(+1), órgão-alvo(+2), graduação específica(-4);graduação específica;Processo Seletivo para concessão de 1 (uma) FCE 3.07 (Chefe de Projeto), na CGSCFV/DPSB/SNAS | Processo Seletivo para concessão de 2 (duas) vagas na CGSCFV/DPSB/SNAS;https://oportunidades.sigepe.gov.br/oportunidades-portal/api/html/6228;21/08/2026;21/08/2026
6227;350.1/2026;2026;Fundação Nacional dos Povos Indígenas;encerrado;Inscrições Encerradas;;1;;;infraestrutura(+1);;Infraestrutura e Plataformas Digitais | Privacidade e Segurança da Informação | Gestão e Planejamento de TI;https://oportunidades.sigepe.gov.br/oportunidades-portal/api/html/6227;21/08/2026;21/08/2026
6226;348/2026;2026;Ministério da Saúde;encerrado;Inscrições Encerradas;;3;;;infraestrutura(+1), órgão-alvo(+2);;Arquiteto(a) FCE 4.04;https://oportunidades.sigepe.gov.br/oportunidades-portal/api/html/6226;21/08/2026;21/08/2026
6222;345.1/2026;2026;Conselho Nacional de Desenvolvimento Científico e Tecnológico;encerrado;Inscrições Encerradas;;2;;;órgão-alvo(+2);;Coordenação-Geral de Gestão de Pessoas - CGGEP/DADM;https://oportunidades.sigepe.gov.br/oportunidades-portal/api/html/6222;21/08/2026;21/08/2026
6220;344.1/2026;2026;Ministério do Desenvolvimento, Indústria, Comércio e Serviços;encerrado;Inscrições Encerradas;;3;coordenador (1.10);;coordenador (1.10)(+1), órgão-alvo(+2);;Coordenação de Tecnologias Emergentes - FCE 1.10;https://oportunidades.sigepe.gov.br/oportunidades-portal/api/html/6220;21/08/2026;21/08/2026
6219;343.3/2026;2026;Instituto Nacional de Tecnologia da Informação;encerrado;Inscrições Encerradas;;-3;;;gratificação técnica(-3);;GSISP - Gestão e Planejamento de TI;https://oportunidades.sigepe.gov.br/oportunidades-portal/api/html/6219;21/08/2026;21/08/2026
6212;342.2/2026;2026;Ministério do Turismo;encerrado;Inscrições Encerradas;;0;;Brasília;Brasília(+1), órgão-alvo(+2), gratificação técnica(-3);;GSISTE -  Nível Superior (NS) - SISG;https://oportunidades.sigepe.gov.br/oportunidades-portal/api/html/6212;21/08/2026;21/08/2026
6209;340.3/2026;2026;Ministério da Fazenda;encerrado;Inscrições Encerradas;;-5;;;órgão-alvo(+2), gratificação técnica(-3), nível médio/intermediário(-4);nível médio/intermediário;GSISP NS - Gestão e Planejamento de TI | GSISP NI - Contratações de TI;https://oportunidades.sigepe.gov.br/oportunidades-portal/api/html/6209;21/08/2026;21/08/2026
6207;346.1/2026;2026;Ministério da Saúde;encerrado;Inscrições Encerradas;;-4;;;infraestrutura(+1), órgão-alvo(+2), gratificação técnica(-3), nível médio/intermediário(-4);nível médio/intermediário;GSISP - Nível Superior - Área Infraestrutura e Plataformas Digitais | GSISP - Nível Intermediário - Área de Gestão e Planejamento de Tecnologia da Informação;https://oportunidades.sigepe.gov.br/oportunidades-portal/api/html/6207;21/08/2026;21/08/2026
6200;335.4/2026;2026;Agência Espacial Brasileira;encerrado;Inscrições Encerradas;;3;coordenador (1.10);;coordenador (1.10)(+1), espacial(+2);;Assessor Técnico (CCE 2.10) - Agência Espacial Brasileira;https://oportunidades.sigepe.gov.br/oportunidades-portal/api/html/6200;21/08/2026;21/08/2026
6197;333.3/2026;2026;Fundo Nacional de Desenvolvimento da Educação;encerrado;Inscrições Encerradas;;-3;chefia baixa;;chefia baixa(-3);;Função Comissionada Executiva FCE 1.07;https://oportunidades.sigepe.gov.br/oportunidades-portal/api/html/6197;21/08/2026;21/08/2026
6187;327.1/2026;2026;Ministério da Educação;encerrado;Inscrições Encerradas;;-5;;;órgão-alvo(+2), gratificação técnica(-3), nível médio/intermediário(-4);nível médio/intermediário;GSISP de Nível Intermediário;https://oportunidades.sigepe.gov.br/oportunidades-portal/api/html/6187;21/08/2026;21/08/2026
6186;328.1/2026;2026;Ministério da Educação;encerrado;Inscrições Encerradas;;-1;;;órgão-alvo(+2), gratificação técnica(-3);;GSISP de Nível Superior;https://oportunidades.sigepe.gov.br/oportunidades-portal/api/html/6186;21/08/2026;21/08/2026
6185;324.1/2026;2026;Ministério dos Direitos Humanos e da Cidadania;encerrado;Inscrições Encerradas;;-3;;;gratificação técnica(-3);;GSISTE-NS/SIGPAR junto à Coordenação-Geral de Acompanhamento de Parcerias (CGAP/SNDCA);https://oportunidades.sigepe.gov.br/oportunidades-portal/api/html/6185;21/08/2026;21/08/2026
6183;322.2/2026;2026;Ministério da Justiça e Segurança Pública;encerrado;Inscrições Encerradas;;3;;Brasília;Brasília(+1), órgão-alvo(+2);;TELETRABALHO INTEGRAL NA ÁREA DE PRESTAÇÃO DE CONTAS E CONTROLE INTERNO DA SENAD/MJSP;https://oportunidades.sigepe.gov.br/oportunidades-portal/api/html/6183;21/08/2026;21/08/2026
6182;321.2/2026;2026;Ministério da Justiça e Segurança Pública;encerrado;Inscrições Encerradas;;3;;Brasília;Brasília(+1), órgão-alvo(+2);;TELETRABALHO PARCIAL NA ÁREA DE PRESTAÇÃO DE CONTAS E CONTROLE INTERNO DA SENAD/MJSP;https://oportunidades.sigepe.gov.br/oportunidades-portal/api/html/6182;21/08/2026;21/08/2026
6181;320.1/2026;2026;Ministério da Justiça e Segurança Pública;encerrado;Inscrições Encerradas;;3;;Brasília;Brasília(+1), órgão-alvo(+2);;TELETRABALHO INTEGRAL NA ÁREA DE ORÇAMENTO E FINANÇAS DA SENAD/MJSP;https://oportunidades.sigepe.gov.br/oportunidades-portal/api/html/6181;21/08/2026;21/08/2026
6180;319.1/2026;2026;Ministério da Justiça e Segurança Pública;encerrado;Inscrições Encerradas;;3;;Brasília;Brasília(+1), órgão-alvo(+2);;TELETRABALHO PARCIAL NA ÁREA DE ORÇAMENTO E FINANÇAS DA SENAD/MJSP;https://oportunidades.sigepe.gov.br/oportunidades-portal/api/html/6180;21/08/2026;21/08/2026
6178;317.1/2026;2026;Ministério do Meio Ambiente e Mudança do Clima;encerrado;Inscrições Encerradas;;-1;coordenador (1.10);;coordenador (1.10)(+1), órgão-alvo(+2), nível médio/intermediário(-4);nível médio/intermediário;Função Comissionada Executiva - FCE 1.10;https://oportunidades.sigepe.gov.br/oportunidades-portal/api/html/6178;21/08/2026;21/08/2026
6174;326.1/2026;2026;Ministério da Gestão e da Inovação em Serviços Públicos;encerrado;Inscrições Encerradas;;0;coordenador (1.10);;coordenador (1.10)(+1), órgão-alvo(+2), gratificação técnica(-3);;Coordenador de Projetos de Tecnologia da Informação e Comunicação, código CCE 1.10 + GSISTE/NS.;https://oportunidades.sigepe.gov.br/oportunidades-portal/api/html/6174;21/08/2026;21/08/2026
6171;374/2026;2026;Fundação Nacional de Saúde;encerrado;Inscrições Encerradas;;1;coordenador (1.10);;coordenador (1.10)(+1);;2 (duas) vagas de Assessor Técnico Especializado- PRESI-FUNASA/DENSP/CGEAR/COEPR (FCE 4.05) | 2 (duas) vagas de Assessor Técnico Especializado -  PRESI-FUNASA/DENSP/CGEAR/CODRE (FCE 4.09) | 1 (uma) vaga de Coordenador da Coordenação de Estudos e Projetos - COEPR/CGEAR/DENSP (FCE 1.10). | 1 (uma) vaga de  Assessor Técnico Especializado (FCE 4.05).;https://oportunidades.sigepe.gov.br/oportunidades-portal/api/html/6171;21/08/2026;21/08/2026
6170;315.2/2026;2026;Fundação Cultural Palmares;encerrado;Inscrições Encerradas;;0;;;;;FCE 4.05;https://oportunidades.sigepe.gov.br/oportunidades-portal/api/html/6170;21/08/2026;21/08/2026
6168;316.3/2026;2026;Fundação Universidade Federal do Piauí;encerrado;Inscrições Encerradas;;5;;;modelagem(+3), inteligência artificial(+1), geoprocessamento(+1);;Instrutor(a) do curso Uso dos sistemas SIG na UFPI | Instrutor(a) do curso de Escuta ativa e comunicação não violenta | Instrutor(a) do curso de Primeiros socorros | Instrutor(a) do curso de Gestão de projetos de inovação | Instrutor(a) do curso de Inteligência artificial voltada a inovação e gestão | Instrutor(a) do curso Modelagem matemática em linguagem R para pesquisa científica | Instrutor(a);https://oportunidades.sigepe.gov.br/oportunidades-portal/api/html/6168;21/08/2026;21/08/2026
6166;312.1/2026;2026;Ministério da Educação;encerrado;Inscrições Encerradas;;-1;chefia baixa;;chefia baixa(-3), órgão-alvo(+2);;Função Gratificada Executiva FCE 1.07;https://oportunidades.sigepe.gov.br/oportunidades-portal/api/html/6166;21/08/2026;21/08/2026
6164;313.1/2026;2026;Ministério da Gestão e da Inovação em Serviços Públicos;encerrado;Inscrições Encerradas;;8;coordenador-geral;;coordenador-geral(+5), ciência de dados(+1), órgão-alvo(+2);;FCE 1.13 - Coordenador-Geral  de Inteligência e Estudo para Inovação;https://oportunidades.sigepe.gov.br/oportunidades-portal/api/html/6164;21/08/2026;21/08/2026
6161;323.1/2026;2026;Ministério da Justiça e Segurança Pública;encerrado;Inscrições Encerradas;;3;;Brasília;Brasília(+1), órgão-alvo(+2);;TELETRABALHO PARCIAL NA ÁREA DE POLÍTICAS DE REFÚGIO DO MJSP;https://oportunidades.sigepe.gov.br/oportunidades-portal/api/html/6161;21/08/2026;21/08/2026
6160;311.1/2026;2026;Ministério da Justiça e Segurança Pública;encerrado;Inscrições Encerradas;;-4;;Brasília;Brasília(+1), órgão-alvo(+2), gratificação técnica(-3), nível médio/intermediário(-4);nível médio/intermediário;GSISP - NÍVEL INTERMEDIÁRIO - ÁREA DE CONTRATAÇÕES DE TECNOLOGIA DA INFORMAÇÃO NO MJSP;https://oportunidades.sigepe.gov.br/oportunidades-portal/api/html/6160;21/08/2026;21/08/2026
6158;310.1/2026;2026;Ministério da Justiça e Segurança Pública;encerrado;Inscrições Encerradas;;-4;;Brasília;Brasília(+1), órgão-alvo(+2), gratificação técnica(-3), nível médio/intermediário(-4);nível médio/intermediário;GSISP - NÍVEL INTERMEDIÁRIO - ÁREA DE PRIVACIDADE E SEGURANÇA DA INFORMAÇÃO NO MJSP;https://oportunidades.sigepe.gov.br/oportunidades-portal/api/html/6158;21/08/2026;21/08/2026
6156;338/2026;2026;Agência Nacional de Saúde Suplementar;encerrado;Inscrições Encerradas;;-3;;;gratificação técnica(-3);;Gsisp - nível superior (vaga 03) | Gsisp - nível superior (vaga 01) | Gsisp - nível superior (vaga 02);https://oportunidades.sigepe.gov.br/oportunidades-portal/api/html/6156;21/08/2026;21/08/2026
6154;299.1/2026;2026;Ministério da Justiça e Segurança Pública;encerrado;Inscrições Encerradas;;0;;Brasília;Brasília(+1), órgão-alvo(+2), gratificação técnica(-3);;GSISTE - NÍVEL SUPERIOR NA COORDENAÇÃO DE PAGAMENTO DO MJSP;https://oportunidades.sigepe.gov.br/oportunidades-portal/api/html/6154;21/08/2026;21/08/2026
6152;305.1/2026;2026;Ministério da Cultura;encerrado;Inscrições Encerradas;;-3;;;gratificação técnica(-3);;GSISTE de Nível Superior para atuar com Emendas Parlamentares;https://oportunidades.sigepe.gov.br/oportunidades-portal/api/html/6152;21/08/2026;21/08/2026
6151;306.1/2026;2026;Ministério da Gestão e da Inovação em Serviços Públicos;encerrado;Inscrições Encerradas;;3;coordenador (1.10);;coordenador (1.10)(+1), órgão-alvo(+2);;Coordenador de Catalogação (FCE 1.10);https://oportunidades.sigepe.gov.br/oportunidades-portal/api/html/6151;21/08/2026;21/08/2026
6150;294.1/2026;2026;Agência Nacional de Águas e Saneamento Básico;encerrado;Inscrições Encerradas;;-6;;;infraestrutura(+1), gratificação técnica(-3), nível médio/intermediário(-4);nível médio/intermediário;GSISP - Nível Intermediário - Infraestrutura e Plataformas Digitais | GSISP - Nível Intermediário - Contratações de TIC | GSISP - Nível Intermediário - Gestão de Planejamento de TIC;https://oportunidades.sigepe.gov.br/oportunidades-portal/api/html/6150;21/08/2026;21/08/2026
6149;297.2/2026;2026;Ministério da Ciência, Tecnologia e Inovação;encerrado;Inscrições Encerradas;;-4;;Brasília;Brasília(+1), órgão-alvo(+2), gratificação técnica(-3), graduação específica(-4);graduação específica;GSISTE/SIPEC DE NÍVEL SUPERIOR - Coordenação-Geral de Gestão de Pessoas (CGGP) - MCTI;https://oportunidades.sigepe.gov.br/oportunidades-portal/api/html/6149;21/08/2026;21/08/2026
6148;291.1/2026;2026;Ministério do Turismo;encerrado;Inscrições Encerradas;;-1;chefia baixa;;chefia baixa(-3), órgão-alvo(+2);;Agente Fiscal de Turismo - FCE 3.04;https://oportunidades.sigepe.gov.br/oportunidades-portal/api/html/6148;21/08/2026;21/08/2026
6146;293/2026;2026;Conselho Administrativo de Defesa Econômica;encerrado;Inscrições Encerradas;;2;;;órgão-alvo(+2);;Perfil: Técnico em Comunicação Social;https://oportunidades.sigepe.gov.br/oportunidades-portal/api/html/6146;21/08/2026;21/08/2026
6145;303.1/2026;2026;Ministério da Integração e do Desenvolvimento Regional;encerrado;Inscrições Encerradas;;1;;Brasília;Brasília(+1), desenvolvimento regional(+1), órgão-alvo(+2), gratificação técnica(-3);;1 vaga GSISTE NS Coordenação-Geral de Informações Estratégicas e Geoespaciais (CGIGeo/Digec/SE);https://oportunidades.sigepe.gov.br/oportunidades-portal/api/html/6145;21/08/2026;21/08/2026
6142;318.1/2026;2026;Ministério da Justiça e Segurança Pública;encerrado;Inscrições Encerradas;;3;;Brasília;Brasília(+1), órgão-alvo(+2);;UMA VAGA NA ÁREA DE COOPERAÇÃO JURÍDICA INTERNACIONAL EM MATÉRIA CIVIL DO MJSP;https://oportunidades.sigepe.gov.br/oportunidades-portal/api/html/6142;21/08/2026;21/08/2026
6141;292/2026;2026;Presidência da República;encerrado;Inscrições Encerradas;;-1;chefia baixa;;chefia baixa(-3), órgão-alvo(+2);;FCE 1.07 para servidor público federal | RGA 2 para servidor público federal;https://oportunidades.sigepe.gov.br/oportunidades-portal/api/html/6141;21/08/2026;21/08/2026
6140;351.4/2026;2026;Ministério da Gestão e da Inovação em Serviços Públicos;encerrado;Inscrições Encerradas;;2;;;órgão-alvo(+2);;Especialista em Transformação Digital - Costa do Marfim;https://oportunidades.sigepe.gov.br/oportunidades-portal/api/html/6140;21/08/2026;21/08/2026
6136;289.1/2026;2026;Ministério dos Transportes;encerrado;Inscrições Encerradas;;0;;;infraestrutura(+1), órgão-alvo(+2), gratificação técnica(-3);;01 GSISTE NS (SIGA) | GSISTE NS (SISG) | 01 GSISTE NS (SISG);https://oportunidades.sigepe.gov.br/oportunidades-portal/api/html/6136;21/08/2026;21/08/2026
6135;288.1/2026;2026;Agência Nacional de Águas e Saneamento Básico;encerrado;Inscrições Encerradas;;0;;;;;Atuação voltada à gestão de atividades correcionais | Atuação na implementação e no fortalecimento das políticas de integridade institucional | Atuação no assessoramento técnico à alta gestão da Corregedoria;https://oportunidades.sigepe.gov.br/oportunidades-portal/api/html/6135;21/08/2026;21/08/2026
6134;287/2026;2026;Ministério do Desenvolvimento e Assistência Social, Família e Combate à Fome;encerrado;Inscrições Encerradas;;5;coordenador (1.10);Brasília;coordenador (1.10)(+1), Brasília(+1), ciência de dados(+1), órgão-alvo(+2);;Coordenador de Análise de Dados (FCE 1.10) na DGIBA/SNBA/MDS | Coordenador de Produção de Dados (FCE 1.10) na DGIBA/SNBA/MDS;https://oportunidades.sigepe.gov.br/oportunidades-portal/api/html/6134;21/08/2026;21/08/2026
6133;300/2026;2026;Defensoria Pública da União;encerrado;Inscrições Encerradas;;0;;;;;Atuar na Divisão de Cartas aos Assistidos (DCA) da Categoria Especial da DPU;https://oportunidades.sigepe.gov.br/oportunidades-portal/api/html/6133;21/08/2026;21/08/2026
6130;296.2/2026;2026;Instituto de Pesquisas Jardim Botânico do Rio de Janeiro;encerrado;Inscrições Encerradas;;0;;;;;Apoio Administrativo | Seção de Desenvolvimento de Pessoas;https://oportunidades.sigepe.gov.br/oportunidades-portal/api/html/6130;21/08/2026;21/08/2026
6129;298.3/2026;2026;Ministério da Fazenda;encerrado;Inscrições Encerradas;;-1;chefia baixa;;chefia baixa(-3), órgão-alvo(+2);;Chefe da Divisão de Conformidade e Acompanhamento Funcional - CCE 1.07;https://oportunidades.sigepe.gov.br/oportunidades-portal/api/html/6129;21/08/2026;21/08/2026
6128;295.1/2026;2026;Instituto de Pesquisas Jardim Botânico do Rio de Janeiro;encerrado;Inscrições Encerradas;;-3;;;gratificação técnica(-3);;GSISTE - Gratificação Temporária das Unidades dos Sistemas Estruturadores da Adm. Pública Federal.;https://oportunidades.sigepe.gov.br/oportunidades-portal/api/html/6128;21/08/2026;21/08/2026
6127;284.2/2026;2026;Fundação Escola Nacional de Administração Pública;encerrado;Inscrições Encerradas;;-5;;;órgão-alvo(+2), gratificação técnica(-3), nível médio/intermediário(-4);nível médio/intermediário;GAEG DE NÍVEL INTERMEDIÁRIO - COAP;https://oportunidades.sigepe.gov.br/oportunidades-portal/api/html/6127;21/08/2026;21/08/2026
6121;280.1/2026;2026;Ministério da Defesa;encerrado;Inscrições Encerradas;;-6;;;infraestrutura(+1), gratificação técnica(-3), nível médio/intermediário(-4);nível médio/intermediário;GSISP - Nível INTERMEDIÁRIO - Privacidade e Segurança da Informação | GSISP - NÍVEL INTERMEDIÁRIO - Infraestrutura e Plataformas Digitais;https://oportunidades.sigepe.gov.br/oportunidades-portal/api/html/6121;21/08/2026;21/08/2026
6119;273.1/2026;2026;Ministério da Integração e do Desenvolvimento Regional;encerrado;Inscrições Encerradas;;0;chefia baixa;;chefia baixa(-3), desenvolvimento regional(+1), órgão-alvo(+2);;Chefe do Serviço de Gerenciamento do Programa de Estágio - FCE 1.05 (SPE/CDS/CGGP/DA/SE);https://oportunidades.sigepe.gov.br/oportunidades-portal/api/html/6119;21/08/2026;21/08/2026
6118;281.2/2026;2026;Ministério da Gestão e da Inovação em Serviços Públicos;encerrado;Inscrições Encerradas;;4;;;modelagem(+3), monitoramento e avaliação(+2), órgão-alvo(+2), gratificação técnica(-3);;GSISTE Nível Superior, Coordenação-Geral de Governança Organizacional;https://oportunidades.sigepe.gov.br/oportunidades-portal/api/html/6118;21/08/2026;21/08/2026
6117;278.3/2026;2026;Ministério de Minas e Energia;encerrado;Inscrições Encerradas;;-7;;;gratificação técnica(-3), nível médio/intermediário(-4);nível médio/intermediário;1 GSISP | Nível Intermediário | 1 GSISP | Nivel Superior;https://oportunidades.sigepe.gov.br/oportunidades-portal/api/html/6117;21/08/2026;21/08/2026
6116;277.3/2026;2026;Ministério da Justiça e Segurança Pública;encerrado;Inscrições Encerradas;;3;;Brasília;Brasília(+1), órgão-alvo(+2);;TELETRABALHO PARCIAL NA COORDENAÇÃO-GERAL DO COMITÊ NACIONAL PARA OS REFUGIADOS DO MJSP;https://oportunidades.sigepe.gov.br/oportunidades-portal/api/html/6116;21/08/2026;21/08/2026
6115;272.1/2026;2026;Ministério da Integração e do Desenvolvimento Regional;encerrado;Inscrições Encerradas;;2;chefia baixa;;chefia baixa(-3), planejamento estratégico(+2), desenvolvimento regional(+1), órgão-alvo(+2);;Chefe da Divisão de Desenvolvimento de Pessoal - FCE 1.07  (DDP/CDS/CGGP/DA/SE).;https://oportunidades.sigepe.gov.br/oportunidades-portal/api/html/6115;21/08/2026;21/08/2026
6114;271.1/2026;2026;Ministério da Justiça e Segurança Pública;encerrado;Inscrições Encerradas;;0;chefia baixa;Brasília;chefia baixa(-3), Brasília(+1), órgão-alvo(+2);;CHEFE DE DIVISÃO DE GESTÃO DA FORÇA DE TRABALHO (FCE 1.07) NA ÁREA DE GESTÃO DE PESSOAS NO MJSP;https://oportunidades.sigepe.gov.br/oportunidades-portal/api/html/6114;21/08/2026;21/08/2026
6112;269.3/2026;2026;Ministério das Mulheres;encerrado;Inscrições Encerradas;;-3;chefia baixa;;chefia baixa(-3);;Chefe de Divisão  do LIGUE 180 FCE 1.09;https://oportunidades.sigepe.gov.br/oportunidades-portal/api/html/6112;21/08/2026;21/08/2026
6111;279.1/2026;2026;Agência Nacional de Águas e Saneamento Básico;encerrado;Inscrições Encerradas;;0;;;;;COLIC | COACO;https://oportunidades.sigepe.gov.br/oportunidades-portal/api/html/6111;21/08/2026;21/08/2026
6110;267.1/2026;2026;Ministério da Justiça e Segurança Pública;encerrado;Inscrições Encerradas;;0;chefia baixa;Brasília;chefia baixa(-3), Brasília(+1), órgão-alvo(+2);;CHEFE DE DIVISÃO NA ÁREA DE CONSERVAÇÃO E ACERVO DO PATRIMÔNIO CULTURAL DO MJSP;https://oportunidades.sigepe.gov.br/oportunidades-portal/api/html/6110;21/08/2026;21/08/2026
6105;362.3/2026;2026;Ministério da Saúde;encerrado;Inscrições Encerradas;;-5;;;órgão-alvo(+2), gratificação técnica(-3), nível médio/intermediário(-4);nível médio/intermediário;SISP ¿ Gestão de Dados e Informação ¿ Nível Intermediário ¿ NI | SISP - Contratações de Tecnologia da Informação - Nível Intermediário - NI;https://oportunidades.sigepe.gov.br/oportunidades-portal/api/html/6105;21/08/2026;21/08/2026
6104;361.2/2026;2026;Ministério da Saúde;encerrado;Inscrições Encerradas;;-5;;DATASUS-SEIDIGI/MS;DATASUS-SEIDIGI/MS(-5), infraestrutura(+1), órgão-alvo(+2), gratificação técnica(-3);;SISP -  Infraestrutura e Plataformas Digitais - Nível Superior / NS;https://oportunidades.sigepe.gov.br/oportunidades-portal/api/html/6104;21/08/2026;21/08/2026
6103;268.2/2026;2026;Defensoria Pública da União;encerrado;Inscrições Encerradas;;0;;;;;Área administrativa | Área Serviço Social | Área jurídica;https://oportunidades.sigepe.gov.br/oportunidades-portal/api/html/6103;21/08/2026;21/08/2026
6102;264.2/2026;2026;Fundação Escola Nacional de Administração Pública;encerrado;Inscrições Encerradas;;-1;;;órgão-alvo(+2), gratificação técnica(-3);;GAEG DE NÍVEL SUPERIOR - Coordenação de Gestão Estratégica e Modernização;https://oportunidades.sigepe.gov.br/oportunidades-portal/api/html/6102;21/08/2026;21/08/2026
6100;265.1/2026;2026;Agência Nacional de Águas e Saneamento Básico;encerrado;Inscrições Encerradas;;-3;chefia baixa;;chefia baixa(-3);;Chefe de Divisão de Biblioteca;https://oportunidades.sigepe.gov.br/oportunidades-portal/api/html/6100;21/08/2026;21/08/2026
6094;283.6/2026;2026;Instituto Nacional de Tecnologia da Informação;encerrado;Inscrições Encerradas;;3;coordenador (1.10);;coordenador (1.10)(+1), órgão-alvo(+2);;ASSESSOR(A) TÉCNICO(A) - FCE 2.10;https://oportunidades.sigepe.gov.br/oportunidades-portal/api/html/6094;21/08/2026;21/08/2026
6092;308.1/2026;2026;Ministério da Saúde;encerrado;Inscrições Encerradas;;3;;;infraestrutura(+1), órgão-alvo(+2);;Gestão dos Serviços de Saúde - DIASI/Xingu | Gestão de Licitações, Contratos e Fiscalização - SELOG/Xingu | Gestão da Logística e Apoio Administrativo, Materiais e Patrimônio - SEPAT/Xingu | Suporte Administrativo à Gestão Institucional - GABINETE/Xingu | Gestão de CASAI - Casa de Saúde Indígena | Apoio à Gestão dos Serviços de Saúde, Núcleo 1 - DIASI/Xingu | Apoio à Gestão da Execução Orçamentári;https://oportunidades.sigepe.gov.br/oportunidades-portal/api/html/6092;21/08/2026;21/08/2026
6091;261.1/2026;2026;Ministério da Gestão e da Inovação em Serviços Públicos;encerrado;Inscrições Encerradas;;0;;Brasília;Brasília(+1), órgão-alvo(+2), gratificação técnica(-3);;GSISTE de Nível Superior - Aplicação da Legislação;https://oportunidades.sigepe.gov.br/oportunidades-portal/api/html/6091;21/08/2026;21/08/2026
6088;262.1/2026;2026;Ministério da Fazenda;encerrado;Inscrições Encerradas;;3;coordenador (1.10);;coordenador (1.10)(+1), órgão-alvo(+2);;Coordenador de Assuntos Administrativos, código FCE 1.10, (R$ 4.455,87);https://oportunidades.sigepe.gov.br/oportunidades-portal/api/html/6088;21/08/2026;21/08/2026
6087;263.1/2026;2026;Ministério da Fazenda;encerrado;Inscrições Encerradas;;3;coordenador (1.10);;coordenador (1.10)(+1), órgão-alvo(+2);;Coordenador de Fiscalização de Promoções Comerciais, código FCE 1.10;https://oportunidades.sigepe.gov.br/oportunidades-portal/api/html/6087;21/08/2026;21/08/2026
6085;259.1/2026;2026;Ministério do Meio Ambiente e Mudança do Clima;encerrado;Inscrições Encerradas;;3;coordenador (1.10);;coordenador (1.10)(+1), órgão-alvo(+2);;Função Comissionada Executiva - FCE 1.10;https://oportunidades.sigepe.gov.br/oportunidades-portal/api/html/6085;21/08/2026;21/08/2026
6084;255/2026;2026;Instituto Nacional de Colonização e Reforma Agrária;encerrado;Inscrições Encerradas;;-7;;;gratificação técnica(-3), nível médio/intermediário(-4);nível médio/intermediário;GSISP ¿ Transformação Digital (Nível Intermediário);https://oportunidades.sigepe.gov.br/oportunidades-portal/api/html/6084;21/08/2026;21/08/2026
6083;253.1/2026;2026;Departamento Nacional de Infraestrutura de Transportes;encerrado;Inscrições Encerradas;;1;;;infraestrutura(+1);;Servidores para atuar no Serviço de Recursos Logísticos e Informática - SELOG - SC;https://oportunidades.sigepe.gov.br/oportunidades-portal/api/html/6083;21/08/2026;21/08/2026
6082;257/2026;2026;Instituto Nacional de Colonização e Reforma Agrária;encerrado;Inscrições Encerradas;;-7;;;gratificação técnica(-3), nível médio/intermediário(-4);nível médio/intermediário;GSISP - Contratações de TI (Nível Intermediário);https://oportunidades.sigepe.gov.br/oportunidades-portal/api/html/6082;21/08/2026;21/08/2026
6080;256.1/2026;2026;Instituto Nacional de Colonização e Reforma Agrária;encerrado;Inscrições Encerradas;;-3;;;gratificação técnica(-3);;GSISP ¿ Gestão de Dados e Informações (Nível Superior);https://oportunidades.sigepe.gov.br/oportunidades-portal/api/html/6080;21/08/2026;21/08/2026
6079;251.2/2026;2026;Departamento Nacional de Infraestrutura de Transportes;encerrado;Inscrições Encerradas;;-2;chefia baixa;;chefia baixa(-3), infraestrutura(+1);;Chefe do Setor de Informática - FCE 1.02;https://oportunidades.sigepe.gov.br/oportunidades-portal/api/html/6079;21/08/2026;21/08/2026
6078;260.3/2026;2026;Fundação Nacional de Saúde;encerrado;Inscrições Encerradas;;0;;;;;Assessoria Técnica Especializada da Corregedoria/Presi (FCE 4.05);https://oportunidades.sigepe.gov.br/oportunidades-portal/api/html/6078;21/08/2026;21/08/2026
6077;252.4/2026;2026;Departamento Nacional de Infraestrutura de Transportes;encerrado;Inscrições Encerradas;;1;;;infraestrutura(+1);;Servidores para atuar Coordenação de Administração e Finanças - CAF-CE | Servidores para atuar no Serviço de Recursos Logísticos e Informática - SELOG - CE;https://oportunidades.sigepe.gov.br/oportunidades-portal/api/html/6077;21/08/2026;21/08/2026
6075;314.1/2026;2026;Fundação Coordenação de Aperfeiçoamento de Pessoal de Nível Superior;encerrado;Inscrições Encerradas;;-3;;;gratificação técnica(-3);;Transformação Digital | Privacidade e Segurança da Informação;https://oportunidades.sigepe.gov.br/oportunidades-portal/api/html/6075;21/08/2026;21/08/2026
6072;247.1/2026;2026;Ministério dos Transportes;encerrado;Inscrições Encerradas;;0;;Brasília;Brasília(+1), órgão-alvo(+2), gratificação técnica(-3);;1 (uma) GSISP - Nível Superior;https://oportunidades.sigepe.gov.br/oportunidades-portal/api/html/6072;21/08/2026;21/08/2026
6069;246.1/2026;2026;Ministério dos Transportes;encerrado;Inscrições Encerradas;;-4;;Brasília;Brasília(+1), órgão-alvo(+2), gratificação técnica(-3), nível médio/intermediário(-4);nível médio/intermediário;1 (uma) GSISP - Nível Médio;https://oportunidades.sigepe.gov.br/oportunidades-portal/api/html/6069;21/08/2026;21/08/2026
6068;242.1/2026;2026;Ministério da Cultura;encerrado;Inscrições Encerradas;;1;coordenador (1.10);;coordenador (1.10)(+1);;Vaga de Coordenador de Avaliação do Plano Nacional de Cultura - FCE 1.10;https://oportunidades.sigepe.gov.br/oportunidades-portal/api/html/6068;21/08/2026;21/08/2026
6066;239.1/2026;2026;Ministério dos Direitos Humanos e da Cidadania;encerrado;Inscrições Encerradas;;-3;;;gratificação técnica(-3);;GSISTE-NS/SIGPAR junto à Coordenação-Geral de Acompanhamento de Parcerias (CGAP/SNDPD);https://oportunidades.sigepe.gov.br/oportunidades-portal/api/html/6066;21/08/2026;21/08/2026
6064;471.2/2026;2026;Fundação Nacional de Saúde;encerrado;Inscrições Encerradas;;-6;coordenador (1.10);;coordenador (1.10)(+1), gratificação técnica(-3), nível médio/intermediário(-4);nível médio/intermediário;CCE-1.10 - Coordenador de Inovação e Infraestrutura Tecnológica (COINT/CGMTI/DEADM)) | GSISP NI - Área de Gestão e Planejamento de Tecnologia da Informação;https://oportunidades.sigepe.gov.br/oportunidades-portal/api/html/6064;21/08/2026;21/08/2026
6062;234.1/2026;2026;Ministério das Comunicações;encerrado;Inscrições Encerradas;;-3;chefia baixa;;chefia baixa(-3);;FCE 2.07;https://oportunidades.sigepe.gov.br/oportunidades-portal/api/html/6062;21/08/2026;21/08/2026
6061;233.1/2026;2026;Ministério da Justiça e Segurança Pública;encerrado;Inscrições Encerradas;;3;;Brasília;Brasília(+1), órgão-alvo(+2);;TELETRABALHO PARCIAL NA ÁREA DE ENSINO E PESQUISA DAS POLÍTICAS SOBRE DROGAS;https://oportunidades.sigepe.gov.br/oportunidades-portal/api/html/6061;21/08/2026;21/08/2026
6056;231.2/2026;2026;Ministério da Fazenda;encerrado;Inscrições Encerradas;;2;;;órgão-alvo(+2);;COORDENAÇÃO-GERAL DE INTEGRIDADE - AECI - 001 | COORDENAÇÃO-GERAL DE RISCOS E CONTROLE - AECI - 002 | COORDENAÇÃO DE ASSUNTOS ADMINISTRATIVOS - AECI - 003;https://oportunidades.sigepe.gov.br/oportunidades-portal/api/html/6056;21/08/2026;21/08/2026
6053;241.1/2026;2026;Conselho Administrativo de Defesa Econômica;encerrado;Inscrições Encerradas;;-5;;;órgão-alvo(+2), gratificação técnica(-3), nível médio/intermediário(-4);nível médio/intermediário;Gestão e Planejamento de TI - GSISP de Nível Intermediário;https://oportunidades.sigepe.gov.br/oportunidades-portal/api/html/6053;21/08/2026;21/08/2026
6050;224/2026;2026;Ministério do Desenvolvimento e Assistência Social, Família e Combate à Fome;encerrado;Inscrições Encerradas;;0;;Brasília;Brasília(+1), órgão-alvo(+2), gratificação técnica(-3);;Processo Seletivo 1 GSISP, NS, Área de Privacidade e Segurança da Informação, na STI/MDS;https://oportunidades.sigepe.gov.br/oportunidades-portal/api/html/6050;21/08/2026;21/08/2026
6049;228.2/2026;2026;Ministério da Gestão e da Inovação em Serviços Públicos;encerrado;Inscrições Encerradas;;0;;;infraestrutura(+1), órgão-alvo(+2), gratificação técnica(-3);;OPORTUNIDADE - GSISP - Nível Superior - Infraestrutura e Plataformas Digitais;https://oportunidades.sigepe.gov.br/oportunidades-portal/api/html/6049;21/08/2026;21/08/2026
6048;225.2/2026;2026;Instituto Nacional da Propriedade Industrial;encerrado;Inscrições Encerradas;;5;coordenador-geral;;coordenador-geral(+5);;Coordenador-Geral de Comunicação Social (CGCOM);https://oportunidades.sigepe.gov.br/oportunidades-portal/api/html/6048;21/08/2026;21/08/2026
6042;215.1/2026;2026;Agência Nacional de Transportes Aquaviários;encerrado;Inscrições Encerradas;;1;coordenador (1.10);;coordenador (1.10)(+1);;Cessão de Servidor para Atuação como Assessor(a) da Corregedoria da ANTAQ;https://oportunidades.sigepe.gov.br/oportunidades-portal/api/html/6042;21/08/2026;21/08/2026
6033;212.1/2026;2026;Ministério do Turismo;encerrado;Inscrições Encerradas;;-4;;;ciência de dados(+1), órgão-alvo(+2), gratificação técnica(-3), nível médio/intermediário(-4);nível médio/intermediário;GSISP-NI - Área Gestão e Planejamento de TI | GSISP-NS - Área Privacidade e Segurança da Informação;https://oportunidades.sigepe.gov.br/oportunidades-portal/api/html/6033;21/08/2026;21/08/2026
6032;214/2026;2026;Agência Nacional de Aviação Civil;encerrado;Inscrições Encerradas;;0;;;;;JORNALISTA;https://oportunidades.sigepe.gov.br/oportunidades-portal/api/html/6032;21/08/2026;21/08/2026
6031;211.2/2026;2026;Instituto Nacional de Tecnologia da Informação;encerrado;Inscrições Encerradas;;0;;;;;Vaga para Cadastro - Perfil Técnico-Administrativo | Vaga para Política de Gestão de Pessoas - Perfil Analista Jurídico-Administrativo | Vaga para Qualidade de Vida - Perfil Analista de Saúde | Vaga para Capacitação - Perfil Analista de Treinamento e Desenvolvimento;https://oportunidades.sigepe.gov.br/oportunidades-portal/api/html/6031;21/08/2026;21/08/2026
6027;208.1/2026;2026;Ministério da Justiça e Segurança Pública;encerrado;Inscrições Encerradas;;4;coordenador (1.10);Brasília;coordenador (1.10)(+1), Brasília(+1), órgão-alvo(+2);;ASSESSOR TÉCNICO ESPECIALIZADO (FCE 4.05) NA ÁREA DE GESTÃO DE PESSOAS DO MJSP;https://oportunidades.sigepe.gov.br/oportunidades-portal/api/html/6027;21/08/2026;21/08/2026
6024;222.1/2026;2026;Ministério do Planejamento e Orçamento;encerrado;Inscrições Encerradas;;-1;;;órgão-alvo(+2), gratificação técnica(-3);;GSISP- Transformação Digital;https://oportunidades.sigepe.gov.br/oportunidades-portal/api/html/6024;21/08/2026;21/08/2026
6019;204.2/2026;2026;Instituto Nacional do Seguro Social;encerrado;Inscrições Encerradas;;-6;;;infraestrutura(+1), gratificação técnica(-3), nível médio/intermediário(-4);nível médio/intermediário;TI - NÍVEL INTERMEDIÁRIO - INFRAESTRUTURA;https://oportunidades.sigepe.gov.br/oportunidades-portal/api/html/6019;21/08/2026;21/08/2026
6017;200.1/2026;2026;Ministério do Meio Ambiente e Mudança do Clima;encerrado;Inscrições Encerradas;;-1;;;órgão-alvo(+2), gratificação técnica(-3);;GSISTE de nível superior - Serviço de Capacitação - Ministério do Meio Ambiente;https://oportunidades.sigepe.gov.br/oportunidades-portal/api/html/6017;21/08/2026;21/08/2026
6011;238/2026;2026;Fundação Nacional de Artes;encerrado;Inscrições Encerradas;;0;;;;;Analista - Coordenação de Gestão de Pessoas (COGEPE);https://oportunidades.sigepe.gov.br/oportunidades-portal/api/html/6011;21/08/2026;21/08/2026
6010;213.1/2026;2026;Ministério da Gestão e da Inovação em Serviços Públicos;encerrado;Inscrições Encerradas;;-1;;;órgão-alvo(+2), gratificação técnica(-3);;Edital Corregedoria MGI nº01/2026;https://oportunidades.sigepe.gov.br/oportunidades-portal/api/html/6010;21/08/2026;21/08/2026
6008;191.1/2026;2026;Instituto Nacional de Tecnologia da Informação;encerrado;Inscrições Encerradas;;-3;chefia baixa;;chefia baixa(-3);;Chefe de Serviço de Logística Administrativa (Serviço de Pagamento);https://oportunidades.sigepe.gov.br/oportunidades-portal/api/html/6008;21/08/2026;21/08/2026
6007;235.1/2026;2026;Ministério da Gestão e da Inovação em Serviços Públicos;encerrado;Inscrições Encerradas;;-5;;;órgão-alvo(+2), gratificação técnica(-3), nível médio/intermediário(-4);nível médio/intermediário;Apoio Técnico à Assessoria Internacional;https://oportunidades.sigepe.gov.br/oportunidades-portal/api/html/6007;21/08/2026;21/08/2026
6005;230.2/2026;2026;Ministério da Gestão e da Inovação em Serviços Públicos;encerrado;Inscrições Encerradas;;-3;;;desenvolvimento sustentável(+2), órgão-alvo(+2), gratificação técnica(-3), nível médio/intermediário(-4);nível médio/intermediário;Analista Técnico - Contratações Públicas Sustentáveis | Analista de dados - Contratações Públicas Sustentáveis;https://oportunidades.sigepe.gov.br/oportunidades-portal/api/html/6005;21/08/2026;21/08/2026
6004;197.1/2026;2026;Ministério do Planejamento e Orçamento;encerrado;Inscrições Encerradas;;3;coordenador (1.10);;coordenador (1.10)(+1), órgão-alvo(+2);;Coordenador de Estudos e Revisão de Gastos;https://oportunidades.sigepe.gov.br/oportunidades-portal/api/html/6004;21/08/2026;21/08/2026
6000;195.3/2026;2026;Ministério da Saúde;encerrado;Inscrições Encerradas;;-1;;;órgão-alvo(+2), gratificação técnica(-3);;Administrador e/ou áreas afins - Gsiste | Contador - Gsiste;https://oportunidades.sigepe.gov.br/oportunidades-portal/api/html/6000;21/08/2026;21/08/2026
5999;205.1/2026;2026;Defensoria Pública da União;encerrado;Inscrições Encerradas;;1;;Brasília;Brasília(+1);;DPU de Categoria Especial (Brasília/DF);https://oportunidades.sigepe.gov.br/oportunidades-portal/api/html/5999;21/08/2026;21/08/2026
5992;181.1/2026;2026;Defensoria Pública da União;encerrado;Inscrições Encerradas;;0;;;;;Gabinete da Secretaria-Geral Executiva;https://oportunidades.sigepe.gov.br/oportunidades-portal/api/html/5992;21/08/2026;21/08/2026
5990;190.3/2026;2026;Ministério da Gestão e da Inovação em Serviços Públicos;encerrado;Inscrições Encerradas;;-1;chefia baixa;;chefia baixa(-3), órgão-alvo(+2);;Processo seletivo para seleçãoChefe da Seção de Licitações e Contratos - SELIC (CCE 1.03);https://oportunidades.sigepe.gov.br/oportunidades-portal/api/html/5990;21/08/2026;21/08/2026
5988;210.1/2026;2026;Ministério da Justiça e Segurança Pública;encerrado;Inscrições Encerradas;;3;;Brasília;Brasília(+1), órgão-alvo(+2);;Requisição-Inovação/CGTP/ANPD | Requisição-Biblioteconomia/CGTP/ANPD | Requisição-Direito/CGTP/ANPD;https://oportunidades.sigepe.gov.br/oportunidades-portal/api/html/5988;21/08/2026;21/08/2026
5987;179.2/2026;2026;Ministério da Cultura;encerrado;Inscrições Encerradas;;1;coordenador (1.10);;coordenador (1.10)(+1);;Vaga de Coordenador(a), FCE 1.10, na Coordenação de Estudos e Pesquisas;https://oportunidades.sigepe.gov.br/oportunidades-portal/api/html/5987;21/08/2026;21/08/2026
5982;185.1/2026;2026;Departamento Nacional de Infraestrutura de Transportes;encerrado;Inscrições Encerradas;;-3;;;infraestrutura(+1), nível médio/intermediário(-4);nível médio/intermediário;Servidores de nível médio e superior;https://oportunidades.sigepe.gov.br/oportunidades-portal/api/html/5982;21/08/2026;21/08/2026
5981;184.4/2026;2026;Departamento Nacional de Infraestrutura de Transportes;encerrado;Inscrições Encerradas;;-2;chefia baixa;;chefia baixa(-3), infraestrutura(+1);;Chefe de Serviço da Unidade Local de Bauru - FCE 1.05;https://oportunidades.sigepe.gov.br/oportunidades-portal/api/html/5981;21/08/2026;21/08/2026
5980;183.1/2026;2026;Departamento Nacional de Infraestrutura de Transportes;encerrado;Inscrições Encerradas;;-2;chefia baixa;;chefia baixa(-3), infraestrutura(+1);;Chefe de Serviço da Unidade Local de Presidente Epitácio - FCE 1.05;https://oportunidades.sigepe.gov.br/oportunidades-portal/api/html/5980;21/08/2026;21/08/2026
5978;193/2026;2026;Ministério da Saúde;encerrado;Inscrições Encerradas;;-7;;SCTIE/MS;SCTIE/MS(-5), órgão-alvo(+2), nível médio/intermediário(-4);nível médio/intermediário;SELEÇÃO INTERNA DE SERVIDORES PARA ATUAR NA COGAD/GAB/SCTIE/MS;https://oportunidades.sigepe.gov.br/oportunidades-portal/api/html/5978;21/08/2026;21/08/2026
5976;175/2026;2026;Ministério do Desenvolvimento, Indústria, Comércio e Serviços;encerrado;Inscrições Encerradas;;-1;chefia baixa;;chefia baixa(-3), órgão-alvo(+2);;Chefe de Divisão das Indústrias Intensivas em Mão de Obra - FCE 1.07;https://oportunidades.sigepe.gov.br/oportunidades-portal/api/html/5976;21/08/2026;21/08/2026
5972;186.1/2026;2026;Ministério da Defesa;encerrado;Inscrições Encerradas;;-7;;;gratificação técnica(-3), nível médio/intermediário(-4);nível médio/intermediário;Gratificação Temporária do Sistema de Administração de Recursos de Tecnologia (GSISP);https://oportunidades.sigepe.gov.br/oportunidades-portal/api/html/5972;21/08/2026;21/08/2026
5971;172.2/2026;2026;Instituto Brasileiro de Museus;encerrado;Inscrições Encerradas;;-1;chefia baixa;;chefia baixa(-3), planejamento estratégico(+2);;Função Comissionada Executiva - FCE 1.07 - Chefe da Divisão de Gestão Interna - Museus Castro Maya -;https://oportunidades.sigepe.gov.br/oportunidades-portal/api/html/5971;21/08/2026;21/08/2026
5968;167.4/2026;2026;Ministério da Ciência, Tecnologia e Inovação;encerrado;Inscrições Encerradas;;-1;;Brasília;Brasília(+1), órgão-alvo(+2), graduação específica(-4);"graduação específica; área da saúde";Servidor público federal efetivo, habilitado ao exercício de perícia médica oficial;https://oportunidades.sigepe.gov.br/oportunidades-portal/api/html/5968;21/08/2026;21/08/2026
5967;174/2026;2026;Conselho Administrativo de Defesa Econômica;encerrado;Inscrições Encerradas;;-1;chefia baixa;;chefia baixa(-3), órgão-alvo(+2);;Serviço de Apoio Processual (SEAPRO) - FCE 1.05;https://oportunidades.sigepe.gov.br/oportunidades-portal/api/html/5967;21/08/2026;21/08/2026
5963;165.2/2026;2026;Ministério da Gestão e da Inovação em Serviços Públicos;encerrado;Inscrições Encerradas;;-1;;;órgão-alvo(+2), gratificação técnica(-3);;GSISTE Nível Superior - MGI/SGP - Gabinete;https://oportunidades.sigepe.gov.br/oportunidades-portal/api/html/5963;21/08/2026;21/08/2026
5961;169.1/2026;2026;Ministério do Meio Ambiente e Mudança do Clima;encerrado;Inscrições Encerradas;;-1;;;órgão-alvo(+2), gratificação técnica(-3);;GSISP de Nível Superior (NS);https://oportunidades.sigepe.gov.br/oportunidades-portal/api/html/5961;21/08/2026;21/08/2026
5956;249.10/2026;2026;Universidade Federal de Campina Grande;encerrado;Inscrições Encerradas;;0;;;;;STI - DEV - Teletrabalho integral;https://oportunidades.sigepe.gov.br/oportunidades-portal/api/html/5956;21/08/2026;21/08/2026
5954;162.1/2026;2026;Instituto Nacional de Colonização e Reforma Agrária;encerrado;Inscrições Encerradas;;-3;;;gratificação técnica(-3);;Processo seletivo para 1 (uma) GSISP - Contratações de TI (Nível Superior);https://oportunidades.sigepe.gov.br/oportunidades-portal/api/html/5954;21/08/2026;21/08/2026
5953;163/2026;2026;Ministério da Cultura;encerrado;Inscrições Encerradas;;-3;;;gratificação técnica(-3);;GSISTE de Nível Superior para atuar na Coordenação-Geral de Informações e Indicadores Culturais;https://oportunidades.sigepe.gov.br/oportunidades-portal/api/html/5953;21/08/2026;21/08/2026
5951;159.2/2026;2026;Ministério da Gestão e da Inovação em Serviços Públicos;encerrado;Inscrições Encerradas;;-1;;;órgão-alvo(+2), gratificação técnica(-3);;GSISTE NS: projetos para melhoria de processos e soluções de desempenho e desenvolvimento de pessoas;https://oportunidades.sigepe.gov.br/oportunidades-portal/api/html/5951;21/08/2026;21/08/2026
5946;223.1/2026;2026;Ministério do Desenvolvimento e Assistência Social, Família e Combate à Fome;encerrado;Inscrições Encerradas;;3;;Brasília;Brasília(+1), órgão-alvo(+2);;Processo seletivo para requisição de 1 (um/uma) servidor(a) para DEBEN/SENARC;https://oportunidades.sigepe.gov.br/oportunidades-portal/api/html/5946;21/08/2026;21/08/2026
5942;149/2026;2026;Ministério da Defesa;encerrado;Inscrições Encerradas;;5;coordenador-geral;;coordenador-geral(+5);;Coordenador-Geral de Finanças - Função Comissionada Executiva - FCE 1.13;https://oportunidades.sigepe.gov.br/oportunidades-portal/api/html/5942;21/08/2026;21/08/2026
5939;146/2026;2026;Ministério da Agricultura e Pecuária;encerrado;Inscrições Encerradas;;1;coordenador (1.10);;coordenador (1.10)(+1);;FCE 1.10 - Coordenação de Desenvolvimento de Pessoas - CDP/ENAGRO;https://oportunidades.sigepe.gov.br/oportunidades-portal/api/html/5939;21/08/2026;21/08/2026
5938;151.1/2026;2026;Defensoria Pública da União;encerrado;Inscrições Encerradas;;0;;;;;Coordenação de Apoio à Atuação no Sistema Internacional de Direitos Humanos (CSDH);https://oportunidades.sigepe.gov.br/oportunidades-portal/api/html/5938;21/08/2026;21/08/2026
5937;160.1/2026;2026;Ministério da Gestão e da Inovação em Serviços Públicos;encerrado;Inscrições Encerradas;;2;;;órgão-alvo(+2);;Coordenação de Monitoramento e Conformidade - Conformidade | COORDENAÇÃO DE SEGURANÇA LGPD | COORDENAÇÃO DE ESTRUTURA DE DADOS;https://oportunidades.sigepe.gov.br/oportunidades-portal/api/html/5937;21/08/2026;21/08/2026
5928;145.2/2026;2026;Ministério do Planejamento e Orçamento;encerrado;Inscrições Encerradas;;2;;;órgão-alvo(+2);;Designer;https://oportunidades.sigepe.gov.br/oportunidades-portal/api/html/5928;21/08/2026;21/08/2026
5926;153.3/2026;2026;Ministério da Gestão e da Inovação em Serviços Públicos;encerrado;Inscrições Encerradas;;-1;;;órgão-alvo(+2), gratificação técnica(-3);;GSISP para atuar em projetos da Identificação Civil na COMAI/CGIDC/DEPID/SGD;https://oportunidades.sigepe.gov.br/oportunidades-portal/api/html/5926;21/08/2026;21/08/2026
5924;140.1/2026;2026;Ministério da Integração e do Desenvolvimento Regional;encerrado;Inscrições Encerradas;;0;chefia baixa;;chefia baixa(-3), desenvolvimento regional(+1), órgão-alvo(+2);;1 vaga Chefe do Serviço de Legislação de Pessoal (SLEP/DLEP/CGGP/DA/SE);https://oportunidades.sigepe.gov.br/oportunidades-portal/api/html/5924;21/08/2026;21/08/2026
5921;139.2/2026;2026;Ministério dos Transportes;encerrado;Inscrições Encerradas;;2;;;órgão-alvo(+2);;03 vagas na Corregedoria do Ministério dos Transportes;https://oportunidades.sigepe.gov.br/oportunidades-portal/api/html/5921;21/08/2026;21/08/2026
5917;134/2026;2026;Ministério do Empreendedorismo, da Microempresa e da Empresa de Pequeno Porte;encerrado;Inscrições Encerradas;;3;;;avaliação de políticas(+2), políticas públicas(+1);;Abertura de Processo Seletivo;https://oportunidades.sigepe.gov.br/oportunidades-portal/api/html/5917;21/08/2026;21/08/2026
5910;131.1/2026;2026;Ministério da Justiça e Segurança Pública;encerrado;Inscrições Encerradas;;4;coordenador (1.10);Brasília;coordenador (1.10)(+1), Brasília(+1), órgão-alvo(+2);;COORDENADOR(A) DE ADMINISTRAÇÃO (FCE 1.10) NA SENAD;https://oportunidades.sigepe.gov.br/oportunidades-portal/api/html/5910;21/08/2026;21/08/2026
5909;129.2/2026;2026;Ministério da Justiça e Segurança Pública;encerrado;Inscrições Encerradas;;0;chefia baixa;Brasília;chefia baixa(-3), Brasília(+1), órgão-alvo(+2);;CHEFE DE DIVISÃO (FCE 1.07) DE QUALIFICAÇÃO TÉCNICA EM POLÍTICAS SOBRE DROGAS;https://oportunidades.sigepe.gov.br/oportunidades-portal/api/html/5909;21/08/2026;21/08/2026
5908;128.1/2026;2026;Ministério da Justiça e Segurança Pública;encerrado;Inscrições Encerradas;;2;chefia baixa;Brasília;chefia baixa(-3), Brasília(+1), monitoramento e avaliação(+2), órgão-alvo(+2);;CHEFE DE DIVISÃO (FCE 1.07) DE MONITORAMENTO DE SERVIÇOS EM POLÍTICAS SOBRE DROGAS;https://oportunidades.sigepe.gov.br/oportunidades-portal/api/html/5908;21/08/2026;21/08/2026
5907;127.1/2026;2026;Ministério da Justiça e Segurança Pública;encerrado;Inscrições Encerradas;;0;chefia baixa;Brasília;chefia baixa(-3), Brasília(+1), órgão-alvo(+2);;CHEFE DE DIVISÃO (FCE 1.07) DE ARTICULAÇÃO COMUNITÁRIA E REDES LOCAIS EM POLÍTICAS SOBRE DROGAS;https://oportunidades.sigepe.gov.br/oportunidades-portal/api/html/5907;21/08/2026;21/08/2026
5906;126.2/2026;2026;Ministério da Justiça e Segurança Pública;encerrado;Inscrições Encerradas;;4;coordenador (1.10);Brasília;coordenador (1.10)(+1), Brasília(+1), órgão-alvo(+2);;COORDENADOR(A) (FCE1.10) DE PROGRAMAS EDUCACIONAIS E SERV. SOCIOASSISTENCIAIS  EM POL. SOBRE DROGAS;https://oportunidades.sigepe.gov.br/oportunidades-portal/api/html/5906;21/08/2026;21/08/2026
5905;123.2/2026;2026;Ministério da Gestão e da Inovação em Serviços Públicos;encerrado;Inscrições Encerradas;;3;coordenador (1.10);;coordenador (1.10)(+1), órgão-alvo(+2);;COORDENADOR DE PROJETO FCE 3.11 - DOGES/SEST;https://oportunidades.sigepe.gov.br/oportunidades-portal/api/html/5905;21/08/2026;21/08/2026
5903;124.1/2026;2026;Ministério da Justiça e Segurança Pública;encerrado;Inscrições Encerradas;;0;chefia baixa;Brasília;chefia baixa(-3), Brasília(+1), órgão-alvo(+2);;CHEFE DE DIVISÃO NA ÁREA DE ENFRENTAMENTO AO TRÁFICO DE PESSOAS (FCE 1.07) COM TELETRABALHO PARCIAL;https://oportunidades.sigepe.gov.br/oportunidades-portal/api/html/5903;21/08/2026;21/08/2026
5902;150.1/2026;2026;Ministério do Turismo;encerrado;Inscrições Encerradas;;-4;;Brasília;Brasília(+1), órgão-alvo(+2), gratificação técnica(-3), nível médio/intermediário(-4);nível médio/intermediário;GSISTE, Nível Médio (NI), do Sistema de Serviços Gerais - SISG;https://oportunidades.sigepe.gov.br/oportunidades-portal/api/html/5902;21/08/2026;21/08/2026
5901;119/2026;2026;Ministério da Agricultura e Pecuária;encerrado;Inscrições Encerradas;;-3;;;gratificação técnica(-3);;GSISTE NS - Coordenação de Desenvolvimento de Pessoas - CDP da ENAGRO;https://oportunidades.sigepe.gov.br/oportunidades-portal/api/html/5901;21/08/2026;21/08/2026
5896;113.1/2026;2026;Fundação Cultural Palmares;encerrado;Inscrições Encerradas;;1;coordenador (1.10);;coordenador (1.10)(+1);;Função Comissionada Executiva de Coordenador de Projeto, código FCE 3.10;https://oportunidades.sigepe.gov.br/oportunidades-portal/api/html/5896;21/08/2026;21/08/2026
5895;112.2/2026;2026;Fundação Escola Nacional de Administração Pública;encerrado;Inscrições Encerradas;;-1;;;órgão-alvo(+2), gratificação técnica(-3);;GAEG NÍVEL SUPERIOR - Coordenação de Acomp. e Des. de Experiências de Aprendizagens Assíncronas;https://oportunidades.sigepe.gov.br/oportunidades-portal/api/html/5895;21/08/2026;21/08/2026
5894;116/2026;2026;Presidência da República;encerrado;Inscrições Encerradas;;2;;;órgão-alvo(+2);;Servidor público federal com experiência em licitações e contratos;https://oportunidades.sigepe.gov.br/oportunidades-portal/api/html/5894;21/08/2026;21/08/2026
5892;111/2026;2026;Ministério da Defesa;encerrado;Inscrições Encerradas;;-7;;;gratificação técnica(-3), nível médio/intermediário(-4);nível médio/intermediário;GSISTE - CIPEF - Sistema de Controle Interno do Poder Executivo Federal de Nível Intermediário (NI);https://oportunidades.sigepe.gov.br/oportunidades-portal/api/html/5892;21/08/2026;21/08/2026
5890;109/2026;2026;Ministério da Defesa;encerrado;Inscrições Encerradas;;-7;;;gratificação técnica(-3), nível médio/intermediário(-4);nível médio/intermediário;GSISTE - CIPEF - Sistema de Controle Interno do Poder Executivo Federal de Nível Intermediário (NI);https://oportunidades.sigepe.gov.br/oportunidades-portal/api/html/5890;21/08/2026;21/08/2026
5888;138.1/2026;2026;Ministério do Desenvolvimento, Indústria, Comércio e Serviços;encerrado;Inscrições Encerradas;;-1;chefia baixa;;chefia baixa(-3), órgão-alvo(+2);;FCE 1.07 - Chefe da Divisão de Gestão Administrativa;https://oportunidades.sigepe.gov.br/oportunidades-portal/api/html/5888;21/08/2026;21/08/2026
5887;137.1/2026;2026;Ministério do Desenvolvimento, Indústria, Comércio e Serviços;encerrado;Inscrições Encerradas;;5;coordenador (1.10);;coordenador (1.10)(+1), monitoramento e avaliação(+2), órgão-alvo(+2);;FCE 1.10 - Coordenador de Monitoramento e Avaliação;https://oportunidades.sigepe.gov.br/oportunidades-portal/api/html/5887;21/08/2026;21/08/2026
5885;108.1/2026;2026;Departamento Nacional de Infraestrutura de Transportes;encerrado;Inscrições Encerradas;;2;;Brasília;Brasília(+1), infraestrutura(+1);;Servidores para atuar no Serviço de Recursos Logísticos e Informática - SELOG - GO/DF;https://oportunidades.sigepe.gov.br/oportunidades-portal/api/html/5885;21/08/2026;21/08/2026
5884;148/2026;2026;Ministério do Trabalho e Emprego;encerrado;Inscrições Encerradas;;-1;chefia baixa;;chefia baixa(-3), órgão-alvo(+2);;FCE 2.09 - Assistente da Secretaria-Executiva;https://oportunidades.sigepe.gov.br/oportunidades-portal/api/html/5884;21/08/2026;21/08/2026
5882;103.1/2026;2026;Fundação Cultural Palmares;encerrado;Inscrições Encerradas;;0;;;;;Função Comissionada Executiva (FCE 4.05);https://oportunidades.sigepe.gov.br/oportunidades-portal/api/html/5882;21/08/2026;21/08/2026
5878;105.1/2026;2026;Instituto Brasileiro de Museus;encerrado;Inscrições Encerradas;;-3;chefia baixa;;chefia baixa(-3);;Chefe do Setor de Controle Patrimonial - SPAT/DPAT/CRLL/DPGI/IBRAM | Chefe do Setor de Controle de Viagens a Serviço - SCDP/DSGPP/CRLL/DPGI/IBRAM;https://oportunidades.sigepe.gov.br/oportunidades-portal/api/html/5878;21/08/2026;21/08/2026
5876;102.1/2026;2026;Ministério dos Direitos Humanos e da Cidadania;encerrado;Inscrições Encerradas;;-3;;;gratificação técnica(-3);;GSISTE-NS/SIPEC junto à Coordenação-Geral de Gestão de Pessoas;https://oportunidades.sigepe.gov.br/oportunidades-portal/api/html/5876;21/08/2026;21/08/2026
5874;101.1/2026;2026;Ministério dos Direitos Humanos e da Cidadania;encerrado;Inscrições Encerradas;;1;coordenador (1.10);;coordenador (1.10)(+1);;Coordenador (FCE 1.10) junto à Coordenação-Geral de Gestão de Pessoas;https://oportunidades.sigepe.gov.br/oportunidades-portal/api/html/5874;21/08/2026;21/08/2026
5870;96.1/2026;2026;Ministério dos Direitos Humanos e da Cidadania;encerrado;Inscrições Encerradas;;1;coordenador (1.10);;coordenador (1.10)(+1);;Coordenador (FCE 1.10) junto à Coordenação-Geral de Administração e Produção Documental;https://oportunidades.sigepe.gov.br/oportunidades-portal/api/html/5870;21/08/2026;21/08/2026
5869;97.2/2026;2026;Defensoria Pública da União;encerrado;Inscrições Encerradas;;1;;Brasília;Brasília(+1);;Engenheiro(a) de Segurança do Trabalho - DIASS (Brasília/DF) | Assistente Social - DIASS (Brasília/DF) | Psicólogo(a) - DIASS (Brasília/DF) | Médico(a) - DIASS (Brasília/DF);https://oportunidades.sigepe.gov.br/oportunidades-portal/api/html/5869;21/08/2026;21/08/2026
5868;93.2/2026;2026;Fundação Cultural Palmares;encerrado;Inscrições Encerradas;;0;;;;;FCE 4.05;https://oportunidades.sigepe.gov.br/oportunidades-portal/api/html/5868;21/08/2026;21/08/2026
5867;94.1/2026;2026;Ministério dos Direitos Humanos e da Cidadania;encerrado;Inscrições Encerradas;;0;;;;;Oportunidade de atuação junto à Coordenação-Geral de Cerimonial | Oportunidade de atuação junto ao Gabinete Ministerial | Oportunidade de atuação junto à Coordenação-Geral de Agenda | Oportunidade de atuação junto à Coordenação-Geral de Administração e Produção Documental;https://oportunidades.sigepe.gov.br/oportunidades-portal/api/html/5867;21/08/2026;21/08/2026
5858;86.2/2026;2026;Ministério do Planejamento e Orçamento;encerrado;Inscrições Encerradas;;3;coordenador (1.10);;coordenador (1.10)(+1), órgão-alvo(+2);;Coordenador de Revisão do Gasto Público (FCE 1.10);https://oportunidades.sigepe.gov.br/oportunidades-portal/api/html/5858;21/08/2026;21/08/2026
5854;166.2/2026;2026;Ministério da Gestão e da Inovação em Serviços Públicos;encerrado;Inscrições Encerradas;;-4;chefia baixa;;chefia baixa(-3), órgão-alvo(+2), gratificação técnica(-3);;GSISTE NS - Profissional com conhecimento em licitações e contratos e outros processos de gestão | Chefe da Seção de Licitações e Contratos da SRA-PI (CCE 1.03);https://oportunidades.sigepe.gov.br/oportunidades-portal/api/html/5854;21/08/2026;21/08/2026
5853;83/2026;2026;Ministério da Defesa;encerrado;Inscrições Encerradas;;1;coordenador (1.10);;coordenador (1.10)(+1);;Função Comissionada Executiva (FCE) 1.10 de Coordenador de Planejamento de Contratação;https://oportunidades.sigepe.gov.br/oportunidades-portal/api/html/5853;21/08/2026;21/08/2026
5852;84.1/2026;2026;Ministério dos Transportes;encerrado;Inscrições Encerradas;;-1;;;órgão-alvo(+2), gratificação técnica(-3);;GSISTE NS;https://oportunidades.sigepe.gov.br/oportunidades-portal/api/html/5852;21/08/2026;21/08/2026
5845;77.5/2026;2026;Instituto Nacional de Tecnologia da Informação;encerrado;Inscrições Encerradas;;-3;;;gratificação técnica(-3);;Gratificação (GSISTE NS) - área de Contratos do ITI;https://oportunidades.sigepe.gov.br/oportunidades-portal/api/html/5845;21/08/2026;21/08/2026
5840;122.2/2026;2026;Agência Nacional de Vigilância Sanitária;encerrado;Inscrições Encerradas;;2;coordenador (1.10);Brasília;coordenador (1.10)(+1), Brasília(+1);;Assessor;https://oportunidades.sigepe.gov.br/oportunidades-portal/api/html/5840;21/08/2026;21/08/2026
5839;176.3/2026;2026;Ministério da Gestão e da Inovação em Serviços Públicos;encerrado;Inscrições Encerradas;;-5;;;órgão-alvo(+2), gratificação técnica(-3), nível médio/intermediário(-4);nível médio/intermediário;GSISTE de nível superior na Coordenação Geral de Gestão da Informação - CGINF/SEGES/MGI | GSISTE de nível médio na Coordenação de Soluções em Gestão - COGES/CGINF/SEGES/MGI;https://oportunidades.sigepe.gov.br/oportunidades-portal/api/html/5839;21/08/2026;21/08/2026
5837;75.1/2026;2026;Ministério da Saúde;encerrado;Inscrições Encerradas;;-1;;;órgão-alvo(+2), gratificação técnica(-3);;SISP - Transformação Digital - Nível Superior - NS;https://oportunidades.sigepe.gov.br/oportunidades-portal/api/html/5837;21/08/2026;21/08/2026
5836;99.2/2026;2026;Ministério da Saúde;encerrado;Inscrições Encerradas;;5;;Brasília;Brasília(+1), monitoramento e avaliação(+2), órgão-alvo(+2);;COMAV - Cordenador Setorial de Monitoramento e Avaliação de Vigilância em Saúde e Ambiente;https://oportunidades.sigepe.gov.br/oportunidades-portal/api/html/5836;21/08/2026;21/08/2026
5834;74.1/2026;2026;Ministério da Agricultura e Pecuária;encerrado;Inscrições Encerradas;;-3;;;gratificação técnica(-3);;Provimento de 01 Gratificação Temporária GSISP;https://oportunidades.sigepe.gov.br/oportunidades-portal/api/html/5834;21/08/2026;21/08/2026
5832;73.1/2026;2026;Ministério da Agricultura e Pecuária;encerrado;Inscrições Encerradas;;1;coordenador (1.10);;coordenador (1.10)(+1);;Provimento de 01 Função Comissionada Executiva de Coordenador (FCE 1.10);https://oportunidades.sigepe.gov.br/oportunidades-portal/api/html/5832;21/08/2026;21/08/2026
5830;198.1/2026;2026;Ministério da Ciência, Tecnologia e Inovação;encerrado;Inscrições Encerradas;;-1;chefia baixa;;chefia baixa(-3), órgão-alvo(+2);;FCE 2.05 - Assistente Técnico da Direção do MAST;https://oportunidades.sigepe.gov.br/oportunidades-portal/api/html/5830;21/08/2026;21/08/2026
5829;98.1/2026;2026;Defensoria Pública da União;encerrado;Inscrições Encerradas;;1;;Brasília;Brasília(+1);;Coordenação de Fiscalização - CFIS (Brasília/DF);https://oportunidades.sigepe.gov.br/oportunidades-portal/api/html/5829;21/08/2026;21/08/2026
5822;76.2/2026;2026;Agência Nacional de Aviação Civil;encerrado;Inscrições Encerradas;;0;;;;;PROFISSIONAL DA SAÚDE;https://oportunidades.sigepe.gov.br/oportunidades-portal/api/html/5822;21/08/2026;21/08/2026
5820;71.1/2026;2026;Ministério da Integração e do Desenvolvimento Regional;encerrado;Inscrições Encerradas;;1;coordenador (1.10);Brasília;coordenador (1.10)(+1), Brasília(+1), desenvolvimento regional(+1), órgão-alvo(+2), nível médio/intermediário(-4);nível médio/intermediário;Coordenador de Projeto da Coordenação-Geral de Sistemas -  FCE 3,.10 (CGSIS/DTI);https://oportunidades.sigepe.gov.br/oportunidades-portal/api/html/5820;21/08/2026;21/08/2026
5817;104.1/2026;2026;Ministério da Justiça e Segurança Pública;encerrado;Inscrições Encerradas;;-1;;;órgão-alvo(+2), gratificação técnica(-3);;GSISTE -  NÍVEL SUPERIOR NA DIVISÃO DE PLANEJAMENTO E APOIO À GESTÃO;https://oportunidades.sigepe.gov.br/oportunidades-portal/api/html/5817;21/08/2026;21/08/2026
5816;66/2026;2026;Ministério das Relações Exteriores;encerrado;Inscrições Encerradas;;-3;;;gratificação técnica(-3);;Setor de Cadastro / Divisão do Pessoal;https://oportunidades.sigepe.gov.br/oportunidades-portal/api/html/5816;21/08/2026;21/08/2026
5815;65/2026;2026;Presidência da República;encerrado;Inscrições Encerradas;;-5;;;órgão-alvo(+2), gratificação técnica(-3), nível médio/intermediário(-4);nível médio/intermediário;Gsisp-Nível Intermediário;https://oportunidades.sigepe.gov.br/oportunidades-portal/api/html/5815;21/08/2026;21/08/2026
5812;61.1/2026;2026;Ministério da Justiça e Segurança Pública;encerrado;Inscrições Encerradas;;4;coordenador (1.10);Brasília;coordenador (1.10)(+1), Brasília(+1), órgão-alvo(+2);;ASSESSOR TÉCNICO ESPECIALIZADO NA ÁREA DE INFORMAÇÃO E COMUNICAÇÃO (FCE 4.07);https://oportunidades.sigepe.gov.br/oportunidades-portal/api/html/5812;21/08/2026;21/08/2026
5810;68.2/2026;2026;Ministério da Saúde;encerrado;Inscrições Encerradas;;-1;;;órgão-alvo(+2), gratificação técnica(-3);;GSISP - Nível Superior - Dados e Informações | GSISP - Nível Superior - Privacidade e Segurança da Informação;https://oportunidades.sigepe.gov.br/oportunidades-portal/api/html/5810;21/08/2026;21/08/2026
5809;57/2026;2026;Ministério do Desenvolvimento e Assistência Social, Família e Combate à Fome;encerrado;Inscrições Encerradas;;4;;Brasília;Brasília(+1), políticas públicas(+1), órgão-alvo(+2);;Processo Seletivo para concessão de 2 (duas) vagas, de Nível Superior, na DRSP/SNAS;https://oportunidades.sigepe.gov.br/oportunidades-portal/api/html/5809;21/08/2026;21/08/2026
5807;55/2026;2026;Fundação Cultural Palmares;encerrado;Inscrições Encerradas;;0;;;;;Função Comissionada Executiva (FCE 4.05);https://oportunidades.sigepe.gov.br/oportunidades-portal/api/html/5807;21/08/2026;21/08/2026
5803;58.1/2026;2026;Ministério da Gestão e da Inovação em Serviços Públicos;encerrado;Inscrições Encerradas;;-1;;;órgão-alvo(+2), gratificação técnica(-3);;GSISTE Nível Superior - MGI/SGP - Coordenação de Gestão Administrativa;https://oportunidades.sigepe.gov.br/oportunidades-portal/api/html/5803;21/08/2026;21/08/2026
5791;51.1/2026;2026;Ministério dos Transportes;encerrado;Inscrições Encerradas;;-1;;;órgão-alvo(+2), gratificação técnica(-3);;1 GSISP NS - Transformação Digital - Administração e Governança de Dados;https://oportunidades.sigepe.gov.br/oportunidades-portal/api/html/5791;21/08/2026;21/08/2026
5789;69.1/2026;2026;Ministério da Saúde;encerrado;Inscrições Encerradas;;3;;;infraestrutura(+1), órgão-alvo(+2);;Arquiteto(a) FCE 4.04;https://oportunidades.sigepe.gov.br/oportunidades-portal/api/html/5789;21/08/2026;21/08/2026
5788;70.4/2026;2026;Ministério da Gestão e da Inovação em Serviços Públicos;encerrado;Inscrições Encerradas;;-1;;;órgão-alvo(+2), gratificação técnica(-3);;VAGA DESTINADA À COORDENAÇÃO-GERAL DOS SISTEMAS DE CONTRATOS E PATRIMÔNIO. | VAGA DESTINADA À COORDENAÇÃO-GERAL DOS SISTEMAS DE CONTRATOS E PATRIMÔNIO (CGCON/DELOG/SEGES/MGI).;https://oportunidades.sigepe.gov.br/oportunidades-portal/api/html/5788;21/08/2026;21/08/2026
5783;121.2/2026;2026;Ministério da Saúde;encerrado;Inscrições Encerradas;;-3;;Fortaleza/CE;Fortaleza/CE(-5), órgão-alvo(+2);;Vagas para servidor público federal em Fortaleza/CE e em Teresina/PI;https://oportunidades.sigepe.gov.br/oportunidades-portal/api/html/5783;21/08/2026;21/08/2026
5782;45.1/2026;2026;Ministério do Meio Ambiente e Mudança do Clima;encerrado;Inscrições Encerradas;;-1;;;órgão-alvo(+2), gratificação técnica(-3);;GSISP de Nível Superior (NS);https://oportunidades.sigepe.gov.br/oportunidades-portal/api/html/5782;21/08/2026;21/08/2026
5776;41.1/2026;2026;Ministério do Desenvolvimento Agrário e Agricultura Familiar;encerrado;Inscrições Encerradas;;-1;chefia baixa;;chefia baixa(-3), órgão-alvo(+2);;1 (uma) vaga para Chefe de Divisão de Licitação;https://oportunidades.sigepe.gov.br/oportunidades-portal/api/html/5776;21/08/2026;21/08/2026
5773;42.2/2026;2026;Ministério da Gestão e da Inovação em Serviços Públicos;encerrado;Inscrições Encerradas;;-1;;;órgão-alvo(+2), gratificação técnica(-3);;GSISTE-NS para atividades de Assessoria na CGINT/DEDAD/SGD/MGI;https://oportunidades.sigepe.gov.br/oportunidades-portal/api/html/5773;21/08/2026;21/08/2026
5770;39.1/2026;2026;Ministério da Agricultura e Pecuária;encerrado;Inscrições Encerradas;;-3;;;gratificação técnica(-3);;Vaga para provimento de 01 (uma) GSISP;https://oportunidades.sigepe.gov.br/oportunidades-portal/api/html/5770;21/08/2026;21/08/2026
5769;40.1/2026;2026;Ministério da Agricultura e Pecuária;encerrado;Inscrições Encerradas;;-3;;;gratificação técnica(-3);;Vaga para provimento de 01 (uma) GSISP;https://oportunidades.sigepe.gov.br/oportunidades-portal/api/html/5769;21/08/2026;21/08/2026
5768;37.1/2026;2026;Fundação Cultural Palmares;encerrado;Inscrições Encerradas;;-3;;;gratificação técnica(-3);;GSISP de Nivel Superior;https://oportunidades.sigepe.gov.br/oportunidades-portal/api/html/5768;21/08/2026;21/08/2026
5767;36.1/2026;2026;Fundação Cultural Palmares;encerrado;Inscrições Encerradas;;-3;;;gratificação técnica(-3);;GSISP de Nivel Superior;https://oportunidades.sigepe.gov.br/oportunidades-portal/api/html/5767;21/08/2026;21/08/2026
5762;32.1/2026;2026;Ministério de Portos e Aeroportos;encerrado;Inscrições Encerradas;;1;coordenador (1.10);;coordenador (1.10)(+1);;Função Comissionada Executiva, código FCE 1.10- Coordenador;https://oportunidades.sigepe.gov.br/oportunidades-portal/api/html/5762;21/08/2026;21/08/2026
5761;31.1/2026;2026;Fundação Escola Nacional de Administração Pública;encerrado;Inscrições Encerradas;;-1;;;órgão-alvo(+2), gratificação técnica(-3);;GAEG DE NÍVEL SUPERIOR - Coordenação de Gestão Estratégica e Modernização;https://oportunidades.sigepe.gov.br/oportunidades-portal/api/html/5761;21/08/2026;21/08/2026
5751;29.1/2026;2026;Conselho Nacional de Desenvolvimento Científico e Tecnológico;encerrado;Inscrições Encerradas;;0;;;;;Coordenação de Apoio ao Fomento - COAFO;https://oportunidades.sigepe.gov.br/oportunidades-portal/api/html/5751;21/08/2026;21/08/2026
5746;33.2/2026;2026;Agência Nacional de Mineração;encerrado;Inscrições Encerradas;;3;;;cenários(+3), inteligência artificial(+1), órgão-alvo(+2), gratificação técnica(-3);;GSISP- Transformação Digital (Nível Superior);https://oportunidades.sigepe.gov.br/oportunidades-portal/api/html/5746;21/08/2026;21/08/2026
5743;23.3/2026;2026;Ministério das Comunicações;encerrado;Inscrições Encerradas;;1;coordenador (1.10);;coordenador (1.10)(+1);;Função Comissionada Executiva (FCE) de Assessor Técnico, código 2.10.;https://oportunidades.sigepe.gov.br/oportunidades-portal/api/html/5743;21/08/2026;21/08/2026
5740;28.1/2026;2026;Ministério da Gestão e da Inovação em Serviços Públicos;encerrado;Inscrições Encerradas;;-1;;;órgão-alvo(+2), gratificação técnica(-3);;GSISTE na Coordenação da Informação e Publicação;https://oportunidades.sigepe.gov.br/oportunidades-portal/api/html/5740;21/08/2026;21/08/2026
5739;27/2026;2026;Ministério da Gestão e da Inovação em Serviços Públicos;encerrado;Inscrições Encerradas;;-5;;;órgão-alvo(+2), gratificação técnica(-3), nível médio/intermediário(-4);nível médio/intermediário;GSISTE - NS- CGPRE/DEGOV/SEST | GSISTE NI - CGPRE/DEGOV/SEST;https://oportunidades.sigepe.gov.br/oportunidades-portal/api/html/5739;21/08/2026;21/08/2026
5737;20/2026;2026;Ministério do Desenvolvimento e Assistência Social, Família e Combate à Fome;encerrado;Inscrições Encerradas;;-4;;Brasília;Brasília(+1), órgão-alvo(+2), gratificação técnica(-3), nível médio/intermediário(-4);nível médio/intermediário;Processo Seletivo para concessão de 1 (uma) GSISTE, NI, na CGLC;https://oportunidades.sigepe.gov.br/oportunidades-portal/api/html/5737;21/08/2026;21/08/2026
5736;26.1/2026;2026;Ministério da Gestão e da Inovação em Serviços Públicos;encerrado;Inscrições Encerradas;;-4;;Brasília;Brasília(+1), órgão-alvo(+2), gratificação técnica(-3), nível médio/intermediário(-4);nível médio/intermediário;GSISTE Nível Intermediário NI - SISG Órgão Central;https://oportunidades.sigepe.gov.br/oportunidades-portal/api/html/5736;21/08/2026;21/08/2026
5735;18/2026;2026;Ministério do Desenvolvimento e Assistência Social, Família e Combate à Fome;encerrado;Inscrições Encerradas;;0;;Brasília;Brasília(+1), órgão-alvo(+2), gratificação técnica(-3);;Processo Seletivo para concessão de 1 (uma) GSISTE, NS, na CGLC;https://oportunidades.sigepe.gov.br/oportunidades-portal/api/html/5735;21/08/2026;21/08/2026
5731;16/2026;2026;Ministério da Integração e do Desenvolvimento Regional;encerrado;Inscrições Encerradas;;0;;;desenvolvimento regional(+1), órgão-alvo(+2), gratificação técnica(-3);;GSISTE Nível Superior Divisão de Desenvolvimento de Pessoal (DDP/CDS/CGGP/DA/SE);https://oportunidades.sigepe.gov.br/oportunidades-portal/api/html/5731;21/08/2026;21/08/2026
5730;15/2026;2026;Ministério da Integração e do Desenvolvimento Regional;encerrado;Inscrições Encerradas;;0;chefia baixa;;chefia baixa(-3), desenvolvimento regional(+1), órgão-alvo(+2);;Chefe do Serviço de Gerenciamento da Política Inst de Desenvol de Pessoas (SPIDP/DDP/CDS/CGGP/DA/SE);https://oportunidades.sigepe.gov.br/oportunidades-portal/api/html/5730;21/08/2026;21/08/2026
5729;25.1/2026;2026;Agência Nacional de Transportes Aquaviários;encerrado;Inscrições Encerradas;;-3;chefia baixa;;chefia baixa(-3);;CLIC - 1 vaga para pregoeiro - Função Comissionada Executiva - FCE 2.09;https://oportunidades.sigepe.gov.br/oportunidades-portal/api/html/5729;21/08/2026;21/08/2026
5726;17.1/2026;2026;Ministério do Planejamento e Orçamento;encerrado;Inscrições Encerradas;;2;;;órgão-alvo(+2);;Designer;https://oportunidades.sigepe.gov.br/oportunidades-portal/api/html/5726;21/08/2026;21/08/2026
5725;19.2/2026;2026;Ministério da Gestão e da Inovação em Serviços Públicos;encerrado;Inscrições Encerradas;;-4;;Brasília;Brasília(+1), órgão-alvo(+2), gratificação técnica(-3), nível médio/intermediário(-4);nível médio/intermediário;GSISTE Nível Intermediário NI - SISG Órgão Central;https://oportunidades.sigepe.gov.br/oportunidades-portal/api/html/5725;21/08/2026;21/08/2026
5722;12/2026;2026;Conselho Administrativo de Defesa Econômica;encerrado;Inscrições Encerradas;;-1;chefia baixa;;chefia baixa(-3), órgão-alvo(+2);;Divisão de Acompanhamento Processual  - DIAP | Serviço de Apoio Processual (SEAPRO) - FCE 1.05;https://oportunidades.sigepe.gov.br/oportunidades-portal/api/html/5722;21/08/2026;21/08/2026
5720;13.2/2026;2026;Ministério da Fazenda;encerrado;Inscrições Encerradas;;3;coordenador (1.10);;coordenador (1.10)(+1), órgão-alvo(+2);;Coordenador de Assuntos Administrativos, código FCE 1.10, (R$ 4.455,87);https://oportunidades.sigepe.gov.br/oportunidades-portal/api/html/5720;21/08/2026;21/08/2026
5716;14.1/2026;2026;Defensoria Pública da União;encerrado;Inscrições Encerradas;;0;;;;;Secretaria de Ações Estratégicas e Acesso à Justiça da Defensoria Pública da União;https://oportunidades.sigepe.gov.br/oportunidades-portal/api/html/5716;21/08/2026;21/08/2026
5715;7.1/2026;2026;Ministério da Pesca e Aquicultura;encerrado;Inscrições Encerradas;;-7;;;gratificação técnica(-3), nível médio/intermediário(-4);nível médio/intermediário;GSISTE - Nível Superior - Coordenação de Prestação de Contas (CPC) | GSISTE - Nível Intermediário- Tomada de Contas Especial (TCE/CPC) | GSISTE - Nível Superior - Coordenação de Celebrações de Convênios (CCONV);https://oportunidades.sigepe.gov.br/oportunidades-portal/api/html/5715;21/08/2026;21/08/2026
5714;6.1/2026;2026;Conselho Nacional de Desenvolvimento Científico e Tecnológico;encerrado;Inscrições Encerradas;;1;;Brasília;Brasília(+1);;Coordenação-Geral de Cooperação Nacional em CT&I - CGNAC/DCO;https://oportunidades.sigepe.gov.br/oportunidades-portal/api/html/5714;21/08/2026;21/08/2026
5713;5.8/2026;2026;Fundação Escola Nacional de Administração Pública;encerrado;Inscrições Encerradas;;-5;;;órgão-alvo(+2), gratificação técnica(-3), nível médio/intermediário(-4);nível médio/intermediário;GAEG DE NÍVEL INTERMEDIÁRIO - CGLOG;https://oportunidades.sigepe.gov.br/oportunidades-portal/api/html/5713;21/08/2026;21/08/2026
5710;2.1/2026;2026;Ministério do Desenvolvimento Agrário e Agricultura Familiar;encerrado;Inscrições Encerradas;;2;;;órgão-alvo(+2);;6 (seis) vagas para Corregedoria do MDA;https://oportunidades.sigepe.gov.br/oportunidades-portal/api/html/5710;21/08/2026;21/08/2026
5705;4.1/2026;2026;Ministério da Justiça e Segurança Pública;encerrado;Inscrições Encerradas;;4;coordenador (1.10);Brasília;coordenador (1.10)(+1), Brasília(+1), órgão-alvo(+2);;COORDENADOR ADMINISTRATIVO (FCE 1.10) NA GESTÃO DE ATIVOS E JUSTIÇA COM TELETRABALHO PARCIAL NO MJSP;https://oportunidades.sigepe.gov.br/oportunidades-portal/api/html/5705;21/08/2026;21/08/2026
5703;1451.2/2025;2025;Defensoria Pública da União;encerrado;Inscrições Encerradas;;0;;;;;Assistente de acompanhamento da execução orçamentária;https://oportunidades.sigepe.gov.br/oportunidades-portal/api/html/5703;21/08/2026;21/08/2026
5702;1450.1/2025;2025;Defensoria Pública da União;encerrado;Inscrições Encerradas;;0;;;;;Engenheiro Eletricista (01) e Técnico em Edificações (01);https://oportunidades.sigepe.gov.br/oportunidades-portal/api/html/5702;21/08/2026;21/08/2026
5701;1452.2/2025;2025;Fundação Escola Nacional de Administração Pública;encerrado;Inscrições Encerradas;;2;;;órgão-alvo(+2);;Gestor(a) de Projetos;https://oportunidades.sigepe.gov.br/oportunidades-portal/api/html/5701;21/08/2026;21/08/2026
5700;3.2/2026;2026;Ministério da Saúde;encerrado;Inscrições Encerradas;;-1;;;órgão-alvo(+2), gratificação técnica(-3);;Liderança em Educação e Desenvolvimento de Pessoas - GSISTE NS;https://oportunidades.sigepe.gov.br/oportunidades-portal/api/html/5700;21/08/2026;21/08/2026
5682;1437.1/2025;2025;Fundação Cultural Palmares;encerrado;Inscrições Encerradas;;1;coordenador (1.10);;coordenador (1.10)(+1);;Função Comissionada Executiva (FCE 1.10);https://oportunidades.sigepe.gov.br/oportunidades-portal/api/html/5682;21/08/2026;21/08/2026
5678;1434.1/2025;2025;Ministério do Meio Ambiente e Mudança do Clima;encerrado;Inscrições Encerradas;;-1;;;órgão-alvo(+2), gratificação técnica(-3);;3.1	OPORTUNIDADE -GSISTE SIPEC, de Nível Superior (NS);https://oportunidades.sigepe.gov.br/oportunidades-portal/api/html/5678;21/08/2026;21/08/2026
5677;1449.1/2025;2025;Ministério do Meio Ambiente e Mudança do Clima;encerrado;Inscrições Encerradas;;7;coordenador-geral;;coordenador-geral(+5), órgão-alvo(+2);;Coordenador-Geral  - FCE 1.13;https://oportunidades.sigepe.gov.br/oportunidades-portal/api/html/5677;21/08/2026;21/08/2026
5676;1448.1/2025;2025;Defensoria Pública da União;encerrado;Inscrições Encerradas;;2;coordenador (1.10);Brasília;coordenador (1.10)(+1), Brasília(+1);;Coordenador de de Articulação e Planejamento Orçamentário e Financeiro da SOF/DPU em Brasília/DF.;https://oportunidades.sigepe.gov.br/oportunidades-portal/api/html/5676;21/08/2026;21/08/2026
5675;1443/2025;2025;Defensoria Pública da União;encerrado;Inscrições Encerradas;;1;;Brasília;Brasília(+1);;Assistente de acompanhamento da execução orçamentária para exercício na SOF/DPU em Brasília/DF.;https://oportunidades.sigepe.gov.br/oportunidades-portal/api/html/5675;21/08/2026;21/08/2026
5674;1447.2/2025;2025;Defensoria Pública da União;encerrado;Inscrições Encerradas;;1;;Brasília;Brasília(+1);;Analista de acompanhamento da execução orçamentária para exercício na DPU em Brasília/DF.;https://oportunidades.sigepe.gov.br/oportunidades-portal/api/html/5674;21/08/2026;21/08/2026
5672;1432.2/2025;2025;Ministério do Turismo;encerrado;Inscrições Encerradas;;0;;Brasília;Brasília(+1), órgão-alvo(+2), gratificação técnica(-3);;GSISTE SISG - Nível Superior (NS);https://oportunidades.sigepe.gov.br/oportunidades-portal/api/html/5672;21/08/2026;21/08/2026
5671;1431.3/2025;2025;Fundação Cultural Palmares;encerrado;Inscrições Encerradas;;-6;coordenador (1.10);;coordenador (1.10)(+1), gratificação técnica(-3), nível médio/intermediário(-4);nível médio/intermediário;Gsiste - SIPEC nivel médio e FCE 1.10 NS;https://oportunidades.sigepe.gov.br/oportunidades-portal/api/html/5671;21/08/2026;21/08/2026
5670;1441.1/2025;2025;Ministério da Justiça e Segurança Pública;encerrado;Inscrições Encerradas;;0;;Brasília;Brasília(+1), órgão-alvo(+2), gratificação técnica(-3);;GSISTE - NÍVEL SUPERIOR NA DIVISÃO DE ARQUITETURA DO MJSP;https://oportunidades.sigepe.gov.br/oportunidades-portal/api/html/5670;21/08/2026;21/08/2026
5669;1430/2025;2025;Ministério do Desenvolvimento e Assistência Social, Família e Combate à Fome;encerrado;Inscrições Encerradas;;-4;;Brasília;Brasília(+1), órgão-alvo(+2), gratificação técnica(-3), nível médio/intermediário(-4);"nível médio/intermediário; graduação específica";Processo Seletivo 1 GSISP, NI, Área de Gestão e Planejamento de TI na STI;https://oportunidades.sigepe.gov.br/oportunidades-portal/api/html/5669;21/08/2026;21/08/2026
5668;1429/2025;2025;Ministério do Desenvolvimento e Assistência Social, Família e Combate à Fome;encerrado;Inscrições Encerradas;;0;;Brasília;Brasília(+1), órgão-alvo(+2), gratificação técnica(-3);;Processo Seletivo 1 (uma) GSISP, NS, na área de Privacidade e Segurança da Informação, na STI;https://oportunidades.sigepe.gov.br/oportunidades-portal/api/html/5668;21/08/2026;21/08/2026
5666;1438.1/2025;2025;Ministério da Justiça e Segurança Pública;encerrado;Inscrições Encerradas;;3;;Brasília;Brasília(+1), órgão-alvo(+2);;TELETRABALHO PARCIAL NA ÁREA DE ENSINO E PESQUISA DAS POLÍTICAS SOBRE DROGAS;https://oportunidades.sigepe.gov.br/oportunidades-portal/api/html/5666;21/08/2026;21/08/2026
5665;1426.1/2025;2025;Instituto Nacional de Tecnologia da Informação;encerrado;Inscrições Encerradas;;-3;;;gratificação técnica(-3);;Gratificação (GSISTE NS) - área de Contratos do ITI;https://oportunidades.sigepe.gov.br/oportunidades-portal/api/html/5665;21/08/2026;21/08/2026
5664;1427.3/2025;2025;Instituto Nacional de Tecnologia da Informação;encerrado;Inscrições Encerradas;;0;;;;;Analista de Gestão de Pessoas - Folha de Pagamento e Cadastro;https://oportunidades.sigepe.gov.br/oportunidades-portal/api/html/5664;21/08/2026;21/08/2026
5662;1419.1/2025;2025;Ministério do Desenvolvimento e Assistência Social, Família e Combate à Fome;encerrado;Inscrições Encerradas;;0;;Brasília;Brasília(+1), órgão-alvo(+2), gratificação técnica(-3);;Processo seletivo para 1 GSISP, NS, na área de Gestão de Dados e Informações, na STI;https://oportunidades.sigepe.gov.br/oportunidades-portal/api/html/5662;21/08/2026;21/08/2026
5659;1418/2025;2025;Ministério do Desenvolvimento e Assistência Social, Família e Combate à Fome;encerrado;Inscrições Encerradas;;-4;;Brasília;Brasília(+1), órgão-alvo(+2), gratificação técnica(-3), nível médio/intermediário(-4);nível médio/intermediário;Processo seletivo para 1 (uma) GSISP, NI, na área de Contratações de TI, na STI;https://oportunidades.sigepe.gov.br/oportunidades-portal/api/html/5659;21/08/2026;21/08/2026
5658;1440.2/2025;2025;Ministério da Agricultura e Pecuária;encerrado;Inscrições Encerradas;;-3;;;gratificação técnica(-3);;Oportunidade: GSISTE NS - Divisão de Qualidade de Vida no Trabalho - DIVQVT/CGASS;https://oportunidades.sigepe.gov.br/oportunidades-portal/api/html/5658;21/08/2026;21/08/2026
5655;1417/2025;2025;Ministério da Gestão e da Inovação em Serviços Públicos;encerrado;Inscrições Encerradas;;-5;;;órgão-alvo(+2), gratificação técnica(-3), nível médio/intermediário(-4);nível médio/intermediário;GSISTE - NS- CGPRE/DEGOV/SEST | GSISTE NI - CGPRE/DEGOV/SEST;https://oportunidades.sigepe.gov.br/oportunidades-portal/api/html/5655;21/08/2026;21/08/2026
5654;1433/2025;2025;Ministério de Portos e Aeroportos;encerrado;Inscrições Encerradas;;-3;chefia baixa;;chefia baixa(-3);;Função Comissionada Executiva, código FCE 1.05 para Chefe de Serviço de Correição;https://oportunidades.sigepe.gov.br/oportunidades-portal/api/html/5654;21/08/2026;21/08/2026
5646;1413.3/2025;2025;Ministério do Planejamento e Orçamento;encerrado;Inscrições Encerradas;;6;coordenador (1.10);;coordenador (1.10)(+1), avaliação ex-ante(+3), órgão-alvo(+2);;Função Comissionada de Coordenador(a) de Avaliação Ex Ante, código FCE 1.10.;https://oportunidades.sigepe.gov.br/oportunidades-portal/api/html/5646;21/08/2026;21/08/2026
5643;10.2/2026;2026;Ministério da Gestão e da Inovação em Serviços Públicos;encerrado;Inscrições Encerradas;;2;;;órgão-alvo(+2);;FCE 4.06 - DIPRO;https://oportunidades.sigepe.gov.br/oportunidades-portal/api/html/5643;21/08/2026;21/08/2026
5642;1412.4/2025;2025;Instituto Nacional de Tecnologia da Informação;encerrado;Inscrições Encerradas;;1;coordenador (1.10);;coordenador (1.10)(+1);;Assessor Técnico - FCE 2.10;https://oportunidades.sigepe.gov.br/oportunidades-portal/api/html/5642;21/08/2026;21/08/2026
5640;1421.2/2025;2025;Ministério da Fazenda;encerrado;Inscrições Encerradas;;3;coordenador (1.10);;coordenador (1.10)(+1), órgão-alvo(+2);;Coordenador de Regulação, código FCE 1.10;https://oportunidades.sigepe.gov.br/oportunidades-portal/api/html/5640;21/08/2026;21/08/2026
5639;1416.4/2025;2025;Ministério da Saúde;encerrado;Inscrições Encerradas;;3;coordenador (1.10);;coordenador (1.10)(+1), órgão-alvo(+2);;Coordenador(a) de Habilitação e Credenciamento da Atenção Primária à Saúde (COHC);https://oportunidades.sigepe.gov.br/oportunidades-portal/api/html/5639;21/08/2026;21/08/2026
5638;1422.2/2025;2025;Ministério da Fazenda;encerrado;Inscrições Encerradas;;3;coordenador (1.10);;coordenador (1.10)(+1), órgão-alvo(+2);;Coordenador de Fiscalização de Promoções Comerciais, código FCE 1.10;https://oportunidades.sigepe.gov.br/oportunidades-portal/api/html/5638;21/08/2026;21/08/2026
5637;1428/2025;2025;Conselho Administrativo de Defesa Econômica;encerrado;Inscrições Encerradas;;2;;;órgão-alvo(+2);;Perfil 1 - Fiscal de Contratos - Serviço de Administração de Pessoal (SEAPE) | Perfil 2 - Operador do eSocial - Serviço de Administração de Pessoal (SEAPE);https://oportunidades.sigepe.gov.br/oportunidades-portal/api/html/5637;21/08/2026;21/08/2026
5633;1453/2025;2025;Conselho Administrativo de Defesa Econômica;encerrado;Inscrições Encerradas;;2;;;órgão-alvo(+2);;Serviço de Atendimento e Administração Predial - SEAAP | Serviço de Gestão de Contratos - SEGEC | Serviço de Compras - SECOM | Serviço de Materiais e Patrimônio - SEMAP | Seção de Apoio à Gestão Logística - SAGLOG | Apoio à Coordenação de Logística - COL | Coordenação de Finanças - COF;https://oportunidades.sigepe.gov.br/oportunidades-portal/api/html/5633;21/08/2026;21/08/2026
5631;1410.1/2025;2025;Ministério do Planejamento e Orçamento;encerrado;Inscrições Encerradas;;2;;;órgão-alvo(+2);;Designer;https://oportunidades.sigepe.gov.br/oportunidades-portal/api/html/5631;21/08/2026;21/08/2026
5623;1405.2/2025;2025;Ministério da Integração e do Desenvolvimento Regional;encerrado;Inscrições Encerradas;;1;;Brasília;Brasília(+1), desenvolvimento regional(+1), órgão-alvo(+2), gratificação técnica(-3);;1 vaga para GSISP de nível superior na Coordenação-Geral de Sistemas (CGSIS/DTI);https://oportunidades.sigepe.gov.br/oportunidades-portal/api/html/5623;21/08/2026;21/08/2026
5622;1407.1/2025;2025;Agência Nacional de Águas e Saneamento Básico;encerrado;Inscrições Encerradas;;-3;;;gratificação técnica(-3);;SAF - GSISTE - NS;https://oportunidades.sigepe.gov.br/oportunidades-portal/api/html/5622;21/08/2026;21/08/2026
5618;1402.1/2025;2025;Comissão de Valores Mobiliários;encerrado;Inscrições Encerradas;;-3;;;gratificação técnica(-3);;GRATIFICAÇÃO TEMPORÁRIA GSISTE - NÍVEL SUPERIOR;https://oportunidades.sigepe.gov.br/oportunidades-portal/api/html/5618;21/08/2026;21/08/2026
5612;1401.2/2025;2025;Ministério da Ciência, Tecnologia e Inovação;encerrado;Inscrições Encerradas;;1;;;cenários(+3), prospecção(+2), infraestrutura(+1), órgão-alvo(+2), gratificação técnica(-3), nível médio/intermediário(-4);nível médio/intermediário;VAGA 2 - GSISP-NS (Perfil: Gestão de Dados e Informações) | VAGA 1 - GSISP-NI (Perfil: Infraestrutura e Plataformas Digitais);https://oportunidades.sigepe.gov.br/oportunidades-portal/api/html/5612;21/08/2026;21/08/2026
5608;1403.2/2025;2025;Ministério da Ciência, Tecnologia e Inovação;encerrado;Inscrições Encerradas;;-1;;;órgão-alvo(+2), gratificação técnica(-3);;GSISP - Nível Superior - Perfil Privacidade e Segurança da Informação;https://oportunidades.sigepe.gov.br/oportunidades-portal/api/html/5608;21/08/2026;21/08/2026
5599;1394.1/2025;2025;Ministério da Fazenda;encerrado;Inscrições Encerradas;;3;coordenador (1.10);;coordenador (1.10)(+1), órgão-alvo(+2);;01 Coordenador - CCE 1.10;https://oportunidades.sigepe.gov.br/oportunidades-portal/api/html/5599;21/08/2026;21/08/2026
5589;1385/2025;2025;Fundação Cultural Palmares;encerrado;Inscrições Encerradas;;-3;;;gratificação técnica(-3);;Gratificação Temporária do Sistema de Administração dos Recursos de Informação e Informática - GSISP;https://oportunidades.sigepe.gov.br/oportunidades-portal/api/html/5589;21/08/2026;21/08/2026
5588;1391.2/2025;2025;Ministério da Saúde;encerrado;Inscrições Encerradas;;4;coordenador (1.10);Brasília;coordenador (1.10)(+1), Brasília(+1), órgão-alvo(+2);;Assessor Técnico Especializado - Área administrativa;https://oportunidades.sigepe.gov.br/oportunidades-portal/api/html/5588;21/08/2026;21/08/2026
5586;1388.1/2025;2025;Ministério da Justiça e Segurança Pública;encerrado;Inscrições Encerradas;;0;chefia baixa;Brasília;chefia baixa(-3), Brasília(+1), órgão-alvo(+2);;CHEFE DE DIVISÃO DE SUPORTE DE TIC (FCE 1.07) COM TELETRABALHO PARCIAL NO MJSP;https://oportunidades.sigepe.gov.br/oportunidades-portal/api/html/5586;21/08/2026;21/08/2026
5583;1384/2025;2025;Conselho Administrativo de Defesa Econômica;encerrado;Inscrições Encerradas;;2;;;órgão-alvo(+2);;Serviço de Treinamento e Desenvolvimento de Pessoas - SETED;https://oportunidades.sigepe.gov.br/oportunidades-portal/api/html/5583;21/08/2026;21/08/2026
5582;1379/2025;2025;Instituto do Patrimônio Histórico e Artístico Nacional;encerrado;Inscrições Encerradas;;-3;chefia baixa;;chefia baixa(-3);;FCE 1.05 Chefe de Serviço de Redação na Coordenação-Geral de Comunicação Institucional;https://oportunidades.sigepe.gov.br/oportunidades-portal/api/html/5582;21/08/2026;21/08/2026
5576;1380.2/2025;2025;Conselho de Controle de Atividades Financeiras;encerrado;Inscrições Encerradas;;-3;chefia baixa;;chefia baixa(-3);;Chefe da Divisão de Administração e Logística - FCE 1.07;https://oportunidades.sigepe.gov.br/oportunidades-portal/api/html/5576;21/08/2026;21/08/2026
5575;1374.2/2025;2025;Ministério da Fazenda;encerrado;Inscrições Encerradas;;3;coordenador (1.10);;coordenador (1.10)(+1), órgão-alvo(+2);;8 vagas de Coordenação (FCE 1.10);https://oportunidades.sigepe.gov.br/oportunidades-portal/api/html/5575;21/08/2026;21/08/2026
5574;1411/2025;2025;Ministério do Planejamento e Orçamento;encerrado;Inscrições Encerradas;;2;;;órgão-alvo(+2);;Oportunidade na Secretaria de Assuntos Internacionais SEAID/SUFIN/CGMOD | Oportunidade na Secretaria de Assuntos Internacionais SEAID/SUFIN/COSID;https://oportunidades.sigepe.gov.br/oportunidades-portal/api/html/5574;21/08/2026;21/08/2026
5562;1358/2025;2025;Presidência da República;encerrado;Inscrições Encerradas;;-1;;;órgão-alvo(+2), gratificação técnica(-3);;GSISTE-Nível superior;https://oportunidades.sigepe.gov.br/oportunidades-portal/api/html/5562;21/08/2026;21/08/2026
5561;1355.1/2025;2025;Fundação Escola Nacional de Administração Pública;encerrado;Inscrições Encerradas;;-1;;;órgão-alvo(+2), gratificação técnica(-3);;GAEG DE NÍVEL SUPERIOR - Coordenação de Gestão Estratégica e Modernização;https://oportunidades.sigepe.gov.br/oportunidades-portal/api/html/5561;21/08/2026;21/08/2026
5551;1352.2/2025;2025;Fundação Escola Nacional de Administração Pública;encerrado;Inscrições Encerradas;;-1;;;órgão-alvo(+2), gratificação técnica(-3);;GAEG DE NÍVEL SUPERIOR - Coordenação-Geral de Cooperação Federativa;https://oportunidades.sigepe.gov.br/oportunidades-portal/api/html/5551;21/08/2026;21/08/2026
5550;1351.4/2025;2025;Departamento Nacional de Infraestrutura de Transportes;encerrado;Inscrições Encerradas;;-3;;;infraestrutura(+1), nível médio/intermediário(-4);nível médio/intermediário;Servidores de nível médio e superior | Servidores de nível médio e superior;https://oportunidades.sigepe.gov.br/oportunidades-portal/api/html/5550;21/08/2026;21/08/2026
5549;1349.1/2025;2025;Fundação Escola Nacional de Administração Pública;encerrado;Inscrições Encerradas;;-5;;;órgão-alvo(+2), gratificação técnica(-3), nível médio/intermediário(-4);nível médio/intermediário;GAEG DE NÍVEL INTERMEDIÁRIO - SERVIÇO DE CONTABILIDADE;https://oportunidades.sigepe.gov.br/oportunidades-portal/api/html/5549;21/08/2026;21/08/2026
5548;1397.2/2025;2025;Ministério das Relações Exteriores;encerrado;Inscrições Encerradas;;0;;;;;Administração / Gestão de Arquivo Digital ¿ AFD (1 vaga);https://oportunidades.sigepe.gov.br/oportunidades-portal/api/html/5548;21/08/2026;21/08/2026
5545;1370.1/2025;2025;Ministério da Justiça e Segurança Pública;encerrado;Inscrições Encerradas;;3;;Brasília;Brasília(+1), órgão-alvo(+2);;Requisição-Segurança da Informação e Proteção de Dados Pessoais/CGTP/ANPD | Requisição-Psicologia e Pedagogia/CGTP/ANPD | Requisição-Direito/CGTP/ANPD;https://oportunidades.sigepe.gov.br/oportunidades-portal/api/html/5545;21/08/2026;21/08/2026
5541;1346.1/2025;2025;Ministério do Desenvolvimento, Indústria, Comércio e Serviços;encerrado;Inscrições Encerradas;;3;coordenador (1.10);;coordenador (1.10)(+1), órgão-alvo(+2);;Coordenador de Relações Institucionais -  FCE 1.10;https://oportunidades.sigepe.gov.br/oportunidades-portal/api/html/5541;21/08/2026;21/08/2026
5540;1342/2025;2025;Ministério das Mulheres;encerrado;Inscrições Encerradas;;-3;;;gratificação técnica(-3);;GSISP Nível Superior -  Privacidade e Segurança da Informação;https://oportunidades.sigepe.gov.br/oportunidades-portal/api/html/5540;21/08/2026;21/08/2026
5539;1341/2025;2025;Ministério das Mulheres;encerrado;Inscrições Encerradas;;-3;;;gratificação técnica(-3);;GSISP Nível Superior - Gestão de Dados e Informações;https://oportunidades.sigepe.gov.br/oportunidades-portal/api/html/5539;21/08/2026;21/08/2026
5537;1340/2025;2025;Ministério das Mulheres;encerrado;Inscrições Encerradas;;-3;;;gratificação técnica(-3);;GSISP Nível Superior - Transformação Digital;https://oportunidades.sigepe.gov.br/oportunidades-portal/api/html/5537;21/08/2026;21/08/2026
5536;1339.2/2025;2025;Ministério da Cultura;encerrado;Inscrições Encerradas;;1;coordenador (1.10);;coordenador (1.10)(+1);;FCE 1.10, para atuar como Coordenador de Estudos e Pesquisas.;https://oportunidades.sigepe.gov.br/oportunidades-portal/api/html/5536;21/08/2026;21/08/2026
5535;1344.1/2025;2025;Ministério do Desenvolvimento, Indústria, Comércio e Serviços;encerrado;Inscrições Encerradas;;-1;chefia baixa;;chefia baixa(-3), órgão-alvo(+2);;Chefe de Divisão de Planejamento - FCE 1.07;https://oportunidades.sigepe.gov.br/oportunidades-portal/api/html/5535;21/08/2026;21/08/2026
5533;1337.3/2025;2025;Ministério da Cultura;encerrado;Inscrições Encerradas;;-3;;;gratificação técnica(-3);;GSISTE de Nível Superior para atuar na Coordenação-Geral de Informações e Indicadores Culturais;https://oportunidades.sigepe.gov.br/oportunidades-portal/api/html/5533;21/08/2026;21/08/2026
5531;1350.1/2025;2025;Departamento Nacional de Infraestrutura de Transportes;encerrado;Inscrições Encerradas;;1;;;infraestrutura(+1);;Corregedoria;https://oportunidades.sigepe.gov.br/oportunidades-portal/api/html/5531;21/08/2026;21/08/2026
5530;1334.2/2025;2025;Departamento Nacional de Infraestrutura de Transportes;encerrado;Inscrições Encerradas;;-3;;;infraestrutura(+1), nível médio/intermediário(-4);nível médio/intermediário;Servidores de nível médio e superior | Servidores de nível médio e superior | Analista de Infraestrutura de Transportes / Engenheiro Civil | Técnico de Infraestrutura de Transportes;https://oportunidades.sigepe.gov.br/oportunidades-portal/api/html/5530;21/08/2026;21/08/2026
5529;1333.2/2025;2025;Departamento Nacional de Infraestrutura de Transportes;encerrado;Inscrições Encerradas;;-7;chefia baixa;Aquaviária - FCE 1.05 - SRE/SP;chefia baixa(-3), Aquaviária - FCE 1.05 - SRE/SP(-5), infraestrutura(+1);;Chefe do Serviço de Construção Aquaviária - FCE 1.05 - SRE/SP;https://oportunidades.sigepe.gov.br/oportunidades-portal/api/html/5529;21/08/2026;21/08/2026
5528;1372.3/2025;2025;Fundação Alexandre de Gusmão;encerrado;Inscrições Encerradas;;-6;chefia baixa;;chefia baixa(-3), gratificação técnica(-3);;FCE 1.04 + GSISTE NS + PGD - Chefe da Seção de Cadastro e Pagamento de Pessoal - DRH/FUNAG;https://oportunidades.sigepe.gov.br/oportunidades-portal/api/html/5528;21/08/2026;21/08/2026
5525;1328.1/2025;2025;Fundação Nacional de Saúde;encerrado;Inscrições Encerradas;;-5;;São Paulo/SP;São Paulo/SP(-5);;Vaga para atuação técnica - São Paulo/SP | Vaga para atuação técnica - Presidente Prudente/SP;https://oportunidades.sigepe.gov.br/oportunidades-portal/api/html/5525;21/08/2026;21/08/2026
5522;1338.1/2025;2025;Ministério da Gestão e da Inovação em Serviços Públicos;encerrado;Inscrições Encerradas;;-5;;;órgão-alvo(+2), gratificação técnica(-3), nível médio/intermediário(-4);nível médio/intermediário;GSISP - Nível Superior - Privacidade e Segurança da Informação | GSISP - Nível Intermediário - Privacidade e Segurança da Informação;https://oportunidades.sigepe.gov.br/oportunidades-portal/api/html/5522;21/08/2026;21/08/2026
5516;1325/2025;2025;Fundação Cultural Palmares;encerrado;Inscrições Encerradas;;-3;;;gratificação técnica(-3);;Gratificação Temporária do Sistema de Administração dos Recursos de Informação e Informática - GSISP;https://oportunidades.sigepe.gov.br/oportunidades-portal/api/html/5516;21/08/2026;21/08/2026
5514;1330.1/2025;2025;Ministério da Pesca e Aquicultura;encerrado;Inscrições Encerradas;;-7;;;gratificação técnica(-3), nível médio/intermediário(-4);nível médio/intermediário;GSISTE - Nível Superior - Coordenação de Prestação de Contas (CPC) | GSISTE - Nível Intermediário- Tomada de Contas Especial (TCE/CPC) | GSISTE - Nível Superior - Coordenação de Celebrações de Convênios (CCONV);https://oportunidades.sigepe.gov.br/oportunidades-portal/api/html/5514;21/08/2026;21/08/2026
5511;1335/2025;2025;Ministério da Cultura;encerrado;Inscrições Encerradas;;-3;chefia baixa;;chefia baixa(-3);;Vaga de Chefe de Divisão, FCE 1.07, na Coordenação de Apoio Administrativo do Gabinete da Ministra;https://oportunidades.sigepe.gov.br/oportunidades-portal/api/html/5511;21/08/2026;21/08/2026
5510;1319.2/2025;2025;Ministério do Esporte;encerrado;Inscrições Encerradas;;1;coordenador (1.10);;coordenador (1.10)(+1);;Função Comissionada Executiva FCE 2.10 - Assistente Técnico;https://oportunidades.sigepe.gov.br/oportunidades-portal/api/html/5510;21/08/2026;21/08/2026
5509;1324.1/2025;2025;Ministério da Gestão e da Inovação em Serviços Públicos;encerrado;Inscrições Encerradas;;-1;;;órgão-alvo(+2), gratificação técnica(-3);;GSISP-NS para atuar no Gabinete da Secretaria de Governo Digital/MGI;https://oportunidades.sigepe.gov.br/oportunidades-portal/api/html/5509;21/08/2026;21/08/2026
5508;1323.1/2025;2025;Ministério da Pesca e Aquicultura;encerrado;Inscrições Encerradas;;-6;;;infraestrutura(+1), gratificação técnica(-3), nível médio/intermediário(-4);nível médio/intermediário;GSISP - Privacidade e Segurança da Informação - Nível Superior (NS) | GSISP - Infraestrutura e Plataformas Digitais - Nível Intermediário (NI);https://oportunidades.sigepe.gov.br/oportunidades-portal/api/html/5508;21/08/2026;21/08/2026
5507;1348.2/2025;2025;Ministério da Justiça e Segurança Pública;encerrado;Inscrições Encerradas;;2;;;órgão-alvo(+2);;Apoio Técnico-Administrativo/CAI/CGRII/ANPD;https://oportunidades.sigepe.gov.br/oportunidades-portal/api/html/5507;21/08/2026;21/08/2026
5505;1321/2025;2025;Ministério da Gestão e da Inovação em Serviços Públicos;encerrado;Inscrições Encerradas;;-8;chefia baixa;;chefia baixa(-3), órgão-alvo(+2), gratificação técnica(-3), nível médio/intermediário(-4);nível médio/intermediário;01 (uma) vaga de Chefe de Divisão de Relacionamento com Conselheiros CCE 1.07 + GSISTE NS | 01 (uma)  - GSISTE de Nível Intermediário.;https://oportunidades.sigepe.gov.br/oportunidades-portal/api/html/5505;21/08/2026;21/08/2026
5504;1332.2/2025;2025;Ministério da Justiça e Segurança Pública;encerrado;Inscrições Encerradas;;0;;Brasília;Brasília(+1), órgão-alvo(+2), gratificação técnica(-3);;GSISP+Nivel Superior+Especialista em Desenvolvimento e Sustentação de Sistemas/CGTI/ANPD;https://oportunidades.sigepe.gov.br/oportunidades-portal/api/html/5504;21/08/2026;21/08/2026
5502;1318.3/2025;2025;Instituto Nacional de Tecnologia da Informação;encerrado;Inscrições Encerradas;;-3;;;gratificação técnica(-3);;Gratificação (GSISTE NS) - área de Contratos do ITI;https://oportunidades.sigepe.gov.br/oportunidades-portal/api/html/5502;21/08/2026;21/08/2026
5500;1316.2/2025;2025;Instituto Nacional de Tecnologia da Informação;encerrado;Inscrições Encerradas;;0;;;;;Analista de Gestão de Pessoas - Folha de Pagamento e Cadastro | Analista de Gestão de Pessoas - Administrativo;https://oportunidades.sigepe.gov.br/oportunidades-portal/api/html/5500;21/08/2026;21/08/2026
5499;1315/2025;2025;Fundação Cultural Palmares;encerrado;Inscrições Encerradas;;0;;;;;Função Comissionada Executiva (FCE 4.05);https://oportunidades.sigepe.gov.br/oportunidades-portal/api/html/5499;21/08/2026;21/08/2026
5498;1327.3/2025;2025;Ministério da Justiça e Segurança Pública;encerrado;Inscrições Encerradas;;4;coordenador (1.10);Brasília;coordenador (1.10)(+1), Brasília(+1), órgão-alvo(+2);;COORDENADOR(A) NA ÁREA DE GOVERNANÇA E GESTÃO DO SISTEMA ÚNICO DE SEGURANÇA PÚBLICA DO MJSP;https://oportunidades.sigepe.gov.br/oportunidades-portal/api/html/5498;21/08/2026;21/08/2026
5496;1383.1/2025;2025;Ministério do Planejamento e Orçamento;encerrado;Inscrições Encerradas;;-1;;;órgão-alvo(+2), gratificação técnica(-3);;GSISTE Nível Superior;https://oportunidades.sigepe.gov.br/oportunidades-portal/api/html/5496;21/08/2026;21/08/2026
5493;1311.1/2025;2025;Ministério da Gestão e da Inovação em Serviços Públicos;encerrado;Inscrições Encerradas;;-1;;;órgão-alvo(+2), gratificação técnica(-3);;GSISP-NS para atuar no órgão supervisor da carreira de ATI - SGD/MGI;https://oportunidades.sigepe.gov.br/oportunidades-portal/api/html/5493;21/08/2026;21/08/2026
5490;1309.1/2025;2025;Ministério do Turismo;encerrado;Inscrições Encerradas;;-1;;;órgão-alvo(+2), gratificação técnica(-3);;GSISP NIVEL SUPERIOR - CGTI;https://oportunidades.sigepe.gov.br/oportunidades-portal/api/html/5490;21/08/2026;21/08/2026
5488;1307.3/2025;2025;Ministério do Turismo;encerrado;Inscrições Encerradas;;1;;Brasília;Brasília(+1), infraestrutura(+1), órgão-alvo(+2), gratificação técnica(-3);;GSISTE - SIGPAR (Nível Superior) | GSISTE - SIGPAR (Nível Superior) | GSISTE - SIGPAR (Nível Superior) | GSISTE - SIGPAR (Nível Superior);https://oportunidades.sigepe.gov.br/oportunidades-portal/api/html/5488;21/08/2026;21/08/2026
5486;1305.1/2025;2025;Fundação Nacional de Saúde;encerrado;Inscrições Encerradas;;1;coordenador (1.10);;coordenador (1.10)(+1);;Função Comissionada Executiva de Chefe da Divisão de Saúde Ambiental | Função Comissionada Executiva de Assessor Técnico Especializado;https://oportunidades.sigepe.gov.br/oportunidades-portal/api/html/5486;21/08/2026;21/08/2026
5484;1306.3/2025;2025;Ministério da Ciência, Tecnologia e Inovação;encerrado;Inscrições Encerradas;;-1;chefia baixa;;chefia baixa(-3), órgão-alvo(+2);;FCE 1.05 - Função Comissionada de Chefe do Serviço de Apoio Institucional;https://oportunidades.sigepe.gov.br/oportunidades-portal/api/html/5484;21/08/2026;21/08/2026
5472;1389.2/2025;2025;Ministério do Desenvolvimento Agrário e Agricultura Familiar;encerrado;Inscrições Encerradas;;-5;chefia baixa;;chefia baixa(-3), órgão-alvo(+2), nível médio/intermediário(-4);nível médio/intermediário;Chefe de Divisão de Monitoramento e Controle - Profissional de Nível Médio ou Superior | Chefe de Divisão de Articulação - Profissional de Nível Médio ou Superior;https://oportunidades.sigepe.gov.br/oportunidades-portal/api/html/5472;21/08/2026;21/08/2026
5471;1302.3/2025;2025;Ministério da Cultura;encerrado;Inscrições Encerradas;;0;coordenador (1.10);Brasília;coordenador (1.10)(+1), Brasília(+1), órgão-alvo(+2), nível médio/intermediário(-4);nível médio/intermediário;Vaga de Coordenador de Gestão Processual e Produção Documental - FCE 1.11;https://oportunidades.sigepe.gov.br/oportunidades-portal/api/html/5471;21/08/2026;21/08/2026
5466;1300.2/2025;2025;Ministério da Integração e do Desenvolvimento Regional;encerrado;Inscrições Encerradas;;0;;;desenvolvimento regional(+1), órgão-alvo(+2), gratificação técnica(-3);;2 vagas GSISTE Nível Superior na Coordenação de Serviços Gerais (CSG/CGSL/DA/SE);https://oportunidades.sigepe.gov.br/oportunidades-portal/api/html/5466;21/08/2026;21/08/2026
5465;1293.1/2025;2025;Ministério da Cultura;encerrado;Inscrições Encerradas;;-7;chefia baixa;;chefia baixa(-3), graduação específica(-4);graduação específica;Vaga de Chefe de Divisão, FCE 1.07, na Divisão de Parcerias e de Cooperação Federativa | Vaga de Chefe de Divisão, FCE 1.07, na Divisão de Gestão Estratégica;https://oportunidades.sigepe.gov.br/oportunidades-portal/api/html/5465;21/08/2026;21/08/2026
5464;1295.4/2025;2025;Ministério da Gestão e da Inovação em Serviços Públicos;encerrado;Inscrições Encerradas;;2;;;órgão-alvo(+2);;Especialista em Transformação Digital - Ucrânia (Kiev);https://oportunidades.sigepe.gov.br/oportunidades-portal/api/html/5464;21/08/2026;21/08/2026
5462;1294.6/2025;2025;Ministério da Gestão e da Inovação em Serviços Públicos;encerrado;Inscrições Encerradas;;2;;;órgão-alvo(+2);;Especialista em Transformação Digital - Costa do Marfim;https://oportunidades.sigepe.gov.br/oportunidades-portal/api/html/5462;21/08/2026;21/08/2026
5461;1296.6/2025;2025;Ministério da Gestão e da Inovação em Serviços Públicos;encerrado;Inscrições Encerradas;;3;;;infraestrutura(+1), órgão-alvo(+2);;Oficial de Operações em Infraestrutura - Guatemala;https://oportunidades.sigepe.gov.br/oportunidades-portal/api/html/5461;21/08/2026;21/08/2026
5460;1298.4/2025;2025;Ministério da Gestão e da Inovação em Serviços Públicos;encerrado;Inscrições Encerradas;;2;;;órgão-alvo(+2);;Especialista em Energia - Áustria;https://oportunidades.sigepe.gov.br/oportunidades-portal/api/html/5460;21/08/2026;21/08/2026
5459;1292.2/2025;2025;Ministério da Cultura;encerrado;Inscrições Encerradas;;-3;chefia baixa;;chefia baixa(-3);;Vaga de Chefe de Divisão, FCE 1.07, na Divisão de Gestão Documental e Controle de Prazo;https://oportunidades.sigepe.gov.br/oportunidades-portal/api/html/5459;21/08/2026;21/08/2026
5458;1310.1/2025;2025;Ministério da Gestão e da Inovação em Serviços Públicos;encerrado;Inscrições Encerradas;;-1;;;órgão-alvo(+2), gratificação técnica(-3);;GSISP NS para atuar em projetos da Identificação Civil - SGD/MGI;https://oportunidades.sigepe.gov.br/oportunidades-portal/api/html/5458;21/08/2026;21/08/2026
5456;1289.1/2025;2025;Ministério dos Direitos Humanos e da Cidadania;encerrado;Inscrições Encerradas;;-3;;;gratificação técnica(-3);;Processo Seletivo Simplificado para concessão de GSISP-NS;https://oportunidades.sigepe.gov.br/oportunidades-portal/api/html/5456;21/08/2026;21/08/2026
5455;1303.1/2025;2025;Ministério do Trabalho e Emprego;encerrado;Inscrições Encerradas;;3;coordenador (1.10);;coordenador (1.10)(+1), órgão-alvo(+2);;Assessor Técnico;https://oportunidades.sigepe.gov.br/oportunidades-portal/api/html/5455;21/08/2026;21/08/2026
5454;1308.1/2025;2025;Ministério da Saúde;encerrado;Inscrições Encerradas;;2;;;órgão-alvo(+2);;Apoio Administrativo em Gestão Contratual;https://oportunidades.sigepe.gov.br/oportunidades-portal/api/html/5454;21/08/2026;21/08/2026
5452;1297.5/2025;2025;Ministério da Gestão e da Inovação em Serviços Públicos;encerrado;Inscrições Encerradas;;2;;;órgão-alvo(+2);;Especialista em Energia - Turquia;https://oportunidades.sigepe.gov.br/oportunidades-portal/api/html/5452;21/08/2026;21/08/2026
5444;1353.2/2025;2025;Ministério da Gestão e da Inovação em Serviços Públicos;encerrado;Inscrições Encerradas;;2;;;órgão-alvo(+2);;Analista de Inovação e Estratégia - COEAI/CGFOR/DGE/SSC/MGI;https://oportunidades.sigepe.gov.br/oportunidades-portal/api/html/5444;21/08/2026;21/08/2026
5443;1283.3/2025;2025;Ministério do Desenvolvimento Agrário e Agricultura Familiar;encerrado;Inscrições Encerradas;;-1;;;órgão-alvo(+2), gratificação técnica(-3);;GSISTE Nível Superior na Coordenação Geral de Instrumentos de Repasse - CGIR/MDA;https://oportunidades.sigepe.gov.br/oportunidades-portal/api/html/5443;21/08/2026;21/08/2026
5442;1282.7/2025;2025;Ministério da Cultura;encerrado;Inscrições Encerradas;;0;;;;;Vaga para trabalhar na Coordenação de Redes Formativas em Arte e Cultura - CRFAC;https://oportunidades.sigepe.gov.br/oportunidades-portal/api/html/5442;21/08/2026;21/08/2026
5439;1281.3/2025;2025;Ministério da Cultura;encerrado;Inscrições Encerradas;;-3;chefia baixa;;chefia baixa(-3);;Uma vaga de Chefe da Divisão de Formação Técnica e Profissional em Cultura - DFTPC;https://oportunidades.sigepe.gov.br/oportunidades-portal/api/html/5439;21/08/2026;21/08/2026
5437;1275.1/2025;2025;Ministério da Justiça e Segurança Pública;encerrado;Inscrições Encerradas;;3;;Brasília;Brasília(+1), órgão-alvo(+2);;TRÊS VAGAS NA ÁREA DE COOPERAÇÃO JURÍDICA INTERNACIONAL DO MJSP;https://oportunidades.sigepe.gov.br/oportunidades-portal/api/html/5437;21/08/2026;21/08/2026
5436;1276.1/2025;2025;Ministério da Cultura;encerrado;Inscrições Encerradas;;-6;chefia baixa;Brasília;chefia baixa(-3), Brasília(+1), nível médio/intermediário(-4);nível médio/intermediário;Vaga de Chefe de Divisão, FCE 1.07, na Diretoria de Políticas para Trabalhadores da Cultura (DTRAC);https://oportunidades.sigepe.gov.br/oportunidades-portal/api/html/5436;21/08/2026;21/08/2026
5426;1272.1/2025;2025;Ministério da Gestão e da Inovação em Serviços Públicos;encerrado;Inscrições Encerradas;;-6;chefia baixa;SRA/AM;chefia baixa(-3), SRA/AM(-5), órgão-alvo(+2);;Cargo Comissionado Executivo de Assistente Técnico (CCE 2.03) SELIC;https://oportunidades.sigepe.gov.br/oportunidades-portal/api/html/5426;21/08/2026;21/08/2026
5423;1271.1/2025;2025;Ministério da Gestão e da Inovação em Serviços Públicos;encerrado;Inscrições Encerradas;;-6;chefia baixa;;chefia baixa(-3), urbano(+2), órgão-alvo(+2), gratificação técnica(-3), nível médio/intermediário(-4);nível médio/intermediário;Chefia da Seção de Gestão Documental e de Transporte (FCE 1.04) | Atuação na Divisão de Administração e Logística (Licitações, Contratos, Patrimônio e Transporte) | Chefia do Serviço de Licitações e Contratos (FCE 1.05) | GSISTE de Nível Superior, do Sistema de Serviços Gerais - SISG;https://oportunidades.sigepe.gov.br/oportunidades-portal/api/html/5423;21/08/2026;21/08/2026
5419;1279.5/2025;2025;Ministério das Mulheres;encerrado;Inscrições Encerradas;;1;coordenador (1.10);;coordenador (1.10)(+1);;Cargo Comissionado Executivo- CCE 1.10;https://oportunidades.sigepe.gov.br/oportunidades-portal/api/html/5419;21/08/2026;21/08/2026
5415;1261.1/2025;2025;Ministério do Meio Ambiente e Mudança do Clima;encerrado;Inscrições Encerradas;;2;;;órgão-alvo(+2);;Coordenação de Licitações;https://oportunidades.sigepe.gov.br/oportunidades-portal/api/html/5415;21/08/2026;21/08/2026
5411;1314.1/2025;2025;Ministério da Saúde;encerrado;Inscrições Encerradas;;2;;;órgão-alvo(+2);;PDG Parcial - Nível Superior para atuar na Coordenação-Geral de Planejamento;https://oportunidades.sigepe.gov.br/oportunidades-portal/api/html/5411;21/08/2026;21/08/2026
5404;1256/2025;2025;Instituto Brasileiro de Museus;encerrado;Inscrições Encerradas;;-2;chefia baixa;Brasília;chefia baixa(-3), Brasília(+1);;Chefe da Seção de Auditoria Finalística | Chefe da Seção de Auditoria de Gestão;https://oportunidades.sigepe.gov.br/oportunidades-portal/api/html/5404;21/08/2026;21/08/2026
5399;1262.2/2025;2025;Ministério da Ciência, Tecnologia e Inovação;encerrado;Inscrições Encerradas;;-1;;Brasília;Brasília(+1), órgão-alvo(+2), nível médio/intermediário(-4);nível médio/intermediário;Servidor Público Federal Estável, Ocupante de Cargo Efetivo de Nível Médio;https://oportunidades.sigepe.gov.br/oportunidades-portal/api/html/5399;21/08/2026;21/08/2026
5398;1250/2025;2025;Ministério da Gestão e da Inovação em Serviços Públicos;encerrado;Inscrições Encerradas;;2;;;órgão-alvo(+2);;COMPOSIÇÃO DE FORÇA DE TRABALHO NA DOGES/SEST;https://oportunidades.sigepe.gov.br/oportunidades-portal/api/html/5398;21/08/2026;21/08/2026
5397;1248.1/2025;2025;Presidência da República;encerrado;Inscrições Encerradas;;2;;;órgão-alvo(+2);;Servidor federal com experiência em atendimento a clientes, rotina administrativa, gestão documental;https://oportunidades.sigepe.gov.br/oportunidades-portal/api/html/5397;21/08/2026;21/08/2026
5396;1246.1/2025;2025;Presidência da República;encerrado;Inscrições Encerradas;;2;;;órgão-alvo(+2);;Servidor federal com formação em museologia, bibiliotecário, arquivista e historiador;https://oportunidades.sigepe.gov.br/oportunidades-portal/api/html/5396;21/08/2026;21/08/2026
5395;1254/2025;2025;Conselho Administrativo de Defesa Econômica;encerrado;Inscrições Encerradas;;2;;;órgão-alvo(+2);;Cgesp (Assessoria - Equipe PG.Cade);https://oportunidades.sigepe.gov.br/oportunidades-portal/api/html/5395;21/08/2026;21/08/2026
5387;1255/2025;2025;Conselho Administrativo de Defesa Econômica;encerrado;Inscrições Encerradas;;2;;;órgão-alvo(+2);;Divisão de Compliance e Gestão de Riscos (Dicor) - Perfil 1 | Divisão de Compliance e Gestão de Riscos (Dicor) -Perfil 2;https://oportunidades.sigepe.gov.br/oportunidades-portal/api/html/5387;21/08/2026;21/08/2026
5385;1240.1/2025;2025;Ministério da Integração e do Desenvolvimento Regional;encerrado;Inscrições Encerradas;;0;;;desenvolvimento regional(+1), órgão-alvo(+2), gratificação técnica(-3);;1 vaga GSISTE SIPOF Nivel Superior -Coordenação de Apoio Técnico Gabinete da Secretaria-Executiva;https://oportunidades.sigepe.gov.br/oportunidades-portal/api/html/5385;21/08/2026;21/08/2026
5384;1239.1/2025;2025;Ministério dos Transportes;encerrado;Inscrições Encerradas;;0;chefia baixa;Brasília;chefia baixa(-3), Brasília(+1), órgão-alvo(+2);;FCE 1.07;https://oportunidades.sigepe.gov.br/oportunidades-portal/api/html/5384;21/08/2026;21/08/2026
5382;1241.1/2025;2025;Ministério da Integração e do Desenvolvimento Regional;encerrado;Inscrições Encerradas;;0;chefia baixa;;chefia baixa(-3), desenvolvimento regional(+1), órgão-alvo(+2);;1 vaga para FCE 2.07 - COAT/GAB-SE/MIDR;https://oportunidades.sigepe.gov.br/oportunidades-portal/api/html/5382;21/08/2026;21/08/2026
5380;1259.2/2025;2025;Ministério da Gestão e da Inovação em Serviços Públicos;encerrado;Inscrições Encerradas;;3;;Brasília;Brasília(+1), órgão-alvo(+2);;4 vagas para composição força de trabalho -  DEDAP/SGD/MGI;https://oportunidades.sigepe.gov.br/oportunidades-portal/api/html/5380;21/08/2026;21/08/2026
5372;1232/2025;2025;Ministério da Defesa;encerrado;Inscrições Encerradas;;-3;;;gratificação técnica(-3);;Nível Superior - Gestão e Planejamento de TI;https://oportunidades.sigepe.gov.br/oportunidades-portal/api/html/5372;21/08/2026;21/08/2026
5368;1242.1/2025;2025;Ministério da Saúde;encerrado;Inscrições Encerradas;;0;;Brasília;Brasília(+1), órgão-alvo(+2), gratificação técnica(-3);;GSISTE-NS para Servidor Público Efetivo atuar na Subsecretaria de Planejamento e Orçamento;https://oportunidades.sigepe.gov.br/oportunidades-portal/api/html/5368;21/08/2026;21/08/2026
5366;1238.3/2025;2025;Ministério da Defesa;encerrado;Inscrições Encerradas;;-3;;;gratificação técnica(-3);;GSISTE, de nível superior, vinculada ao Sistema de Serviços Gerais - SISG.;https://oportunidades.sigepe.gov.br/oportunidades-portal/api/html/5366;21/08/2026;21/08/2026
5362;1225.1/2025;2025;Ministério das Mulheres;encerrado;Inscrições Encerradas;;-3;;;gratificação técnica(-3);;GSISP Nível Superior - Gestão de Dados e Informações;https://oportunidades.sigepe.gov.br/oportunidades-portal/api/html/5362;21/08/2026;21/08/2026
5361;1224.1/2025;2025;Ministério das Mulheres;encerrado;Inscrições Encerradas;;-3;;;gratificação técnica(-3);;GSISP Nível Superior -  Privacidade e Segurança da Informação;https://oportunidades.sigepe.gov.br/oportunidades-portal/api/html/5361;21/08/2026;21/08/2026
5360;1226.1/2025;2025;Ministério das Mulheres;encerrado;Inscrições Encerradas;;-3;;;gratificação técnica(-3);;GSISP NÍVEL SUPERIOR: TRANSFORMAÇÃO DIGITAL;https://oportunidades.sigepe.gov.br/oportunidades-portal/api/html/5360;21/08/2026;21/08/2026
5358;1268.4/2025;2025;Ministério da Saúde;encerrado;Inscrições Encerradas;;-3;;SELOA/CE;SELOA/CE(-5), órgão-alvo(+2);;LICITAÇÃO E CONTRATOS (SELOA/CE) | PLANEJAMENTO, GESTÃO E CONTROLE INTERNO (Gabinete/SEMS/CE) | GESTÃO DE PESSOAS (SEGEP/CE) | ACOMPANHAMENTO DE CONVÊNIOS (DITRE/CE) | TECNOLOGIA DA INFORMAÇÃO (Gabinete/SEMS/CE) | GESTÃO FINANCEIRA (SELOA/CE);https://oportunidades.sigepe.gov.br/oportunidades-portal/api/html/5358;21/08/2026;21/08/2026
5357;1222.1/2025;2025;Instituto Nacional de Tecnologia da Informação;encerrado;Inscrições Encerradas;;0;;;;;Perfil 2 - Analista de Gestão de Pessoas - Cadastro, Documentação e Folha | Perfil 1 - Analista de Gestão de Pessoas - Desenvolvimento, Qualidade de Vida e Administrativo;https://oportunidades.sigepe.gov.br/oportunidades-portal/api/html/5357;21/08/2026;21/08/2026
5355;1257.1/2025;2025;Ministério da Saúde;encerrado;Inscrições Encerradas;;2;;;órgão-alvo(+2);;APOIO ADMINISTRATIVO | EDIFICAÇÕES E SANEAMENTO - TÉCNICO | ORÇAMENTO E FINANÇAS - CHEFIA | ORÇAMENTO E FINANÇAS - TÉCNICO | ALMOXARIFADO | PATRIMÔNIO | LOGÍSTICA DE TRANSPORTE | TÉCNICO ADMINISTRATIVO - GERAL | LICITAÇÕES E CONTRATOS | SAÚDE INDÍGENA;https://oportunidades.sigepe.gov.br/oportunidades-portal/api/html/5355;21/08/2026;21/08/2026
5354;1221.5/2025;2025;Instituto Nacional de Tecnologia da Informação;encerrado;Inscrições Encerradas;;5;coordenador-geral;;coordenador-geral(+5);;ASSESSOR(A)  - FCE 2.13;https://oportunidades.sigepe.gov.br/oportunidades-portal/api/html/5354;21/08/2026;21/08/2026
5350;1218/2025;2025;Departamento Nacional de Infraestrutura de Transportes;encerrado;Inscrições Encerradas;;1;;;infraestrutura(+1);;Analista de Infraestrutura de Transportes / Engenheiro Civil;https://oportunidades.sigepe.gov.br/oportunidades-portal/api/html/5350;21/08/2026;21/08/2026
5348;1216/2025;2025;Ministério da Gestão e da Inovação em Serviços Públicos;encerrado;Inscrições Encerradas;;-5;;;órgão-alvo(+2), gratificação técnica(-3), nível médio/intermediário(-4);nível médio/intermediário;GSISTE NI - Área Administrativa SEST/MGI;https://oportunidades.sigepe.gov.br/oportunidades-portal/api/html/5348;21/08/2026;21/08/2026
5345;1217/2025;2025;Departamento Nacional de Infraestrutura de Transportes;encerrado;Inscrições Encerradas;;2;;Brasília;Brasília(+1), infraestrutura(+1);;Servidores para atuar no Serviço de Gestão de Pessoas (SGP) - DNIT-GO/DF;https://oportunidades.sigepe.gov.br/oportunidades-portal/api/html/5345;21/08/2026;21/08/2026
5341;1229.3/2025;2025;Ministério da Gestão e da Inovação em Serviços Públicos;encerrado;Inscrições Encerradas;;2;;;órgão-alvo(+2);;Gestão de Processos/Gestão Interna/Gestão de Pessoas/Legislação e Normas/Orçamento Público;https://oportunidades.sigepe.gov.br/oportunidades-portal/api/html/5341;21/08/2026;21/08/2026
5340;1227.1/2025;2025;Ministério da Saúde;encerrado;Inscrições Encerradas;;3;coordenador (1.10);;coordenador (1.10)(+1), órgão-alvo(+2);;Coordenador (a) de Atenção à Saúde da Pessoa Idosa do Departamento de Gestão do Cuidado Integral | Coordenador (a) de Atenção à Saúde da Pessoa Idosa do Departamento de Gestão do Cuidado Integral;https://oportunidades.sigepe.gov.br/oportunidades-portal/api/html/5340;21/08/2026;21/08/2026
5337;1214.1/2025;2025;Ministério da Cultura;encerrado;Inscrições Encerradas;;-3;chefia baixa;;chefia baixa(-3);;Chefe de Divisão, FCE 1.07, na Divisão de Contratos e Parcerias da Secretaria Executiva.;https://oportunidades.sigepe.gov.br/oportunidades-portal/api/html/5337;21/08/2026;21/08/2026
5332;1215/2025;2025;Ministério da Ciência, Tecnologia e Inovação;encerrado;Inscrições Encerradas;;-1;;;órgão-alvo(+2), gratificação técnica(-3);;GSISTE-SIGA MCTI;https://oportunidades.sigepe.gov.br/oportunidades-portal/api/html/5332;21/08/2026;21/08/2026
5331;1213.1/2025;2025;Instituto Brasileiro de Museus;encerrado;Inscrições Encerradas;;1;coordenador (1.10);;coordenador (1.10)(+1);;FUNÇÃO COMISSIONADA - FCE 1.10 - COORDENADOR DE GESTÃO DE PESSOAS;https://oportunidades.sigepe.gov.br/oportunidades-portal/api/html/5331;21/08/2026;21/08/2026
5326;1208.1/2025;2025;Ministério da Cultura;encerrado;Inscrições Encerradas;;1;coordenador (1.10);;coordenador (1.10)(+1);;Vaga de Coordenador na Coordenação de Contratos e Parcerias - FCE 1.10;https://oportunidades.sigepe.gov.br/oportunidades-portal/api/html/5326;21/08/2026;21/08/2026
5325;1209.1/2025;2025;Ministério da Justiça e Segurança Pública;encerrado;Inscrições Encerradas;;0;chefia baixa;Brasília;chefia baixa(-3), Brasília(+1), órgão-alvo(+2);;CHEFE DE DIVISÃO DE INFRAESTRUTURA DE REDES (FCE 1.07) COM TELETRABALHO PARCIAL NO MJSP;https://oportunidades.sigepe.gov.br/oportunidades-portal/api/html/5325;21/08/2026;21/08/2026
5322;1205.2/2025;2025;Comando do Exército;encerrado;Inscrições Encerradas;;-3;;;gratificação técnica(-3);;GSISTE - NÍVEL SUPERIOR;https://oportunidades.sigepe.gov.br/oportunidades-portal/api/html/5322;21/08/2026;21/08/2026
5321;1203.1/2025;2025;Fundação Cultural Palmares;encerrado;Inscrições Encerradas;;-3;;;gratificação técnica(-3);;Gratificação Temporária do Sistema de Administração dos Recursos de Informação e Informática - GSISP;https://oportunidades.sigepe.gov.br/oportunidades-portal/api/html/5321;21/08/2026;21/08/2026
5319;1201.2/2025;2025;Ministério da Cultura;encerrado;Inscrições Encerradas;;-6;;;infraestrutura(+1), gratificação técnica(-3), nível médio/intermediário(-4);nível médio/intermediário;GSISP Nível Intermediário - Infraestrutura e Plataformas Digitais | GSISP Nível Superior - Gestão e Planejamento de TI;https://oportunidades.sigepe.gov.br/oportunidades-portal/api/html/5319;21/08/2026;21/08/2026
5317;1202.1/2025;2025;Ministério da Gestão e da Inovação em Serviços Públicos;encerrado;Inscrições Encerradas;;3;coordenador (1.10);;coordenador (1.10)(+1), órgão-alvo(+2);;FCE 1.10 - Coordenador  - COIPE/CGPEP/DEPEC/SEST/MGI.;https://oportunidades.sigepe.gov.br/oportunidades-portal/api/html/5317;21/08/2026;21/08/2026
5313;1263.3/2025;2025;Ministério da Justiça e Segurança Pública;encerrado;Inscrições Encerradas;;3;;Brasília;Brasília(+1), órgão-alvo(+2);;Requisição-Acompanhamento Legislativo de matérias afetas às atividades da ANPD-ASPAR/CGRII/ANPD;https://oportunidades.sigepe.gov.br/oportunidades-portal/api/html/5313;21/08/2026;21/08/2026
5312;1231.2/2025;2025;Ministério da Gestão e da Inovação em Serviços Públicos;encerrado;Inscrições Encerradas;;4;coordenador (1.10);Brasília;coordenador (1.10)(+1), Brasília(+1), órgão-alvo(+2);;Vaga de Coordenador de Articulação e Gestão em Interação e Inteligência DEDAD/SGD;https://oportunidades.sigepe.gov.br/oportunidades-portal/api/html/5312;21/08/2026;21/08/2026
5311;1210.2/2025;2025;Ministério da Justiça e Segurança Pública;encerrado;Inscrições Encerradas;;3;;Brasília;Brasília(+1), órgão-alvo(+2);;Requisição-Assistente da Auditoria, Compliance e Conformidade de Ordenação-GABPR/ANPD;https://oportunidades.sigepe.gov.br/oportunidades-portal/api/html/5311;21/08/2026;21/08/2026
5308;1198.1/2025;2025;Agência Nacional de Aviação Civil;encerrado;Inscrições Encerradas;;-3;;;gratificação técnica(-3);;GSISP - NS - Privacidade e Segurança da Informação;https://oportunidades.sigepe.gov.br/oportunidades-portal/api/html/5308;21/08/2026;21/08/2026
5303;1190.1/2025;2025;Departamento Nacional de Infraestrutura de Transportes;encerrado;Inscrições Encerradas;;-7;chefia baixa;SRE/TO;chefia baixa(-3), SRE/TO(-5), infraestrutura(+1);;Servidor para compor a SELOG/SRE/TO e atuar como Chefe do Setor de Informática substituto - FCE 1.02;https://oportunidades.sigepe.gov.br/oportunidades-portal/api/html/5303;21/08/2026;21/08/2026
5300;1191.2/2025;2025;Departamento Nacional de Infraestrutura de Transportes;encerrado;Inscrições Encerradas;;1;;;infraestrutura(+1);;Analista Administrativo / Técnico Administrativo;https://oportunidades.sigepe.gov.br/oportunidades-portal/api/html/5300;21/08/2026;21/08/2026
5299;1185.1/2025;2025;Defensoria Pública da União;encerrado;Inscrições Encerradas;;1;;Brasília;Brasília(+1);;Divisão de Cartório/Assessoria da Chefia - DPU de 1ª Categoria no Distrito Federal;https://oportunidades.sigepe.gov.br/oportunidades-portal/api/html/5299;21/08/2026;21/08/2026
5287;1188/2025;2025;Ministério do Esporte;encerrado;Inscrições Encerradas;;-3;;;gratificação técnica(-3);;Transformação Digital | Gestão de Dados e Informações | Privacidade e Segurança da Informação;https://oportunidades.sigepe.gov.br/oportunidades-portal/api/html/5287;21/08/2026;21/08/2026
5282;1187.1/2025;2025;Ministério da Gestão e da Inovação em Serviços Públicos;encerrado;Inscrições Encerradas;;-5;;;órgão-alvo(+2), gratificação técnica(-3), nível médio/intermediário(-4);nível médio/intermediário;CARGO 3 - Área Temática: Gestão e Planejamento de Tecnologia da Informação | CARGO 2 - Área Temática: Privacidade e Segurança da Informação | CARGO 1 - Área Temática: Privacidade e Segurança da Informação;https://oportunidades.sigepe.gov.br/oportunidades-portal/api/html/5282;21/08/2026;21/08/2026
5280;1184/2025;2025;Ministério da Gestão e da Inovação em Serviços Públicos;encerrado;Inscrições Encerradas;;-5;;;órgão-alvo(+2), gratificação técnica(-3), nível médio/intermediário(-4);nível médio/intermediário;GSISTE Nível Intermediário - área de Inovação e Estudos CGIE/DIGES/SEST | GSISTE Nível Superior - área de Inovação e Estudos CGIE/DIGES/SEST;https://oportunidades.sigepe.gov.br/oportunidades-portal/api/html/5280;21/08/2026;21/08/2026
5276;1180.1/2025;2025;Ministério da Justiça e Segurança Pública;encerrado;Inscrições Encerradas;;0;chefia baixa;Brasília;chefia baixa(-3), Brasília(+1), órgão-alvo(+2);;CHEFE DE DIVISÃO DE ADMINISTRAÇÃO (FCE 1.07) COM TELETRABALHO PARCIAL NO MJSP;https://oportunidades.sigepe.gov.br/oportunidades-portal/api/html/5276;21/08/2026;21/08/2026
5275;1175.1/2025;2025;Ministério da Justiça e Segurança Pública;encerrado;Inscrições Encerradas;;0;;Brasília;Brasília(+1), órgão-alvo(+2), gratificação técnica(-3);;GSISTE - NÍVEL SUPERIOR NA DIVISÃO DE ARQUIVO E PROTOCOLO (DIAPRO) DO MJSP;https://oportunidades.sigepe.gov.br/oportunidades-portal/api/html/5275;21/08/2026;21/08/2026
5274;1176/2025;2025;Ministério da Agricultura e Pecuária;encerrado;Inscrições Encerradas;;0;;;;;Composição força de trabalho - Escola Nacional de Gestão Agropecuária;https://oportunidades.sigepe.gov.br/oportunidades-portal/api/html/5274;21/08/2026;21/08/2026
5273;1174.1/2025;2025;Ministério da Justiça e Segurança Pública;encerrado;Inscrições Encerradas;;0;chefia baixa;Brasília;chefia baixa(-3), Brasília(+1), órgão-alvo(+2);;CHEFE DE DIVISÃO DE SUPORTE DE TIC (FCE 1.07) COM TELETRABALHO PARCIAL NO MJSP;https://oportunidades.sigepe.gov.br/oportunidades-portal/api/html/5273;21/08/2026;21/08/2026
5272;1206.3/2025;2025;Ministério da Saúde;encerrado;Inscrições Encerradas;;-7;;Gestão de Pessoas - SEGEP/SE;Gestão de Pessoas - SEGEP/SE(-5), órgão-alvo(+2), nível médio/intermediário(-4);nível médio/intermediário;4 Vagas no Serviço de Gestão de Pessoas - SEGEP/SE - Nível Médio ou Superior | 6 Vagas no Serviço de Logística Administrativa - SELOA/SE | 4 Vagas na Divisão de Transferência de Recursos - DITRE/SE - Nível Médio ou Superior | 2 Vagas na Superintendência Estadual do Ministério da Saúde em Sergipe | 2 Vagas no Serviço de Articulação Interfederativa e Participativa - SEINP/SE;https://oportunidades.sigepe.gov.br/oportunidades-portal/api/html/5272;21/08/2026;21/08/2026
5269;1181/2025;2025;Ministério da Defesa;encerrado;Inscrições Encerradas;;-3;;;gratificação técnica(-3);;GISISTE - NS - Controle Interno;https://oportunidades.sigepe.gov.br/oportunidades-portal/api/html/5269;21/08/2026;21/08/2026
5257;1162.1/2025;2025;Ministério da Justiça e Segurança Pública;encerrado;Inscrições Encerradas;;3;;Brasília;Brasília(+1), órgão-alvo(+2);;TELETRABALHO INTEGRAL NA ÁREA DE COOPERAÇÃO JURÍDICA INTERNACIONAL DO MJSP;https://oportunidades.sigepe.gov.br/oportunidades-portal/api/html/5257;21/08/2026;21/08/2026
5254;1170.2/2025;2025;Ministério da Defesa;encerrado;Inscrições Encerradas;;-3;;;gratificação técnica(-3);;Gratificação Temporária Sipam - GTS;https://oportunidades.sigepe.gov.br/oportunidades-portal/api/html/5254;21/08/2026;21/08/2026
5252;1161.1/2025;2025;Ministério do Meio Ambiente e Mudança do Clima;encerrado;Inscrições Encerradas;;2;;;órgão-alvo(+2);;Coordenação Geral de Gestão de Fundos;https://oportunidades.sigepe.gov.br/oportunidades-portal/api/html/5252;21/08/2026;21/08/2026
5246;1159.1/2025;2025;Ministério da Agricultura e Pecuária;encerrado;Inscrições Encerradas;;-3;chefia baixa;;chefia baixa(-3);;FCE 1.05 - Central de Atendimento SGP/MAPA;https://oportunidades.sigepe.gov.br/oportunidades-portal/api/html/5246;21/08/2026;21/08/2026
5244;1197.3/2025;2025;Ministério da Saúde;encerrado;Inscrições Encerradas;;-7;;SECTICS/MS;SECTICS/MS(-5), órgão-alvo(+2), nível médio/intermediário(-4);nível médio/intermediário;SELEÇÃO INTERNA DE SERVIDOR PELO GAB/SECTICS/MS;https://oportunidades.sigepe.gov.br/oportunidades-portal/api/html/5244;21/08/2026;21/08/2026
5241;1155.1/2025;2025;Ministério da Justiça e Segurança Pública;encerrado;Inscrições Encerradas;;3;;Brasília;Brasília(+1), órgão-alvo(+2);;UMA VAGA COM PGD PRESENCIAL NA ÁREA DE SAÚDE DO SERVIDOR DO MJSP;https://oportunidades.sigepe.gov.br/oportunidades-portal/api/html/5241;21/08/2026;21/08/2026
5238;1156.1/2025;2025;Ministério da Justiça e Segurança Pública;encerrado;Inscrições Encerradas;;0;chefia baixa;Brasília;chefia baixa(-3), Brasília(+1), órgão-alvo(+2);;CHEFE DE DIVISÃO (FCE 1.07) NA REDE NACIONAL CONTRA LAVAGEM DE DINHEIRO DO MJSP;https://oportunidades.sigepe.gov.br/oportunidades-portal/api/html/5238;21/08/2026;21/08/2026
5237;1158.2/2025;2025;Ministério da Justiça e Segurança Pública;encerrado;Inscrições Encerradas;;2;;;órgão-alvo(+2);;UMA VAGA COM TELETRABALHO INTEGRAL NA ÁREA DE ARTICULAÇÃO INSTITUCIONAL DO MJSP;https://oportunidades.sigepe.gov.br/oportunidades-portal/api/html/5237;21/08/2026;21/08/2026
5235;1150/2025;2025;Instituto de Pesquisa Econômica Aplicada;encerrado;Inscrições Encerradas;;-7;;;gratificação técnica(-3), nível médio/intermediário(-4);nível médio/intermediário;PROCESSO SELETIVO SIMPLIFICADO PARA SELEÇÃO DE SERVIDOR PARA GESTÃO DE CONTRATAÇÕES DE TI;https://oportunidades.sigepe.gov.br/oportunidades-portal/api/html/5235;21/08/2026;21/08/2026
5234;1154.2/2025;2025;Ministério das Mulheres;encerrado;Inscrições Encerradas;;-3;;;gratificação técnica(-3);;GSISP NÍVEL SUPERIOR: PRIVACIDADE E SEGURANÇA DA INFORMAÇÃO;https://oportunidades.sigepe.gov.br/oportunidades-portal/api/html/5234;21/08/2026;21/08/2026
5233;1153.2/2025;2025;Ministério das Mulheres;encerrado;Inscrições Encerradas;;-3;;;gratificação técnica(-3);;GSISP NÍVEL SUPERIOR: GESTÃO DE DADOS E INFORMAÇÕES;https://oportunidades.sigepe.gov.br/oportunidades-portal/api/html/5233;21/08/2026;21/08/2026
5232;1152.2/2025;2025;Ministério das Mulheres;encerrado;Inscrições Encerradas;;-3;;;gratificação técnica(-3);;GSISP Nível Superior ¿ Transformação Digital;https://oportunidades.sigepe.gov.br/oportunidades-portal/api/html/5232;21/08/2026;21/08/2026
5231;1148.1/2025;2025;Ministério do Turismo;encerrado;Inscrições Encerradas;;9;secretário/diretor;Brasília;secretário/diretor(+6), Brasília(+1), órgão-alvo(+2);;Chefe da Assessoria Especial de Assuntos Técnicos - CCE 1.15;https://oportunidades.sigepe.gov.br/oportunidades-portal/api/html/5231;21/08/2026;21/08/2026
5230;1151.4/2025;2025;Ministério das Mulheres;encerrado;Inscrições Encerradas;;-7;;;gratificação técnica(-3), nível médio/intermediário(-4);nível médio/intermediário;Gratificação Temporária do Sistema de Administração dos Recursos de Tecnologia da Informação ¿ GSISP;https://oportunidades.sigepe.gov.br/oportunidades-portal/api/html/5230;21/08/2026;21/08/2026
5229;1149.1/2025;2025;Ministério da Cultura;encerrado;Inscrições Encerradas;;-3;chefia baixa;;chefia baixa(-3);;Vaga para ocupar FCE 1.07, na Coordenação de Apoio Administrativo - CAAPO;https://oportunidades.sigepe.gov.br/oportunidades-portal/api/html/5229;21/08/2026;21/08/2026
5228;1177.2/2025;2025;Defensoria Pública da União;encerrado;Inscrições Encerradas;;0;;;;;Coordenação do atendimento ao público e/ou execução de serviços administrativos em setores internos;https://oportunidades.sigepe.gov.br/oportunidades-portal/api/html/5228;21/08/2026;21/08/2026
5225;1146.3/2025;2025;Fundação Casa de Rui Barbosa;encerrado;Inscrições Encerradas;;-3;;;gratificação técnica(-3);;Vaga de GSISP (nível superior) - área de Privacidade e Segurança da Informação;https://oportunidades.sigepe.gov.br/oportunidades-portal/api/html/5225;21/08/2026;21/08/2026
5224;1199.1/2025;2025;Ministério da Justiça e Segurança Pública;encerrado;Inscrições Encerradas;;3;;Brasília;Brasília(+1), órgão-alvo(+2);;Requisição-Apoio Técnico e Administrativo/CAI/CGRII/ANPD;https://oportunidades.sigepe.gov.br/oportunidades-portal/api/html/5224;21/08/2026;21/08/2026
5221;1179.1/2025;2025;Defensoria Pública da União;encerrado;Inscrições Encerradas;;0;;;;;Coordenação de Administração (CAD) | Planejamento de Licitações;https://oportunidades.sigepe.gov.br/oportunidades-portal/api/html/5221;21/08/2026;21/08/2026
5214;1196.1/2025;2025;Ministério do Trabalho e Emprego;encerrado;Inscrições Encerradas;;3;coordenador (1.10);;coordenador (1.10)(+1), órgão-alvo(+2);;Assessor Técnico Especializado | Coordenador(a) do Observatório do Trabalho;https://oportunidades.sigepe.gov.br/oportunidades-portal/api/html/5214;21/08/2026;21/08/2026
5212;1139.1/2025;2025;Presidência da República;encerrado;Inscrições Encerradas;;2;;;órgão-alvo(+2);;Servidor federal experiência em gestão de pessoas, cadastro e e social;https://oportunidades.sigepe.gov.br/oportunidades-portal/api/html/5212;21/08/2026;21/08/2026
5207;1143.3/2025;2025;Ministério da Gestão e da Inovação em Serviços Públicos;encerrado;Inscrições Encerradas;;-1;;;órgão-alvo(+2), gratificação técnica(-3);;COORDENAÇÃO GERAL DE GESTÃO DE ATAS E CONTRATOS - CGGAC | COORDENAÇÃO-GERAL DE CONTRATAÇÕES DE TECNOLOGIA DA INFORMAÇÃO E COMUNICAÇÃO - CGTIC | COORDENAÇÃO GERAL DE LICITAÇÕES - CGLIC | COORDENAÇÃO-GERAL DE SERVIÇOS COMPARTILHADOS - CGSEC;https://oportunidades.sigepe.gov.br/oportunidades-portal/api/html/5207;21/08/2026;21/08/2026
5202;1134.6/2025;2025;Ministério da Gestão e da Inovação em Serviços Públicos;encerrado;Inscrições Encerradas;;-5;;;órgão-alvo(+2), gratificação técnica(-3), nível médio/intermediário(-4);nível médio/intermediário;Gestão Interna (pessoal e administrativo) - GSISTE - NÍVEL SUPERIOR - COADI | Orçamentário / Financeiro /Administrativo  - GSISTE - NÍVEL SUPERIOR - COADI | Gestão Interna (pessoal e administrativo) - GSISTE - NÍVEL INTERMEDIÁRIO - COADI;https://oportunidades.sigepe.gov.br/oportunidades-portal/api/html/5202;21/08/2026;21/08/2026
5200;1133/2025;2025;Agência Nacional de Energia Elétrica;encerrado;Inscrições Encerradas;;-3;;;gratificação técnica(-3);;GSISP NS - ANEEL;https://oportunidades.sigepe.gov.br/oportunidades-portal/api/html/5200;21/08/2026;21/08/2026
5197;1138.1/2025;2025;Conselho de Controle de Atividades Financeiras;encerrado;Inscrições Encerradas;;-7;;;gratificação técnica(-3), nível médio/intermediário(-4);nível médio/intermediário;GSISP - Contratações de TI (Nível Intermediário);https://oportunidades.sigepe.gov.br/oportunidades-portal/api/html/5197;21/08/2026;21/08/2026
5195;1147.1/2025;2025;Instituto Brasileiro de Museus;encerrado;Inscrições Encerradas;;-3;chefia baixa;;chefia baixa(-3);;Chefe da Divisão de Qualidade na Contratação e Termo de Referência - FCE 1.07 | Chefe do Setor de Pesquisa de Fornecedores e Termos de Referência - FCE 1.02;https://oportunidades.sigepe.gov.br/oportunidades-portal/api/html/5195;21/08/2026;21/08/2026
5191;1132.5/2025;2025;Ministério da Gestão e da Inovação em Serviços Públicos;encerrado;Inscrições Encerradas;;-1;;;órgão-alvo(+2), gratificação técnica(-3);;GSISTE NS: análise de processos e de dados quantitativos relacionados ao sistema de carreiras | GSISTE NS: projetos para melhoria de processos e soluções para o sistema de carreiras;https://oportunidades.sigepe.gov.br/oportunidades-portal/api/html/5191;21/08/2026;21/08/2026
5189;1178.3/2025;2025;Defensoria Pública da União;encerrado;Inscrições Encerradas;;1;;Brasília;Brasília(+1);;Coordenação de Gerenciamento da Folha de Pagamentos na DPGU em Brasília/DF;https://oportunidades.sigepe.gov.br/oportunidades-portal/api/html/5189;21/08/2026;21/08/2026
5185;1124/2025;2025;Fundação Cultural Palmares;encerrado;Inscrições Encerradas;;0;;;;;Função Comissionada Executiva FCE 4.05;https://oportunidades.sigepe.gov.br/oportunidades-portal/api/html/5185;21/08/2026;21/08/2026
5183;1125.2/2025;2025;Ministério da Justiça e Segurança Pública;encerrado;Inscrições Encerradas;;0;chefia baixa;Brasília;chefia baixa(-3), Brasília(+1), órgão-alvo(+2);;CHEFE DE DIVISÃO DE INSTRUMENTOS E PARCERIAS (FCE 1.07) COM TELETRABALHO INTEGRAL NO MJSP;https://oportunidades.sigepe.gov.br/oportunidades-portal/api/html/5183;21/08/2026;21/08/2026
5180;1123.1/2025;2025;Ministério do Meio Ambiente e Mudança do Clima;encerrado;Inscrições Encerradas;;-1;;;órgão-alvo(+2), gratificação técnica(-3);;02 (duas) GSISTES de nível superior para atuar na a Coordenação de Administração Predial - CODAP;https://oportunidades.sigepe.gov.br/oportunidades-portal/api/html/5180;21/08/2026;21/08/2026
5174;1228.1/2025;2025;Ministério da Gestão e da Inovação em Serviços Públicos;encerrado;Inscrições Encerradas;;-4;;Brasília;Brasília(+1), órgão-alvo(+2), gratificação técnica(-3), nível médio/intermediário(-4);nível médio/intermediário;GSISTE NS | GSISTE NI;https://oportunidades.sigepe.gov.br/oportunidades-portal/api/html/5174;21/08/2026;21/08/2026
5173;1122.1/2025;2025;Agência Nacional de Transportes Aquaviários;encerrado;Inscrições Encerradas;;-3;;;gratificação técnica(-3);;GSISP/GTGI - 01 Vaga para servidor de nível superior em qualquer área de formação;https://oportunidades.sigepe.gov.br/oportunidades-portal/api/html/5173;21/08/2026;21/08/2026
5169;1114.2/2025;2025;Ministério da Gestão e da Inovação em Serviços Públicos;encerrado;Inscrições Encerradas;;2;;;órgão-alvo(+2);;CARGO 1 - área temática: Gestão e Planejamento de Tecnologia da Informação | CARGO 5 - área temática: Gestão e Planejamento de TI | CARGO 2 - área temática: Privacidade e Segurança da Informação | CARGO 4 - área temática: Transformação Digital | CARGO 3 - área temática: Privacidade e Segurança da Informação;https://oportunidades.sigepe.gov.br/oportunidades-portal/api/html/5169;21/08/2026;21/08/2026
5168;1117/2025;2025;Ministério da Gestão e da Inovação em Serviços Públicos;encerrado;Inscrições Encerradas;;3;coordenador (1.10);;coordenador (1.10)(+1), órgão-alvo(+2);;Coordenador (FCE 1.10) | Chefe de Divisão (FCE 1.07);https://oportunidades.sigepe.gov.br/oportunidades-portal/api/html/5168;21/08/2026;21/08/2026
5165;1112.1/2025;2025;Ministério da Cultura;encerrado;Inscrições Encerradas;;-2;;Brasília;Brasília(+1), gratificação técnica(-3);;GSISP de Nível Superior - Transformação Digital;https://oportunidades.sigepe.gov.br/oportunidades-portal/api/html/5165;21/08/2026;21/08/2026
5162;1137.3/2025;2025;Ministério da Justiça e Segurança Pública;encerrado;Inscrições Encerradas;;2;;;órgão-alvo(+2);;Requisição-Contador (CRC ativo)/DIOF/CGA/ANPD | Requisição-Psicologia (CRP ativo)/DGP/CGA/ANPD | Requisição-Assistente de Conformidade contábil/DIOF/CGA/ANPD | Requisição-Assistente Patrimonial e de Insfraestrutura/SEIMP/CLOG/CGA/ANPD | Requisição-Assessoria sem Função - Gestão de Pessoas/CGA/ANPD | Requisição-Assistente de Protocolo/CGA/ANPD | Requisição-Analista de Cadastro e Acompanhamento Func;https://oportunidades.sigepe.gov.br/oportunidades-portal/api/html/5162;21/08/2026;21/08/2026
5161;1104.3/2025;2025;Ministério da Ciência, Tecnologia e Inovação;encerrado;Inscrições Encerradas;;1;;;cenários(+3), prospecção(+2), infraestrutura(+1), órgão-alvo(+2), gratificação técnica(-3), nível médio/intermediário(-4);nível médio/intermediário;GSISP VAGA 2: Transformação Digital. | GSISP VAGA 1: Infraestrutura e Plataformas Digitais.;https://oportunidades.sigepe.gov.br/oportunidades-portal/api/html/5161;21/08/2026;21/08/2026
5150;1109.1/2025;2025;Ministério da Ciência, Tecnologia e Inovação;encerrado;Inscrições Encerradas;;-5;;;órgão-alvo(+2), gratificação técnica(-3), nível médio/intermediário(-4);nível médio/intermediário;3 vagas para GSISP - MCTI;https://oportunidades.sigepe.gov.br/oportunidades-portal/api/html/5150;21/08/2026;21/08/2026
5148;1106.1/2025;2025;Fundação Casa de Rui Barbosa;encerrado;Inscrições Encerradas;;-3;;;gratificação técnica(-3);;Vaga de GSISP (nível superior) - área de Privacidade e Segurança da Informação;https://oportunidades.sigepe.gov.br/oportunidades-portal/api/html/5148;21/08/2026;21/08/2026
5146;1099.1/2025;2025;Ministério da Agricultura e Pecuária;encerrado;Inscrições Encerradas;;-3;;;gratificação técnica(-3);;Gratificações (GSISP) para assessoramento dos projetos da STI;https://oportunidades.sigepe.gov.br/oportunidades-portal/api/html/5146;21/08/2026;21/08/2026
5145;1093.4/2025;2025;Ministério da Gestão e da Inovação em Serviços Públicos;encerrado;Inscrições Encerradas;;-1;;;órgão-alvo(+2), gratificação técnica(-3);;Gestão Processual e Documental - Gabinete da Secretaria de Gestão e Inovação;https://oportunidades.sigepe.gov.br/oportunidades-portal/api/html/5145;21/08/2026;21/08/2026
5143;1088/2025;2025;Ministério das Mulheres;encerrado;Inscrições Encerradas;;1;coordenador (1.10);;coordenador (1.10)(+1);;Coordenador FCE  1.10;https://oportunidades.sigepe.gov.br/oportunidades-portal/api/html/5143;21/08/2026;21/08/2026
5140;1089.1/2025;2025;Ministério da Justiça e Segurança Pública;encerrado;Inscrições Encerradas;;4;coordenador (1.10);Brasília;coordenador (1.10)(+1), Brasília(+1), órgão-alvo(+2);;ASSESSOR(A) TÉCNICO ESPECIALIZADO (FCE 4.07) NA COORDENAÇÃO DE INFORMAÇÃO E COMUNICAÇÃO;https://oportunidades.sigepe.gov.br/oportunidades-portal/api/html/5140;21/08/2026;21/08/2026
5138;1085/2025;2025;Fundação Cultural Palmares;encerrado;Inscrições Encerradas;;-3;;;gratificação técnica(-3);;GSISP de Nivel Superior, da área de Gestão de Dados e Informações na Unidade SISP;https://oportunidades.sigepe.gov.br/oportunidades-portal/api/html/5138;21/08/2026;21/08/2026
5136;1095.1/2025;2025;Fundação Oswaldo Cruz;encerrado;Inscrições Encerradas;;-8;;Rio de Janeiro/RJ;Rio de Janeiro/RJ(-5), gratificação técnica(-3);;Gestão de Dados e Informações;https://oportunidades.sigepe.gov.br/oportunidades-portal/api/html/5136;21/08/2026;21/08/2026
5133;1107.3/2025;2025;Ministério da Gestão e da Inovação em Serviços Públicos;encerrado;Inscrições Encerradas;;2;;;órgão-alvo(+2);;Coordenação de Segurança LGPD | Coordenação-Geral de Estudos Econômicos e Orçamentários de Pessoal | Coordenação de Monitoramento e Conformidade - Conformidade | Coordenação de Monitoramento e Conformidade - Monitoramento | Coordenação de Estrutura de Dados | Coordenação-Geral de Informações Gerenciais;https://oportunidades.sigepe.gov.br/oportunidades-portal/api/html/5133;21/08/2026;21/08/2026
5132;1084.1/2025;2025;Ministério da Integração e do Desenvolvimento Regional;encerrado;Inscrições Encerradas;;0;chefia baixa;;chefia baixa(-3), desenvolvimento regional(+1), órgão-alvo(+2);;Chefe do Serviço de Gerenciamento do Programa de Estágio (SPE/CDS/CGGP/DA/SE);https://oportunidades.sigepe.gov.br/oportunidades-portal/api/html/5132;21/08/2026;21/08/2026
5127;1082.2/2025;2025;Fundação Escola Nacional de Administração Pública;encerrado;Inscrições Encerradas;;-5;;;órgão-alvo(+2), gratificação técnica(-3), nível médio/intermediário(-4);nível médio/intermediário;GAEG DE NÍVEL INTERMEDIÁRIO - COGEM;https://oportunidades.sigepe.gov.br/oportunidades-portal/api/html/5127;21/08/2026;21/08/2026
5119;1090.1/2025;2025;Ministério da Justiça e Segurança Pública;encerrado;Inscrições Encerradas;;0;chefia baixa;Brasília;chefia baixa(-3), Brasília(+1), órgão-alvo(+2);;CHEFE DE DIVISÃO (FCE 1.07) NA ÁREA DE CONSERVAÇÃO DO PATRIMÔNIO HISTÓRICO;https://oportunidades.sigepe.gov.br/oportunidades-portal/api/html/5119;21/08/2026;21/08/2026
5117;1105.2/2025;2025;Ministério da Fazenda;encerrado;Inscrições Encerradas;;-5;;;órgão-alvo(+2), gratificação técnica(-3), nível médio/intermediário(-4);nível médio/intermediário;GSISTE NS e NI - Secretaria do Tesouro Nacional;https://oportunidades.sigepe.gov.br/oportunidades-portal/api/html/5117;21/08/2026;21/08/2026
5114;1075.1/2025;2025;Ministério da Integração e do Desenvolvimento Regional;encerrado;Inscrições Encerradas;;0;chefia baixa;;chefia baixa(-3), desenvolvimento regional(+1), órgão-alvo(+2);;1 vaga para FCE 3.05 no Gabinete da Secretaria Nacional de Segurança Hídrica;https://oportunidades.sigepe.gov.br/oportunidades-portal/api/html/5114;21/08/2026;21/08/2026
5109;1076.2/2025;2025;Ministério da Integração e do Desenvolvimento Regional;encerrado;Inscrições Encerradas;;0;;;desenvolvimento regional(+1), órgão-alvo(+2), gratificação técnica(-3);;GSISTE Nível Superior Divisão de Cadastro e Acompanhamento Funcional (DCAF/CGF/CGGP/DA/SE);https://oportunidades.sigepe.gov.br/oportunidades-portal/api/html/5109;21/08/2026;21/08/2026
5108;1094/2025;2025;Ministério da Fazenda;encerrado;Inscrições Encerradas;;-1;chefia baixa;;chefia baixa(-3), órgão-alvo(+2);;Chefe de Divisão Administrativa;https://oportunidades.sigepe.gov.br/oportunidades-portal/api/html/5108;21/08/2026;21/08/2026
5104;1067.1/2025;2025;Ministério da Justiça e Segurança Pública;encerrado;Inscrições Encerradas;;0;;Brasília;Brasília(+1), órgão-alvo(+2), gratificação técnica(-3);;GSISTE - NÍVEL SUPERIOR NA COORDENAÇÃO DE GESTÃO ESTRATÉGICA (CGE);https://oportunidades.sigepe.gov.br/oportunidades-portal/api/html/5104;21/08/2026;21/08/2026
5101;1424.1/2025;2025;Ministério da Gestão e da Inovação em Serviços Públicos;encerrado;Inscrições Encerradas;;-5;;;órgão-alvo(+2), gratificação técnica(-3), nível médio/intermediário(-4);nível médio/intermediário;GSISTE - Assistente de Suporte à Gestão de Dados - Nível Intermediário;https://oportunidades.sigepe.gov.br/oportunidades-portal/api/html/5101;21/08/2026;21/08/2026
5092;1061.2/2025;2025;Ministério da Justiça e Segurança Pública;encerrado;Inscrições Encerradas;;0;chefia baixa;Brasília;chefia baixa(-3), Brasília(+1), órgão-alvo(+2);;CHEFE DE SERVIÇO DE PREPARAÇÃO DE AQUISIÇÕES E CONTRATAÇÕES (FCE 1.05) COM TELETRABALHO INTEGRAL;https://oportunidades.sigepe.gov.br/oportunidades-portal/api/html/5092;21/08/2026;21/08/2026
5091;1063.2/2025;2025;Ministério da Pesca e Aquicultura;encerrado;Inscrições Encerradas;;0;;;;;Assistente Técnico;https://oportunidades.sigepe.gov.br/oportunidades-portal/api/html/5091;21/08/2026;21/08/2026
5090;1057/2025;2025;Ministério da Agricultura e Pecuária;encerrado;Inscrições Encerradas;;1;;Brasília;Brasília(+1);;Adesão ao Programa de Gestão e Desempenho (PGD);https://oportunidades.sigepe.gov.br/oportunidades-portal/api/html/5090;21/08/2026;21/08/2026
5088;1055/2025;2025;Ministério da Defesa;encerrado;Inscrições Encerradas;;-3;;;gratificação técnica(-3);;GISISTE - Nível Superior SISG;https://oportunidades.sigepe.gov.br/oportunidades-portal/api/html/5088;21/08/2026;21/08/2026
5087;1053.1/2025;2025;Ministério da Defesa;encerrado;Inscrições Encerradas;;-7;;;gratificação técnica(-3), nível médio/intermediário(-4);nível médio/intermediário;GSISTE NI - SIPEF (CONTROLE INTERNO);https://oportunidades.sigepe.gov.br/oportunidades-portal/api/html/5087;21/08/2026;21/08/2026
5086;1054.2/2025;2025;Ministério da Justiça e Segurança Pública;encerrado;Inscrições Encerradas;;4;coordenador (1.10);Brasília;coordenador (1.10)(+1), Brasília(+1), órgão-alvo(+2);;ASSESSOR (FCE 4.03) NA ÁREA DE MÍDIA DIGITAL E AUDIOVISUAL DO MJSP;https://oportunidades.sigepe.gov.br/oportunidades-portal/api/html/5086;21/08/2026;21/08/2026
5085;1059.2/2025;2025;Ministério da Gestão e da Inovação em Serviços Públicos;encerrado;Inscrições Encerradas;;-1;;;órgão-alvo(+2), gratificação técnica(-3);;Gratificação Temporária do Sistema de Administração dos Recursos de Informação e Informática - GSISP | Gratificação Temporária do Sistema de Administração dos Recursos de Informação e Informática - GSISP | Gratificação Temporária do Sistema de Administração dos Recursos de Informação e Informática - GSISP;https://oportunidades.sigepe.gov.br/oportunidades-portal/api/html/5085;21/08/2026;21/08/2026
5082;1058.2/2025;2025;Ministério da Gestão e da Inovação em Serviços Públicos;encerrado;Inscrições Encerradas;;-1;;;órgão-alvo(+2), gratificação técnica(-3);;Gratificação Temporária do Sistema de Administração dos Recursos de Informação e Informática - GSISP;https://oportunidades.sigepe.gov.br/oportunidades-portal/api/html/5082;21/08/2026;21/08/2026
5078;1064.1/2025;2025;Instituto Nacional do Seguro Social;encerrado;Inscrições Encerradas;;-5;;Brasília;Brasília(+1), infraestrutura(+1), gratificação técnica(-3), nível médio/intermediário(-4);nível médio/intermediário;NÍVEL INTERMEDIÁRIO - INFRAESTRUTURA E PLATAFORMAS DIGITAIS | NÍVEL INTERMEDIÁRIO - CONTRATAÇÕES DE TI | NÍVEL SUPERIOR - PRIVACIDADE E SEGURANÇA DA INFORMAÇÃO | NÍVEL SUPERIOR - GESTÃO DE DADOS E INFORMAÇÕES;https://oportunidades.sigepe.gov.br/oportunidades-portal/api/html/5078;21/08/2026;21/08/2026
5074;1051.2/2025;2025;Ministério do Desenvolvimento Agrário e Agricultura Familiar;encerrado;Inscrições Encerradas;;-1;chefia baixa;;chefia baixa(-3), órgão-alvo(+2);;1 (uma) vaga de Chefe de Divisão de Contratos, código FCE 1.07;https://oportunidades.sigepe.gov.br/oportunidades-portal/api/html/5074;21/08/2026;21/08/2026
5073;1083.3/2025;2025;Ministério da Defesa;encerrado;Inscrições Encerradas;;-3;;;gratificação técnica(-3);;GSISTE, de nível superior, vinculada ao Sistema de Serviços Gerais - SISG.;https://oportunidades.sigepe.gov.br/oportunidades-portal/api/html/5073;21/08/2026;21/08/2026
5067;1062/2025;2025;Ministério da Gestão e da Inovação em Serviços Públicos;encerrado;Inscrições Encerradas;;-1;chefia baixa;;chefia baixa(-3), órgão-alvo(+2);;01 (uma) vaga para Função Comissionada Executiva - FCE 1.07 - Chefe de Divisão. DEPEC/SEST;https://oportunidades.sigepe.gov.br/oportunidades-portal/api/html/5067;21/08/2026;21/08/2026
5062;1048/2025;2025;Ministério da Agricultura e Pecuária;encerrado;Inscrições Encerradas;;-2;chefia baixa;Brasília;chefia baixa(-3), Brasília(+1);;Função Comissionada Executiva de Chefe de Serviço, código FCE 1.05;https://oportunidades.sigepe.gov.br/oportunidades-portal/api/html/5062;21/08/2026;21/08/2026
5059;1166.4/2025;2025;Ministério da Saúde;encerrado;Inscrições Encerradas;;-7;;AECI/MS;AECI/MS(-5), órgão-alvo(+2), nível médio/intermediário(-4);nível médio/intermediário;Seleção de até 2 (dois) servidores de nível médio ou superior  para compor a CGGR/AECI/MS;https://oportunidades.sigepe.gov.br/oportunidades-portal/api/html/5059;21/08/2026;21/08/2026
5054;1060.1/2025;2025;Ministério do Desenvolvimento, Indústria, Comércio e Serviços;encerrado;Inscrições Encerradas;;1;chefia baixa;;chefia baixa(-3), monitoramento e avaliação(+2), órgão-alvo(+2);;Chefe de Divisão de Análise de Projetos, Monitoramento e Avaliação da COAPM, FCE 1.07.;https://oportunidades.sigepe.gov.br/oportunidades-portal/api/html/5054;21/08/2026;21/08/2026
5045;1049/2025;2025;Conselho Administrativo de Defesa Econômica;encerrado;Inscrições Encerradas;;2;;;órgão-alvo(+2);;Serviço de Administração de Pessoal (Seape);https://oportunidades.sigepe.gov.br/oportunidades-portal/api/html/5045;21/08/2026;21/08/2026
5043;1046.1/2025;2025;Ministério da Gestão e da Inovação em Serviços Públicos;encerrado;Inscrições Encerradas;;-5;;;órgão-alvo(+2), gratificação técnica(-3), nível médio/intermediário(-4);nível médio/intermediário;FCE 4.04 + GSISTE NI;https://oportunidades.sigepe.gov.br/oportunidades-portal/api/html/5043;21/08/2026;21/08/2026
5040;1034.1/2025;2025;Ministério da Saúde;encerrado;Inscrições Encerradas;;3;;Brasília;Brasília(+1), órgão-alvo(+2);;Seleção de (1) Engenheiro (Civil, Elétrico ou Mecânico) para atuação na CGINFRA/MS;https://oportunidades.sigepe.gov.br/oportunidades-portal/api/html/5040;21/08/2026;21/08/2026
5039;1052.1/2025;2025;Ministério da Ciência, Tecnologia e Inovação;encerrado;Inscrições Encerradas;;3;coordenador (1.10);;coordenador (1.10)(+1), órgão-alvo(+2);;FCE 1.10 - Função Comissionada de Coordenação de Administração (COADM);https://oportunidades.sigepe.gov.br/oportunidades-portal/api/html/5039;21/08/2026;21/08/2026
5038;1043.2/2025;2025;Ministério da Gestão e da Inovação em Serviços Públicos;encerrado;Inscrições Encerradas;;2;;;órgão-alvo(+2);;UNIDADE DE EXERCÍCIO: COORDENAÇÃO-GERAL DE CONCURSOS E PROVIMENTO DE PESSOAL (CGCOP);https://oportunidades.sigepe.gov.br/oportunidades-portal/api/html/5038;21/08/2026;21/08/2026
5037;1036.2/2025;2025;Ministério da Gestão e da Inovação em Serviços Públicos;encerrado;Inscrições Encerradas;;-4;;Brasília;Brasília(+1), órgão-alvo(+2), gratificação técnica(-3), nível médio/intermediário(-4);nível médio/intermediário;2.1.	GSISTE - Nível Médio ou Superior - CGGCO;https://oportunidades.sigepe.gov.br/oportunidades-portal/api/html/5037;21/08/2026;21/08/2026
5036;1032.1/2025;2025;Ministério dos Transportes;encerrado;Inscrições Encerradas;;-6;chefia baixa;Executiva - FCE 1.07 na SGETI/MT;chefia baixa(-3), Executiva - FCE 1.07 na SGETI/MT(-5), órgão-alvo(+2);;1 Função Comissionada Executiva - FCE 1.07 na SGETI/MT;https://oportunidades.sigepe.gov.br/oportunidades-portal/api/html/5036;21/08/2026;21/08/2026
5035;1033.1/2025;2025;Ministério da Justiça e Segurança Pública;encerrado;Inscrições Encerradas;;3;;Brasília;Brasília(+1), órgão-alvo(+2);;COMPOSIÇÃO DE FORÇA DE TRABALHO NA ÁREA DE DOCUMENTAÇÃO E INFORMAÇÃO;https://oportunidades.sigepe.gov.br/oportunidades-portal/api/html/5035;21/08/2026;21/08/2026
5033;1030/2025;2025;Ministério do Planejamento e Orçamento;encerrado;Inscrições Encerradas;;1;chefia baixa;;chefia baixa(-3), desenvolvimento regional(+1), infraestrutura(+1), órgão-alvo(+2);;Função Comissionada Executiva - FCE 1.07;https://oportunidades.sigepe.gov.br/oportunidades-portal/api/html/5033;21/08/2026;21/08/2026
5032;1031.2/2025;2025;Ministério da Defesa;encerrado;Inscrições Encerradas;;-7;;;gratificação técnica(-3), nível médio/intermediário(-4);nível médio/intermediário;Gratificação Temporária do Sistema de Administração dos Recursos de Informação e Informática (GSIP);https://oportunidades.sigepe.gov.br/oportunidades-portal/api/html/5032;21/08/2026;21/08/2026
5028;1028/2025;2025;Ministério da Gestão e da Inovação em Serviços Públicos;encerrado;Inscrições Encerradas;;3;coordenador (1.10);;coordenador (1.10)(+1), órgão-alvo(+2);;Vaga de FCE 1.10 - Coordenador  - COIPE/CGPEP/DEPEC/SEST/MGI.;https://oportunidades.sigepe.gov.br/oportunidades-portal/api/html/5028;21/08/2026;21/08/2026
5026;1050/2025;2025;Conselho Administrativo de Defesa Econômica;encerrado;Inscrições Encerradas;;2;;;órgão-alvo(+2);;Analista de Processo de Negócio | Analista de Processos ITIL e Governança de TI | Planejamento de Contratações TIC | Analista de Dados | Analista de BI;https://oportunidades.sigepe.gov.br/oportunidades-portal/api/html/5026;21/08/2026;21/08/2026
5023;1024.3/2025;2025;Instituto de Pesquisa Econômica Aplicada;encerrado;Inscrições Encerradas;;-1;chefia baixa;;chefia baixa(-3), órgão-alvo(+2);;Chefe da Divisão de Eventos e Cerimonial - DVENC, código FCE 1.07, da COCIN/CGCOM/IPEA;https://oportunidades.sigepe.gov.br/oportunidades-portal/api/html/5023;21/08/2026;21/08/2026
5018;1022.1/2025;2025;Ministério da Justiça e Segurança Pública;encerrado;Inscrições Encerradas;;-4;;Brasília;Brasília(+1), órgão-alvo(+2), gratificação técnica(-3), nível médio/intermediário(-4);nível médio/intermediário;GSISTE - NÍVEL INTERMEDIÁRIO NA COORDENAÇÃO DE PAGAMENTO (COPAG);https://oportunidades.sigepe.gov.br/oportunidades-portal/api/html/5018;21/08/2026;21/08/2026
5017;1021.1/2025;2025;Ministério da Justiça e Segurança Pública;encerrado;Inscrições Encerradas;;3;;Brasília;Brasília(+1), órgão-alvo(+2);;COMPOSIÇÃO DE FORÇA DE TRABALHO PARA ATUAÇÃO NA ÁREA DE ENFRENTAMENTO AO TRÁFICO DE PESSOAS;https://oportunidades.sigepe.gov.br/oportunidades-portal/api/html/5017;21/08/2026;21/08/2026
5016;1025.1/2025;2025;Ministério da Gestão e da Inovação em Serviços Públicos;encerrado;Inscrições Encerradas;;-1;;;órgão-alvo(+2), gratificação técnica(-3);;GSISP-NS para atuar em projetos estratégicos de IA no setor público - SGD/MGI;https://oportunidades.sigepe.gov.br/oportunidades-portal/api/html/5016;21/08/2026;21/08/2026
5012;1023.2/2025;2025;Ministério da Fazenda;encerrado;Inscrições Encerradas;;2;;;órgão-alvo(+2);;Coordenação de Integridade;https://oportunidades.sigepe.gov.br/oportunidades-portal/api/html/5012;21/08/2026;21/08/2026
5011;1019.1/2025;2025;Departamento Nacional de Infraestrutura de Transportes;encerrado;Inscrições Encerradas;;-2;chefia baixa;;chefia baixa(-3), infraestrutura(+1);;Chefe do Serviço de Construção Terrestre | Analista em Infraestrutura de Transportes / Engenheiro Civil;https://oportunidades.sigepe.gov.br/oportunidades-portal/api/html/5011;21/08/2026;21/08/2026
5010;1018.3/2025;2025;Departamento Nacional de Infraestrutura de Transportes;encerrado;Inscrições Encerradas;;1;;;infraestrutura(+1);;Analista Administrativo / Técnico Administrativo | Analista Administrativo / Técnico Administrativo | Analista Administrativo / Técnico Administrativo;https://oportunidades.sigepe.gov.br/oportunidades-portal/api/html/5010;21/08/2026;21/08/2026
5009;1026.3/2025;2025;Instituto Nacional da Propriedade Industrial;encerrado;Inscrições Encerradas;;0;;;;;Vagas para profissionais de Comunicação no INPI;https://oportunidades.sigepe.gov.br/oportunidades-portal/api/html/5009;21/08/2026;21/08/2026
5007;1016.1/2025;2025;Ministério da Saúde;encerrado;Inscrições Encerradas;;3;coordenador (1.10);;coordenador (1.10)(+1), órgão-alvo(+2);;Assessor jurídico, sem função comissionada | Assessor jurídico, com formação em Direito, sem função comissionada | Assessor sem função comissionada | Assessor, com formação em Comunicação, sem função comissionada;https://oportunidades.sigepe.gov.br/oportunidades-portal/api/html/5007;21/08/2026;21/08/2026
5005;1014.2/2025;2025;Ministério do Turismo;encerrado;Inscrições Encerradas;;4;coordenador (1.10);Brasília;coordenador (1.10)(+1), Brasília(+1), órgão-alvo(+2);;Coordenador(a) de Sustentabilidade e Ações Climáticas no Turismo - FCE 1.10;https://oportunidades.sigepe.gov.br/oportunidades-portal/api/html/5005;21/08/2026;21/08/2026
4996;1005.1/2025;2025;Ministério da Cultura;encerrado;Inscrições Encerradas;;-3;chefia baixa;;chefia baixa(-3);;Vaga de Chefe de Divisão (FCE 1.07) para atuar na Coordenação-Geral de Fiscalização e Sanções;https://oportunidades.sigepe.gov.br/oportunidades-portal/api/html/4996;21/08/2026;21/08/2026
4995;1003.1/2025;2025;Presidência da República;encerrado;Inscrições Encerradas;;2;;;órgão-alvo(+2);;Servidores públicos federais para atuarem na Coordenação de Publicação do Diário Oficial da União.;https://oportunidades.sigepe.gov.br/oportunidades-portal/api/html/4995;21/08/2026;21/08/2026
4994;1002.2/2025;2025;Presidência da República;encerrado;Inscrições Encerradas;;2;;;órgão-alvo(+2);;Servidor público federal para trabalhar no Diário Oficial da União;https://oportunidades.sigepe.gov.br/oportunidades-portal/api/html/4994;21/08/2026;21/08/2026
4991;1001.1/2025;2025;Fundação Escola Nacional de Administração Pública;encerrado;Inscrições Encerradas;;-5;;;órgão-alvo(+2), gratificação técnica(-3), nível médio/intermediário(-4);nível médio/intermediário;GAEG - Nível Intermediário para a Coordenação-Geral de Formação Inicial de Carreiras;https://oportunidades.sigepe.gov.br/oportunidades-portal/api/html/4991;21/08/2026;21/08/2026
4990;1006.2/2025;2025;Ministério do Desenvolvimento, Indústria, Comércio e Serviços;encerrado;Inscrições Encerradas;;-1;;;órgão-alvo(+2), gratificação técnica(-3);;GSISP NS - Gestão de Dados e Informações | GSISP NS - Transformação Digital | GSISP NS - Privacidade e Segurança da Informação;https://oportunidades.sigepe.gov.br/oportunidades-portal/api/html/4990;21/08/2026;21/08/2026
4989;1000.2/2025;2025;Fundação Escola Nacional de Administração Pública;encerrado;Inscrições Encerradas;;-1;;;órgão-alvo(+2), gratificação técnica(-3);;GAEG - Nível Superior para a Coordenação-Geral de Formação Inicial de Carreiras;https://oportunidades.sigepe.gov.br/oportunidades-portal/api/html/4989;21/08/2026;21/08/2026
4987;999.2/2025;2025;Ministério do Turismo;encerrado;Inscrições Encerradas;;4;coordenador (1.10);Brasília;coordenador (1.10)(+1), Brasília(+1), órgão-alvo(+2);;Coordenador de Análise de Mérito de Atos da Assessoria Especial de Assuntos Técnicos - FCE 1.10;https://oportunidades.sigepe.gov.br/oportunidades-portal/api/html/4987;21/08/2026;21/08/2026
4985;995.1/2025;2025;Comissão Nacional de Energia Nuclear;encerrado;Inscrições Encerradas;;-6;;;infraestrutura(+1), gratificação técnica(-3), nível médio/intermediário(-4);nível médio/intermediário;GSISP Privacidade e Segurança da Informação - nível superior - 1 vaga | GSISP de nível intermediário para Infraestrutura e Plataformas Digitais;https://oportunidades.sigepe.gov.br/oportunidades-portal/api/html/4985;21/08/2026;21/08/2026
4982;991/2025;2025;Fundação Cultural Palmares;encerrado;Inscrições Encerradas;;0;;;;;Função Comissionada Executiva (FCE 4.05);https://oportunidades.sigepe.gov.br/oportunidades-portal/api/html/4982;21/08/2026;21/08/2026
4981;990.1/2025;2025;Fundação Cultural Palmares;encerrado;Inscrições Encerradas;;0;;;;;Função Comissionada Executiva (FCE 4.05).;https://oportunidades.sigepe.gov.br/oportunidades-portal/api/html/4981;21/08/2026;21/08/2026
4977;994.3/2025;2025;Ministério da Saúde;encerrado;Inscrições Encerradas;;2;;;órgão-alvo(+2);;MEMBRO DE COMISSÃO DE PROCEDIMENTO INVESTIGATIVO E PROCESSO CORRECIONAL | ANALISTA TÉCNICO;https://oportunidades.sigepe.gov.br/oportunidades-portal/api/html/4977;21/08/2026;21/08/2026
4974;998.1/2025;2025;Instituto Federal de Educação, Ciência e Tecnologia de São Paulo;encerrado;Inscrições Encerradas;;0;;;;;Assistente em Administração OU Pedagogo OU Técnico em Assuntos Educacionais OU cargo correlato | Assistente em Administração OU Tecnólogo - Formação: Gestão Pública OU cargo correlato | Analista de Tecnologia da Informação OU cargo correlato | Administrador OU Assistente em Administração OU cargo correlato | Pedagogo OU Psicólogo OU Técnico em Assuntos Educacionais OU cargo correlato | Administrad;https://oportunidades.sigepe.gov.br/oportunidades-portal/api/html/4974;21/08/2026;21/08/2026
4973;987.1/2025;2025;Ministério da Agricultura e Pecuária;encerrado;Inscrições Encerradas;;-3;;;gratificação técnica(-3);;Gratificação Temporária do Sistema de Administração dos Recursos de Tecnologia da Informação (GSISP);https://oportunidades.sigepe.gov.br/oportunidades-portal/api/html/4973;21/08/2026;21/08/2026
4972;985.2/2025;2025;Instituto Nacional de Tecnologia da Informação;encerrado;Inscrições Encerradas;;-3;;;gratificação técnica(-3);;GSISP - Transformação Digital;https://oportunidades.sigepe.gov.br/oportunidades-portal/api/html/4972;21/08/2026;21/08/2026
4971;983/2025;2025;Ministério da Gestão e da Inovação em Serviços Públicos;encerrado;Inscrições Encerradas;;-1;;;órgão-alvo(+2), gratificação técnica(-3);;GSISTE NS - DEPEC/SEST;https://oportunidades.sigepe.gov.br/oportunidades-portal/api/html/4971;21/08/2026;21/08/2026
4970;986.1/2025;2025;Departamento Nacional de Infraestrutura de Transportes;encerrado;Inscrições Encerradas;;1;;;infraestrutura(+1);;Analista Administrativo - Coordenação de Administração e Finanças;https://oportunidades.sigepe.gov.br/oportunidades-portal/api/html/4970;21/08/2026;21/08/2026
4968;979.1/2025;2025;Ministério das Mulheres;encerrado;Inscrições Encerradas;;-3;chefia baixa;;chefia baixa(-3);;Chefe de Divisão FCE 1.09;https://oportunidades.sigepe.gov.br/oportunidades-portal/api/html/4968;21/08/2026;21/08/2026
4967;978.1/2025;2025;Ministério das Mulheres;encerrado;Inscrições Encerradas;;1;coordenador (1.10);;coordenador (1.10)(+1);;Coordenador FCE 1.10;https://oportunidades.sigepe.gov.br/oportunidades-portal/api/html/4967;21/08/2026;21/08/2026
4961;989/2025;2025;Conselho Administrativo de Defesa Econômica;encerrado;Inscrições Encerradas;;2;;;órgão-alvo(+2);;Auditoria Interna;https://oportunidades.sigepe.gov.br/oportunidades-portal/api/html/4961;21/08/2026;21/08/2026
4959;980.2/2025;2025;Ministério da Integração e do Desenvolvimento Regional;encerrado;Inscrições Encerradas;;1;;Brasília;Brasília(+1), desenvolvimento regional(+1), órgão-alvo(+2), gratificação técnica(-3);;1 vaga para GSISP de nível superior na Coordenação-Geral de Sistemas (CGSIS/DTI);https://oportunidades.sigepe.gov.br/oportunidades-portal/api/html/4959;21/08/2026;21/08/2026
4958;988.1/2025;2025;Conselho Nacional de Desenvolvimento Científico e Tecnológico;encerrado;Inscrições Encerradas;;0;;;;;Conselho Nacional de Desenvolvimento Científico e Tecnológico;https://oportunidades.sigepe.gov.br/oportunidades-portal/api/html/4958;21/08/2026;21/08/2026
4957;975.1/2025;2025;Ministério das Mulheres;encerrado;Inscrições Encerradas;;-3;chefia baixa;;chefia baixa(-3);;Chefe de Divisão FCE 1.09;https://oportunidades.sigepe.gov.br/oportunidades-portal/api/html/4957;21/08/2026;21/08/2026
4956;974.1/2025;2025;Fundação Cultural Palmares;encerrado;Inscrições Encerradas;;-3;;;gratificação técnica(-3);;Gratificação Temporária do Sistema de Administração dos Recursos de Informação e Informática - GSISP;https://oportunidades.sigepe.gov.br/oportunidades-portal/api/html/4956;21/08/2026;21/08/2026
4955;973.1/2025;2025;Fundação Cultural Palmares;encerrado;Inscrições Encerradas;;-3;;;gratificação técnica(-3);;Gratificação Temporária do Sistema de Administração dos Recursos de Informação e Informática - GSISP;https://oportunidades.sigepe.gov.br/oportunidades-portal/api/html/4955;21/08/2026;21/08/2026
4954;972.2/2025;2025;Ministério do Turismo;encerrado;Inscrições Encerradas;;8;coordenador-geral;Brasília;coordenador-geral(+5), Brasília(+1), órgão-alvo(+2);;COORDENADOR(A)-GERAL FCE 1.13 - CGINV;https://oportunidades.sigepe.gov.br/oportunidades-portal/api/html/4954;21/08/2026;21/08/2026
4953;993.2/2025;2025;Ministério do Planejamento e Orçamento;encerrado;Inscrições Encerradas;;-1;;;órgão-alvo(+2), gratificação técnica(-3);;GSISP - Transformação Digital;https://oportunidades.sigepe.gov.br/oportunidades-portal/api/html/4953;21/08/2026;21/08/2026
4951;992.1/2025;2025;Ministério do Trabalho e Emprego;encerrado;Inscrições Encerradas;;2;;;órgão-alvo(+2);;Membro de comissão de PAD;https://oportunidades.sigepe.gov.br/oportunidades-portal/api/html/4951;21/08/2026;21/08/2026
4946;982.1/2025;2025;Ministério da Justiça e Segurança Pública;encerrado;Inscrições Encerradas;;3;;Brasília;Brasília(+1), órgão-alvo(+2);;Apoio Técnico e Administrativo/CAI/CGRII/ANPD;https://oportunidades.sigepe.gov.br/oportunidades-portal/api/html/4946;21/08/2026;21/08/2026
4945;970.1/2025;2025;Ministério da Cultura;encerrado;Inscrições Encerradas;;-3;chefia baixa;;chefia baixa(-3);;Uma vaga, FCE 1.07 - Chefe de Divisão, para atuar na área de contratos e parcerias;https://oportunidades.sigepe.gov.br/oportunidades-portal/api/html/4945;21/08/2026;21/08/2026
4942;964/2025;2025;Ministério da Gestão e da Inovação em Serviços Públicos;encerrado;Inscrições Encerradas;;-1;;;órgão-alvo(+2), gratificação técnica(-3);;GSISTE - Nível Superior - DEGOV/SEST;https://oportunidades.sigepe.gov.br/oportunidades-portal/api/html/4942;21/08/2026;21/08/2026
4940;965/2025;2025;Ministério da Gestão e da Inovação em Serviços Públicos;encerrado;Inscrições Encerradas;;3;coordenador (1.10);;coordenador (1.10)(+1), órgão-alvo(+2);;FCE 1.10 - Coordenação de Estudos e Projetos de Remuneração - COPOR/CGPRE/DEGOV;https://oportunidades.sigepe.gov.br/oportunidades-portal/api/html/4940;21/08/2026;21/08/2026
4937;984.1/2025;2025;Ministério da Integração e do Desenvolvimento Regional;encerrado;Inscrições Encerradas;;6;coordenador (1.10);;coordenador (1.10)(+1), monitoramento e avaliação(+2), desenvolvimento regional(+1), órgão-alvo(+2);;Coordenador da Coordenação de Monitoramento e Avaliação FCE 1.10 (CMA/CGMA/DGINF/SDR);https://oportunidades.sigepe.gov.br/oportunidades-portal/api/html/4937;21/08/2026;21/08/2026
4935;966.1/2025;2025;Ministério da Pesca e Aquicultura;encerrado;Inscrições Encerradas;;-3;chefia baixa;;chefia baixa(-3);;Chefe da Divisão de Licitações e Contratos;https://oportunidades.sigepe.gov.br/oportunidades-portal/api/html/4935;21/08/2026;21/08/2026
4934;997.1/2025;2025;Agência Nacional de Vigilância Sanitária;encerrado;Inscrições Encerradas;;-2;;Brasília;Brasília(+1), gratificação técnica(-3);;GSISP de nível superior da área de Privacidade e Segurança da Informação - COSED | GSISP de nível superior da área de Transformação Digital - GESOL;https://oportunidades.sigepe.gov.br/oportunidades-portal/api/html/4934;21/08/2026;21/08/2026
4932;967.1/2025;2025;Ministério da Saúde;encerrado;Inscrições Encerradas;;0;;Brasília;Brasília(+1), órgão-alvo(+2), gratificação técnica(-3);;GSISTE-NS para Servidor Público Efetivo atuar na Coordenação-Geral de Orçamento;https://oportunidades.sigepe.gov.br/oportunidades-portal/api/html/4932;21/08/2026;21/08/2026
4931;956/2025;2025;Fundação Cultural Palmares;encerrado;Inscrições Encerradas;;0;;;;;Função Comissionada Executiva 4.05;https://oportunidades.sigepe.gov.br/oportunidades-portal/api/html/4931;21/08/2026;21/08/2026
4930;955/2025;2025;Fundação Cultural Palmares;encerrado;Inscrições Encerradas;;0;;;;;Função Comissionada Executiva 4.05;https://oportunidades.sigepe.gov.br/oportunidades-portal/api/html/4930;21/08/2026;21/08/2026
4928;1020.2/2025;2025;Ministério da Justiça e Segurança Pública;encerrado;Inscrições Encerradas;;4;coordenador (1.10);Brasília;coordenador (1.10)(+1), Brasília(+1), órgão-alvo(+2);;COORDENDOR(A) NA ÁREA DE TRATADOS E FOROS INTERNACIONAIS (FCE 1.10);https://oportunidades.sigepe.gov.br/oportunidades-portal/api/html/4928;21/08/2026;21/08/2026
4927;954.1/2025;2025;Fundação Escola Nacional de Administração Pública;encerrado;Inscrições Encerradas;;-5;;;órgão-alvo(+2), gratificação técnica(-3), nível médio/intermediário(-4);nível médio/intermediário;GAEG NI - Procuradoria Federal - Enap;https://oportunidades.sigepe.gov.br/oportunidades-portal/api/html/4927;21/08/2026;21/08/2026
4926;958/2025;2025;Conselho Administrativo de Defesa Econômica;encerrado;Inscrições Encerradas;;2;;;órgão-alvo(+2);;Serviço de Apoio Processual - SEAPRO;https://oportunidades.sigepe.gov.br/oportunidades-portal/api/html/4926;21/08/2026;21/08/2026
4925;957.1/2025;2025;Conselho Administrativo de Defesa Econômica;encerrado;Inscrições Encerradas;;2;;;órgão-alvo(+2);;Divisão de Planejamento e Projetos (DIPLAN);https://oportunidades.sigepe.gov.br/oportunidades-portal/api/html/4925;21/08/2026;21/08/2026
4924;953.1/2025;2025;Defensoria Pública da União;encerrado;Inscrições Encerradas;;-5;;União em Rondonópolis/MT;União em Rondonópolis/MT(-5);;Apoio Administrativo na Defensoria Pública da União em Rondonópolis/MT;https://oportunidades.sigepe.gov.br/oportunidades-portal/api/html/4924;21/08/2026;21/08/2026
4923;952.1/2025;2025;Defensoria Pública da União;encerrado;Inscrições Encerradas;;1;;Brasília;Brasília(+1);;Assessoria da Unidade da DPU em Brasília/DF;https://oportunidades.sigepe.gov.br/oportunidades-portal/api/html/4923;21/08/2026;21/08/2026
4922;1044.1/2025;2025;Fundação Casa de Rui Barbosa;encerrado;Inscrições Encerradas;;0;;;;;Vaga PPGMA;https://oportunidades.sigepe.gov.br/oportunidades-portal/api/html/4922;21/08/2026;21/08/2026
4920;1035.1/2025;2025;Instituto Brasileiro de Museus;encerrado;Inscrições Encerradas;;-3;;;pesquisa(+1), nível médio/intermediário(-4);nível médio/intermediário;Analista - Administrador | Analista - Assistente Administrativo | Técnico - Pesquisador | Técnico em Assuntos Culturais - Museólogo | Técnico em Assuntos Educacionais - Educador | Analista - Arquiteto | Técnico em Assuntos Culturais - Arquivista;https://oportunidades.sigepe.gov.br/oportunidades-portal/api/html/4920;21/08/2026;21/08/2026
4918;962.1/2025;2025;Ministério da Saúde;encerrado;Inscrições Encerradas;;-6;;DLOG/SE;DLOG/SE(-5), órgão-alvo(+2), gratificação técnica(-3);;FISCAL DE CONTRATO;https://oportunidades.sigepe.gov.br/oportunidades-portal/api/html/4918;21/08/2026;21/08/2026
4915;949.1/2025;2025;Ministério da Justiça e Segurança Pública;encerrado;Inscrições Encerradas;;4;coordenador (1.10);Brasília;coordenador (1.10)(+1), Brasília(+1), órgão-alvo(+2);;ASSESSOR TÉCNICO ESPECIALIZADO (FCE 4.03) NA ÁREA DE POLÍTICAS DE REFÚGIO NO MJSP;https://oportunidades.sigepe.gov.br/oportunidades-portal/api/html/4915;21/08/2026;21/08/2026
4914;951/2025;2025;Ministério das Relações Exteriores;encerrado;Inscrições Encerradas;;-7;;;gratificação técnica(-3), nível médio/intermediário(-4);nível médio/intermediário;GSISTE - Nível Intermediário - Assistente na Área de Capacitação e Treinamento;https://oportunidades.sigepe.gov.br/oportunidades-portal/api/html/4914;21/08/2026;21/08/2026
4908;946.3/2025;2025;Fundação Escola Nacional de Administração Pública;encerrado;Inscrições Encerradas;;-5;;;órgão-alvo(+2), gratificação técnica(-3), nível médio/intermediário(-4);nível médio/intermediário;GAEG NI - SERVIÇO DE PAGAMENTO;https://oportunidades.sigepe.gov.br/oportunidades-portal/api/html/4908;21/08/2026;21/08/2026
4903;943.2/2025;2025;Ministério da Ciência, Tecnologia e Inovação;encerrado;Inscrições Encerradas;;6;coordenador (1.10);;coordenador (1.10)(+1), planejamento estratégico(+2), infraestrutura(+1), órgão-alvo(+2);;Coordenador de Gestão e Administração do LNCC - FCE 1.10;https://oportunidades.sigepe.gov.br/oportunidades-portal/api/html/4903;21/08/2026;21/08/2026
4902;942.3/2025;2025;Ministério da Justiça e Segurança Pública;encerrado;Inscrições Encerradas;;3;;Brasília;Brasília(+1), órgão-alvo(+2);;Escritório de Processos/SG/ANPD;https://oportunidades.sigepe.gov.br/oportunidades-portal/api/html/4902;21/08/2026;21/08/2026
4901;939.2/2025;2025;Ministério do Trabalho e Emprego;encerrado;Inscrições Encerradas;;-1;;;órgão-alvo(+2), gratificação técnica(-3);;GSISTE NS | Agente Administrativo;https://oportunidades.sigepe.gov.br/oportunidades-portal/api/html/4901;21/08/2026;21/08/2026
4899;936.2/2025;2025;Ministério da Integração e do Desenvolvimento Regional;encerrado;Inscrições Encerradas;;1;coordenador (1.10);Brasília;coordenador (1.10)(+1), Brasília(+1), desenvolvimento regional(+1), órgão-alvo(+2), nível médio/intermediário(-4);nível médio/intermediário;1 vaga servidor efetivo para Coordenador de Projeto da Coordenação-Geral de Sistemas (CGSIS/DTI/SE);https://oportunidades.sigepe.gov.br/oportunidades-portal/api/html/4899;21/08/2026;21/08/2026
4898;935.2/2025;2025;Ministério da Gestão e da Inovação em Serviços Públicos;encerrado;Inscrições Encerradas;;-11;chefia baixa;Serviços Públicos em Salvador/BA;chefia baixa(-3), Serviços Públicos em Salvador/BA(-5), urbano(+2), órgão-alvo(+2), gratificação técnica(-3), nível médio/intermediário(-4);nível médio/intermediário;GSISTE de nível superior, do Sistema de Serviços Gerais - SISG | Chefia da Seção de Licitações e Contratos (FCE 1.05) | Chefia da Seção de Gestão Documental e de Transporte (FCE 1.04) | Atuação na Divisão de Administração e Logística (Licitações, Contratos, Patrimônio e Transporte);https://oportunidades.sigepe.gov.br/oportunidades-portal/api/html/4898;21/08/2026;21/08/2026
4897;933/2025;2025;Instituto Brasileiro do Meio Ambiente e dos Recursos Naturais Renováveis;encerrado;Inscrições Encerradas;;-3;;;gratificação técnica(-3);;Processo Seletivo de 2 (duas) GSISTE, Nível Superior;https://oportunidades.sigepe.gov.br/oportunidades-portal/api/html/4897;21/08/2026;21/08/2026
4894;959.1/2025;2025;Ministério da Integração e do Desenvolvimento Regional;encerrado;Inscrições Encerradas;;0;;;desenvolvimento regional(+1), órgão-alvo(+2), gratificação técnica(-3);;GSISTE Nível Superior Divisão de Desenvolvimento de Pessoal (DDP/CDS/CGGP/DA/SE);https://oportunidades.sigepe.gov.br/oportunidades-portal/api/html/4894;21/08/2026;21/08/2026
4893;941.1/2025;2025;Ministério da Justiça e Segurança Pública;encerrado;Inscrições Encerradas;;3;;Brasília;Brasília(+1), órgão-alvo(+2);;Governança - Secretaria-Geral/ANPD;https://oportunidades.sigepe.gov.br/oportunidades-portal/api/html/4893;21/08/2026;21/08/2026
4892;934.2/2025;2025;Ministério da Integração e do Desenvolvimento Regional;encerrado;Inscrições Encerradas;;4;coordenador (1.10);;coordenador (1.10)(+1), desenvolvimento regional(+1), órgão-alvo(+2);;Coordenador da Coordenação de Desenvolvimento, Desempenho e  Saúde do Servidor (CDS/CGGP/DA/SE);https://oportunidades.sigepe.gov.br/oportunidades-portal/api/html/4892;21/08/2026;21/08/2026
4890;938.4/2025;2025;Ministério da Fazenda;encerrado;Inscrições Encerradas;;-5;;;órgão-alvo(+2), gratificação técnica(-3), nível médio/intermediário(-4);nível médio/intermediário;GSISTE de Nível Superior - Governança e Supervisão | GSISTE de Nível Médio - Gestão da Informação e Transparência;https://oportunidades.sigepe.gov.br/oportunidades-portal/api/html/4890;21/08/2026;21/08/2026
4888;940.1/2025;2025;Ministério da Saúde;encerrado;Inscrições Encerradas;;-1;;;órgão-alvo(+2), gratificação técnica(-3);;GSISP - Nível Superior - Privacidade e Segurança da Informação | GSISP - Nível Superior - Dados e Informações;https://oportunidades.sigepe.gov.br/oportunidades-portal/api/html/4888;21/08/2026;21/08/2026
4884;221.1/2026;2026;Ministério do Planejamento e Orçamento;encerrado;Inscrições Encerradas;;-1;;;órgão-alvo(+2), gratificação técnica(-3);;GSISP - Privacidade e segurança da Informação;https://oportunidades.sigepe.gov.br/oportunidades-portal/api/html/4884;21/08/2026;21/08/2026
4874;925.1/2025;2025;Ministério do Desenvolvimento Agrário e Agricultura Familiar;encerrado;Inscrições Encerradas;;-1;;;órgão-alvo(+2), gratificação técnica(-3);;1 (uma) vaga  GSISTE - SIPEC, NIVEL SUPERIOR;https://oportunidades.sigepe.gov.br/oportunidades-portal/api/html/4874;21/08/2026;21/08/2026
4873;924/2025;2025;Ministério do Empreendedorismo, da Microempresa e da Empresa de Pequeno Porte;encerrado;Inscrições Encerradas;;-5;;;órgão-alvo(+2), gratificação técnica(-3), graduação específica(-4);graduação específica;Coordenação Geral de Tecnologia da Informação;https://oportunidades.sigepe.gov.br/oportunidades-portal/api/html/4873;21/08/2026;21/08/2026
4869;1172.1/2025;2025;Ministério do Meio Ambiente e Mudança do Clima;encerrado;Inscrições Encerradas;;-1;;;órgão-alvo(+2), gratificação técnica(-3);;Serviço de Capacitação;https://oportunidades.sigepe.gov.br/oportunidades-portal/api/html/4869;21/08/2026;21/08/2026
4868;922/2025;2025;Instituto do Patrimônio Histórico e Artístico Nacional;encerrado;Inscrições Encerradas;;-3;chefia baixa;;chefia baixa(-3);;Função Comissionada Executiva - FCE 1.05 de Chefe de Serviço de Redação;https://oportunidades.sigepe.gov.br/oportunidades-portal/api/html/4868;21/08/2026;21/08/2026
4862;923.4/2025;2025;Ministério da Integração e do Desenvolvimento Regional;encerrado;Inscrições Encerradas;;1;coordenador (1.10);Brasília;coordenador (1.10)(+1), Brasília(+1), desenvolvimento regional(+1), órgão-alvo(+2), nível médio/intermediário(-4);nível médio/intermediário;1 vaga para Coordenador da Coordenação de Sistemas, código CCE 1.10 (COSIS/CGSIS/DTI/SE);https://oportunidades.sigepe.gov.br/oportunidades-portal/api/html/4862;21/08/2026;21/08/2026
4861;920.1/2025;2025;Ministério da Cultura;encerrado;Inscrições Encerradas;;-3;chefia baixa;;chefia baixa(-3);;Uma vaga para ocupar FCE 1.07, na DIVISÃO DE PROJETOS (DIPRO),;https://oportunidades.sigepe.gov.br/oportunidades-portal/api/html/4861;21/08/2026;21/08/2026
4858;930/2025;2025;Ministério do Planejamento e Orçamento;encerrado;Inscrições Encerradas;;-1;;;órgão-alvo(+2), gratificação técnica(-3);;GSISP - Privacidade e segurança da Informação;https://oportunidades.sigepe.gov.br/oportunidades-portal/api/html/4858;21/08/2026;21/08/2026
4855;914.1/2025;2025;Ministério dos Transportes;encerrado;Inscrições Encerradas;;-1;;;órgão-alvo(+2), gratificação técnica(-3);;GSISTE NS;https://oportunidades.sigepe.gov.br/oportunidades-portal/api/html/4855;21/08/2026;21/08/2026
4846;907.1/2025;2025;Ministério da Agricultura e Pecuária;encerrado;Inscrições Encerradas;;-8;;SPOA/SE;SPOA/SE(-5), gratificação técnica(-3);;GSISTE NS - Coordenação de Governança e Gestão - COGG/SPOA/SE/MAPA;https://oportunidades.sigepe.gov.br/oportunidades-portal/api/html/4846;21/08/2026;21/08/2026
4844;917.1/2025;2025;Ministério da Gestão e da Inovação em Serviços Públicos;encerrado;Inscrições Encerradas;;-1;;;órgão-alvo(+2), gratificação técnica(-3);;GSISTE Nível Superior, Coordenação-Geral de Processos, Gestão de Processos, BPM;https://oportunidades.sigepe.gov.br/oportunidades-portal/api/html/4844;21/08/2026;21/08/2026
4843;904.2/2025;2025;Ministério dos Direitos Humanos e da Cidadania;encerrado;Inscrições Encerradas;;-3;;;gratificação técnica(-3);;GSISTE/SIPEC junto à Coordenação-Geral de Gestão de Pessoas;https://oportunidades.sigepe.gov.br/oportunidades-portal/api/html/4843;21/08/2026;21/08/2026
4841;913.2/2025;2025;Ministério da Saúde;encerrado;Inscrições Encerradas;;3;;;infraestrutura(+1), órgão-alvo(+2);;Gestão dos Serviços de Saúde - DIASI/Xingu | Gestão de Licitações, Contratos e Fiscalização - SELOG/Xingu | Gestão da Logística e Apoio Administrativo, Materiais e Patrimônio - SEPAT/Xingu | Suporte Administrativo à Gestão Institucional - GABINETE/Xingu | Gestão de CASAI - Casa de Saúde Indígena | Apoio à Gestão dos Serviços de Saúde, Núcleo 1 - DIASI/Xingu | Apoio à Gestão da Execução Orçamentári;https://oportunidades.sigepe.gov.br/oportunidades-portal/api/html/4841;21/08/2026;21/08/2026
4840;902/2025;2025;Ministério da Gestão e da Inovação em Serviços Públicos;encerrado;Inscrições Encerradas;;-5;;;órgão-alvo(+2), gratificação técnica(-3), nível médio/intermediário(-4);nível médio/intermediário;GSISTE Nivel Intermediário - DEPEC/SEST;https://oportunidades.sigepe.gov.br/oportunidades-portal/api/html/4840;21/08/2026;21/08/2026
4839;909.1/2025;2025;Instituto Brasileiro de Museus;encerrado;Inscrições Encerradas;;-3;chefia baixa;;chefia baixa(-3);;CHEFE DE DIVISÃO DE DIVERSIDADE - FCE 1.07 | CHEFE DE DIVISÃO DE EDUCAÇÃO MUSEAL - FCE 1.07 | ASSISTENTE DE DIREÇÃO - FCE 2.07;https://oportunidades.sigepe.gov.br/oportunidades-portal/api/html/4839;21/08/2026;21/08/2026
4838;912.1/2025;2025;Ministério do Trabalho e Emprego;encerrado;Inscrições Encerradas;;-2;;Emprego em Serra Talhada/PE;Emprego em Serra Talhada/PE(-5), políticas públicas(+1), órgão-alvo(+2);;02 (duas) vagas para atuar na Agência Regional do Trabalho e Emprego em Serra Talhada/PE | 28 (vinte e oito) vagas para atuar na Superintendência Regional do Trabalho e Emprego em Pernambuco;https://oportunidades.sigepe.gov.br/oportunidades-portal/api/html/4838;21/08/2026;21/08/2026
4837;906.2/2025;2025;Ministério da Ciência, Tecnologia e Inovação;encerrado;Inscrições Encerradas;;0;chefia baixa;;chefia baixa(-3), infraestrutura(+1), órgão-alvo(+2);;FCE 1.05 - Chefe do Serviço de Compras, Infraestrutura e Logística;https://oportunidades.sigepe.gov.br/oportunidades-portal/api/html/4837;21/08/2026;21/08/2026
4833;898.1/2025;2025;Fundação Escola Nacional de Administração Pública;encerrado;Inscrições Encerradas;;-1;;;órgão-alvo(+2), gratificação técnica(-3);;GAEG NS  - Divisão de Biblioteca;https://oportunidades.sigepe.gov.br/oportunidades-portal/api/html/4833;21/08/2026;21/08/2026
4832;915.1/2025;2025;Ministério do Planejamento e Orçamento;encerrado;Inscrições Encerradas;;-1;chefia baixa;;chefia baixa(-3), órgão-alvo(+2);;Função Comissionada Executiva - FCE 2.07;https://oportunidades.sigepe.gov.br/oportunidades-portal/api/html/4832;21/08/2026;21/08/2026
4829;895.1/2025;2025;Ministério do Meio Ambiente e Mudança do Clima;encerrado;Inscrições Encerradas;;-1;;;órgão-alvo(+2), gratificação técnica(-3);;GSISP de Nível Superior (NS);https://oportunidades.sigepe.gov.br/oportunidades-portal/api/html/4829;21/08/2026;21/08/2026
4828;894.2/2025;2025;Defensoria Pública da União;encerrado;Inscrições Encerradas;;0;;;;;Fiscal de contratos;https://oportunidades.sigepe.gov.br/oportunidades-portal/api/html/4828;21/08/2026;21/08/2026
4827;893.2/2025;2025;Fundação Escola Nacional de Administração Pública;encerrado;Inscrições Encerradas;;-1;;;órgão-alvo(+2), gratificação técnica(-3);;GAEG DE NÍVEL SUPERIOR - Coordenação-Geral de Estratégia Institucional;https://oportunidades.sigepe.gov.br/oportunidades-portal/api/html/4827;21/08/2026;21/08/2026
4826;901.1/2025;2025;Ministério da Gestão e da Inovação em Serviços Públicos;encerrado;Inscrições Encerradas;;-5;;;órgão-alvo(+2), gratificação técnica(-3), nível médio/intermediário(-4);nível médio/intermediário;GSISP Nível Intermediário - Área de Contratações de TI. GINF/SEST;https://oportunidades.sigepe.gov.br/oportunidades-portal/api/html/4826;21/08/2026;21/08/2026
4822;896.2/2025;2025;Ministério da Gestão e da Inovação em Serviços Públicos;encerrado;Inscrições Encerradas;;4;coordenador (1.10);Brasília;coordenador (1.10)(+1), Brasília(+1), órgão-alvo(+2);;Coordenador de Interoperabilidade e Compartilhamento de Dados Intersetoriais;https://oportunidades.sigepe.gov.br/oportunidades-portal/api/html/4822;21/08/2026;21/08/2026
4821;897.1/2025;2025;Ministério da Gestão e da Inovação em Serviços Públicos;encerrado;Inscrições Encerradas;;-5;;;órgão-alvo(+2), gratificação técnica(-3), nível médio/intermediário(-4);nível médio/intermediário;1 (uma) vaga para percepção de GSISTE (NI). Atuar na COATA/SGD;https://oportunidades.sigepe.gov.br/oportunidades-portal/api/html/4821;21/08/2026;21/08/2026
4819;908/2025;2025;Ministério da Gestão e da Inovação em Serviços Públicos;encerrado;Inscrições Encerradas;;-5;;;órgão-alvo(+2), gratificação técnica(-3), nível médio/intermediário(-4);nível médio/intermediário;GSISTE Nível Intermediário - MGI/SGP - Coordenação de Gestão Administrativa;https://oportunidades.sigepe.gov.br/oportunidades-portal/api/html/4819;21/08/2026;21/08/2026
4817;918.2/2025;2025;Ministério da Gestão e da Inovação em Serviços Públicos;encerrado;Inscrições Encerradas;;-4;;Brasília;Brasília(+1), órgão-alvo(+2), gratificação técnica(-3), nível médio/intermediário(-4);nível médio/intermediário;ÁREA 1 - GESTÃO DE PROJETOS | ÁREA 2 - ANÁLISE E COMUNICAÇÃO DE DADOS | ÁREA 3 - GESTÃO DO CONHECIMENTO E INOVAÇÃO EM PROCESSOS;https://oportunidades.sigepe.gov.br/oportunidades-portal/api/html/4817;21/08/2026;21/08/2026
4811;888.1/2025;2025;Ministério da Pesca e Aquicultura;encerrado;Inscrições Encerradas;;0;;;;;Assistente Técnico;https://oportunidades.sigepe.gov.br/oportunidades-portal/api/html/4811;21/08/2026;21/08/2026
4809;889.1/2025;2025;Ministério da Pesca e Aquicultura;encerrado;Inscrições Encerradas;;0;;;;;Assistente Técnico;https://oportunidades.sigepe.gov.br/oportunidades-portal/api/html/4809;21/08/2026;21/08/2026
4808;886.1/2025;2025;Ministério da Cultura;encerrado;Inscrições Encerradas;;-3;chefia baixa;;chefia baixa(-3);;Vaga para ocupar Função Comissionada Executiva - FCE 1.07 na Coordenação de Apoio Administratrativo;https://oportunidades.sigepe.gov.br/oportunidades-portal/api/html/4808;21/08/2026;21/08/2026
4803;892.1/2025;2025;Ministério da Justiça e Segurança Pública;encerrado;Inscrições Encerradas;;0;chefia baixa;Brasília;chefia baixa(-3), Brasília(+1), órgão-alvo(+2);;CHEFE DE DIVISÃO NA ÁREA DE CONVÊNIOS E PARCERIAS (FCE 1.07) NO MJSP;https://oportunidades.sigepe.gov.br/oportunidades-portal/api/html/4803;21/08/2026;21/08/2026
4799;945.1/2025;2025;Comissão de Valores Mobiliários;encerrado;Inscrições Encerradas;;0;;;;;Encarregado de Dados | Gerenciamento de Projetos | Licitações e contratos/Pregoeiro | Planejamento de Contratações de TI;https://oportunidades.sigepe.gov.br/oportunidades-portal/api/html/4799;21/08/2026;21/08/2026
4797;878/2025;2025;Ministério da Agricultura e Pecuária;encerrado;Inscrições Encerradas;;-3;;;gratificação técnica(-3);;GSISTE NS - Coordenação de Desenvolvimento de Pessoas - CDP/ENAGRO;https://oportunidades.sigepe.gov.br/oportunidades-portal/api/html/4797;21/08/2026;21/08/2026
4795;928.2/2025;2025;Ministério da Gestão e da Inovação em Serviços Públicos;encerrado;Inscrições Encerradas;;-1;;;órgão-alvo(+2), gratificação técnica(-3);;Análise de dados (GSISTE- Nivel Superior) | Análise de negócios/requisitos (GSISTE- Nivel Superior);https://oportunidades.sigepe.gov.br/oportunidades-portal/api/html/4795;21/08/2026;21/08/2026
4790;875.3/2025;2025;Instituto Nacional de Tecnologia da Informação;encerrado;Inscrições Encerradas;;1;coordenador (1.10);;coordenador (1.10)(+1);;Coordenador - FCE 1.10 - Coordenador de Controle da CIN;https://oportunidades.sigepe.gov.br/oportunidades-portal/api/html/4790;21/08/2026;21/08/2026
4782;870/2025;2025;Fundação Cultural Palmares;encerrado;Inscrições Encerradas;;1;coordenador (1.10);;coordenador (1.10)(+1);;Assessor Técnico Especializado;https://oportunidades.sigepe.gov.br/oportunidades-portal/api/html/4782;21/08/2026;21/08/2026
4781;868/2025;2025;Fundação Cultural Palmares;encerrado;Inscrições Encerradas;;1;coordenador (1.10);;coordenador (1.10)(+1);;Assessor Técnico Especializado;https://oportunidades.sigepe.gov.br/oportunidades-portal/api/html/4781;21/08/2026;21/08/2026
4779;890.3/2025;2025;Ministério da Justiça e Segurança Pública;encerrado;Inscrições Encerradas;;2;;;órgão-alvo(+2);;Apoio Técnico e Administrativo - CRI/CGRII/ANPD;https://oportunidades.sigepe.gov.br/oportunidades-portal/api/html/4779;21/08/2026;21/08/2026
4778;869.2/2025;2025;Ministério do Desenvolvimento Agrário e Agricultura Familiar;encerrado;Inscrições Encerradas;;-1;;;órgão-alvo(+2), gratificação técnica(-3);;1 vaga GSISTE - Nível Superior;https://oportunidades.sigepe.gov.br/oportunidades-portal/api/html/4778;21/08/2026;21/08/2026
4775;864.1/2025;2025;Ministério da Agricultura e Pecuária;encerrado;Inscrições Encerradas;;-8;chefia baixa;GERAIS - NAG - LFDA/PE;chefia baixa(-3), GERAIS - NAG - LFDA/PE(-5);;CHEFE DO NÚCLEO DE ATIVIDADES GERAIS - NAG - LFDA/PE - FCE 1.01;https://oportunidades.sigepe.gov.br/oportunidades-portal/api/html/4775;21/08/2026;21/08/2026
4774;863.2/2025;2025;Ministério da Cultura;encerrado;Inscrições Encerradas;;-3;chefia baixa;;chefia baixa(-3);;Uma vaga, FCE 1.07 - Chefe de Divisão, para atuar na área de gestão processual e controle de prazos | Uma vaga, FCE 1.07 - Chefe de Divisão, para atuar na área de governança e transparência;https://oportunidades.sigepe.gov.br/oportunidades-portal/api/html/4774;21/08/2026;21/08/2026
4773;862.2/2025;2025;Fundação Escola Nacional de Administração Pública;encerrado;Inscrições Encerradas;;-1;;;órgão-alvo(+2), gratificação técnica(-3);;GAEG DE NÍVEL SUPERIOR;https://oportunidades.sigepe.gov.br/oportunidades-portal/api/html/4773;21/08/2026;21/08/2026
4772;860.1/2025;2025;Universidade Federal de Itajubá;encerrado;Inscrições Encerradas;;2;;;órgão-alvo(+2);;Auditor-Chefe;https://oportunidades.sigepe.gov.br/oportunidades-portal/api/html/4772;21/08/2026;21/08/2026
4771;859.2/2025;2025;Ministério da Pesca e Aquicultura;encerrado;Inscrições Encerradas;;-4;;;nível médio/intermediário(-4);nível médio/intermediário;Chefia de Serviços de Análise da Aquicultura em Águas da União;https://oportunidades.sigepe.gov.br/oportunidades-portal/api/html/4771;21/08/2026;21/08/2026
4769;872.1/2025;2025;Ministério da Saúde;encerrado;Inscrições Encerradas;;0;;Brasília;Brasília(+1), órgão-alvo(+2), gratificação técnica(-3);;GSISTE-NS para Servidor Público Efetivo atuar na Subsecretaria de Planejamento e Orçamento;https://oportunidades.sigepe.gov.br/oportunidades-portal/api/html/4769;21/08/2026;21/08/2026
4767;861/2025;2025;Ministério do Planejamento e Orçamento;encerrado;Inscrições Encerradas;;-1;;;órgão-alvo(+2), gratificação técnica(-3);;GSISTE Nível Superior;https://oportunidades.sigepe.gov.br/oportunidades-portal/api/html/4767;21/08/2026;21/08/2026
4763;856.2/2025;2025;Ministério da Pesca e Aquicultura;encerrado;Inscrições Encerradas;;2;;;órgão-alvo(+2);;Chefia de Divisão de Fomento à Aquicultura;https://oportunidades.sigepe.gov.br/oportunidades-portal/api/html/4763;21/08/2026;21/08/2026
4762;866/2025;2025;Conselho Administrativo de Defesa Econômica;encerrado;Inscrições Encerradas;;2;;;órgão-alvo(+2);;Gabinete/ Assessoria da Presidência;https://oportunidades.sigepe.gov.br/oportunidades-portal/api/html/4762;21/08/2026;21/08/2026
4761;857.2/2025;2025;Ministério da Pesca e Aquicultura;encerrado;Inscrições Encerradas;;2;;;órgão-alvo(+2);;Chefia de Divisão de Apoio à Assistência Técnica;https://oportunidades.sigepe.gov.br/oportunidades-portal/api/html/4761;21/08/2026;21/08/2026
4760;853/2025;2025;Ministério da Gestão e da Inovação em Serviços Públicos;encerrado;Inscrições Encerradas;;-5;;;órgão-alvo(+2), gratificação técnica(-3), nível médio/intermediário(-4);nível médio/intermediário;GSISTE - Níveis Superior na área de Inovação e Estudos.;https://oportunidades.sigepe.gov.br/oportunidades-portal/api/html/4760;21/08/2026;21/08/2026
4759;852.1/2025;2025;Ministério da Gestão e da Inovação em Serviços Públicos;encerrado;Inscrições Encerradas;;-1;;;órgão-alvo(+2), gratificação técnica(-3);;GSISTE NS para atuar na sustentação das plataformas de automação de serviços públicos;https://oportunidades.sigepe.gov.br/oportunidades-portal/api/html/4759;21/08/2026;21/08/2026
4758;881/2025;2025;Departamento Nacional de Infraestrutura de Transportes;encerrado;Inscrições Encerradas;;1;;;infraestrutura(+1);;Analista em Infraestrutura de Transportes e/ou Engenheiro Civil - Unidade Local de Pedrinhas;https://oportunidades.sigepe.gov.br/oportunidades-portal/api/html/4758;21/08/2026;21/08/2026
4757;855.1/2025;2025;Fundação Nacional de Saúde;encerrado;Inscrições Encerradas;;1;coordenador (1.10);;coordenador (1.10)(+1);;Coordenação de Segurança e Qualidade da Água para Consumo Humano (COSAG) FCE 1.10 | Assessoria Técnica Especializada - FCE 4.05 COSAG;https://oportunidades.sigepe.gov.br/oportunidades-portal/api/html/4757;21/08/2026;21/08/2026
4755;851.2/2025;2025;Ministério da Justiça e Segurança Pública;encerrado;Inscrições Encerradas;;3;;Brasília;Brasília(+1), órgão-alvo(+2);;ASSISTENTE DE FOLHA DE PAGAMENTO;https://oportunidades.sigepe.gov.br/oportunidades-portal/api/html/4755;21/08/2026;21/08/2026
4753;880.2/2025;2025;Departamento Nacional de Infraestrutura de Transportes;encerrado;Inscrições Encerradas;;1;;;infraestrutura(+1);;Servidores para atuar na Coordenação de Desenvolvimento de Pessoas/CODEPES/CGGP/DAF;https://oportunidades.sigepe.gov.br/oportunidades-portal/api/html/4753;21/08/2026;21/08/2026
4752;842.2/2025;2025;Ministério da Cultura;encerrado;Inscrições Encerradas;;1;coordenador (1.10);;coordenador (1.10)(+1);;Vaga de Coordenador de Gestão Processual e Produção Documental - FCE 1.11;https://oportunidades.sigepe.gov.br/oportunidades-portal/api/html/4752;21/08/2026;21/08/2026
4750;843.3/2025;2025;Agência Nacional de Aviação Civil;encerrado;Inscrições Encerradas;;0;;;;;Financeiro;https://oportunidades.sigepe.gov.br/oportunidades-portal/api/html/4750;21/08/2026;21/08/2026
4748;840.1/2025;2025;Ministério da Integração e do Desenvolvimento Regional;encerrado;Inscrições Encerradas;;1;;Brasília;Brasília(+1), desenvolvimento regional(+1), órgão-alvo(+2), gratificação técnica(-3);;1 vaga para GSISP de nível superior na Coordenação de Sistemas ( COSIS/CGSIS/DTI);https://oportunidades.sigepe.gov.br/oportunidades-portal/api/html/4748;21/08/2026;21/08/2026
4746;845.2/2025;2025;Ministério da Gestão e da Inovação em Serviços Públicos;encerrado;Inscrições Encerradas;;7;coordenador-geral;;coordenador-geral(+5), órgão-alvo(+2);;FCE 3.13 - uso estratégico e governança de dados, interoperabilidade, IND na SGD/MGI;https://oportunidades.sigepe.gov.br/oportunidades-portal/api/html/4746;21/08/2026;21/08/2026
4743;841.1/2025;2025;Ministério da Integração e do Desenvolvimento Regional;encerrado;Inscrições Encerradas;;1;;Brasília;Brasília(+1), desenvolvimento regional(+1), órgão-alvo(+2), gratificação técnica(-3);;1 vaga para GSISP de nível superior na Coordenação de Governança ( CGOVTI/DTI);https://oportunidades.sigepe.gov.br/oportunidades-portal/api/html/4743;21/08/2026;21/08/2026
4741;848.1/2025;2025;Ministério da Cultura;encerrado;Inscrições Encerradas;;-3;chefia baixa;;chefia baixa(-3);;Uma vaga para ocupar FCE 1.07, na Coordenação de Gestão de Dados e Informações - COGIN;https://oportunidades.sigepe.gov.br/oportunidades-portal/api/html/4741;21/08/2026;21/08/2026
4734;844.1/2025;2025;Ministério da Gestão e da Inovação em Serviços Públicos;encerrado;Inscrições Encerradas;;3;coordenador (1.10);;coordenador (1.10)(+1), órgão-alvo(+2);;FCE 1.10 - Coordenador de Fomento à Personalização em Serviços Públicos - DEDAD/MGI;https://oportunidades.sigepe.gov.br/oportunidades-portal/api/html/4734;21/08/2026;21/08/2026
4733;828.2/2025;2025;Ministério do Turismo;encerrado;Inscrições Encerradas;;-4;;Brasília;Brasília(+1), órgão-alvo(+2), gratificação técnica(-3), nível médio/intermediário(-4);nível médio/intermediário;SERVIDOR NÍVEL MÉDIO - GSISTE NI COMOP/CGPLAN;https://oportunidades.sigepe.gov.br/oportunidades-portal/api/html/4733;21/08/2026;21/08/2026
4731;830.1/2025;2025;Ministério da Integração e do Desenvolvimento Regional;encerrado;Inscrições Encerradas;;0;chefia baixa;;chefia baixa(-3), desenvolvimento regional(+1), órgão-alvo(+2);;FUNÇÃO COMISSIONADA EXECUTIVA FCE 2.07 - Comissão de Ética;https://oportunidades.sigepe.gov.br/oportunidades-portal/api/html/4731;21/08/2026;21/08/2026
4730;829.5/2025;2025;Ministério da Gestão e da Inovação em Serviços Públicos;encerrado;Inscrições Encerradas;;-4;;Brasília;Brasília(+1), órgão-alvo(+2), gratificação técnica(-3), nível médio/intermediário(-4);nível médio/intermediário;GSISTE Nível Intermediário Aplicação da Legislação em Gestão de Pessoas;https://oportunidades.sigepe.gov.br/oportunidades-portal/api/html/4730;21/08/2026;21/08/2026
4727;846.2/2025;2025;Ministério da Gestão e da Inovação em Serviços Públicos;encerrado;Inscrições Encerradas;;7;coordenador-geral;;coordenador-geral(+5), órgão-alvo(+2);;FCE 1.13 - Coordenador-geral de Estruturação de Dados na SGD/MGI;https://oportunidades.sigepe.gov.br/oportunidades-portal/api/html/4727;21/08/2026;21/08/2026
4721;821.1/2025;2025;Ministério da Integração e do Desenvolvimento Regional;encerrado;Inscrições Encerradas;;-4;chefia baixa;EXECUTIVA FCE 2.07 - CGIT/SE;chefia baixa(-3), EXECUTIVA FCE 2.07 - CGIT/SE(-5), desenvolvimento regional(+1), políticas públicas(+1), órgão-alvo(+2);;FUNÇÃO COMISSIONADA EXECUTIVA FCE 2.07 - CGIT/SE;https://oportunidades.sigepe.gov.br/oportunidades-portal/api/html/4721;21/08/2026;21/08/2026
4720;820.1/2025;2025;Ministério da Integração e do Desenvolvimento Regional;encerrado;Inscrições Encerradas;;-1;coordenador (1.10);EXECUTIVA FCE 1.10 - CGIT/SE;coordenador (1.10)(+1), EXECUTIVA FCE 1.10 - CGIT/SE(-5), desenvolvimento regional(+1), órgão-alvo(+2);;FUNÇÃO COMISSIONADA EXECUTIVA FCE 1.10 - CGIT/SE;https://oportunidades.sigepe.gov.br/oportunidades-portal/api/html/4720;21/08/2026;21/08/2026
4719;891.3/2025;2025;Ministério da Previdência Social;encerrado;Inscrições Encerradas;;4;coordenador (1.10);Brasília;coordenador (1.10)(+1), Brasília(+1), órgão-alvo(+2);;Função Comissionada Executiva (FCE 1.10) - Coordenador(a) de Informações Técnicas e Gerenciais.;https://oportunidades.sigepe.gov.br/oportunidades-portal/api/html/4719;21/08/2026;21/08/2026
4712;814.2/2025;2025;Departamento Nacional de Infraestrutura de Transportes;encerrado;Inscrições Encerradas;;1;;;infraestrutura(+1);;Técnico ou Analista Administrativo (1 vaga) | Técnico ou Analista Administrativo (1 vaga) | Chefe do Núcleo de Planejamento e Governança de Tecnologia da Informação - NPGTI;https://oportunidades.sigepe.gov.br/oportunidades-portal/api/html/4712;21/08/2026;21/08/2026
4711;809.1/2025;2025;Conselho Nacional de Desenvolvimento Científico e Tecnológico;encerrado;Inscrições Encerradas;;4;;;prospecção(+2), órgão-alvo(+2);;Coordenação de Propriedade Intelectual, Negociação e Prospecção de Parcerias;https://oportunidades.sigepe.gov.br/oportunidades-portal/api/html/4711;21/08/2026;21/08/2026
4709;808.1/2025;2025;Ministério da Educação;encerrado;Inscrições Encerradas;;-1;;;órgão-alvo(+2), gratificação técnica(-3);;Apoio técnico em tecnologia da informação e comunicação voltados às áreas de transformação digital;https://oportunidades.sigepe.gov.br/oportunidades-portal/api/html/4709;21/08/2026;21/08/2026
4707;813.1/2025;2025;Departamento Nacional de Infraestrutura de Transportes;encerrado;Inscrições Encerradas;;1;;;infraestrutura(+1);;Analista em Infraestrutura de Transportes ou Engenheiro (13 vagas) | Analista em Infraestrutura de Transportes ou Engenheiro - (13 vagas) | Analista em Infraestrutura de Transportes ou Engenheiro - (10 vagas);https://oportunidades.sigepe.gov.br/oportunidades-portal/api/html/4707;21/08/2026;21/08/2026
4706;812.1/2025;2025;Departamento Nacional de Infraestrutura de Transportes;encerrado;Inscrições Encerradas;;2;;Brasília;Brasília(+1), infraestrutura(+1);;Servidores para atuar no Serviço de Gestão de Pessoas (SGP) - DNIT-GO/DF;https://oportunidades.sigepe.gov.br/oportunidades-portal/api/html/4706;21/08/2026;21/08/2026
4704;819.2/2025;2025;Ministério da Saúde;encerrado;Inscrições Encerradas;;-1;;;órgão-alvo(+2), gratificação técnica(-3);;GSISP - Nível Superior - Privacidade e Segurança da Informação | GSISP - Nível Superior - Dados e Informações;https://oportunidades.sigepe.gov.br/oportunidades-portal/api/html/4704;21/08/2026;21/08/2026
4702;806.1/2025;2025;Ministério da Integração e do Desenvolvimento Regional;encerrado;Inscrições Encerradas;;1;;;desenvolvimento regional(+1), políticas públicas(+1), órgão-alvo(+2), gratificação técnica(-3);;2 vagas de GSISTE Nível Superior - MIDR;https://oportunidades.sigepe.gov.br/oportunidades-portal/api/html/4702;21/08/2026;21/08/2026
4699;815/2025;2025;Instituto do Patrimônio Histórico e Artístico Nacional;encerrado;Inscrições Encerradas;;-2;chefia baixa;Brasília;chefia baixa(-3), Brasília(+1);;Função Comissionada Executiva - FCE 1.05 de Chefe de Serviço de Redação;https://oportunidades.sigepe.gov.br/oportunidades-portal/api/html/4699;21/08/2026;21/08/2026
4697;816/2025;2025;Instituto do Patrimônio Histórico e Artístico Nacional;encerrado;Inscrições Encerradas;;-2;chefia baixa;Brasília;chefia baixa(-3), Brasília(+1);;FCE 1.04 de Seção de Cerimonial e Eventos;https://oportunidades.sigepe.gov.br/oportunidades-portal/api/html/4697;21/08/2026;21/08/2026
4693;824.1/2025;2025;Ministério da Saúde;encerrado;Inscrições Encerradas;;2;;;órgão-alvo(+2);;Apoio Administrativo e Patrimônio | Edificações e Saneamento | Orçamento e Finanças | Licitações e Contratos | Atenção à Saúde indígena | Edificações e Saneamento | Orçamento e Finanças | Apoio Administrativo e Patrimônio;https://oportunidades.sigepe.gov.br/oportunidades-portal/api/html/4693;21/08/2026;21/08/2026
4691;811/2025;2025;Ministério da Gestão e da Inovação em Serviços Públicos;encerrado;Inscrições Encerradas;;2;;;órgão-alvo(+2);;FE 1.11 - DIGES/SEST;https://oportunidades.sigepe.gov.br/oportunidades-portal/api/html/4691;21/08/2026;21/08/2026
4690;832.1/2025;2025;Ministério da Saúde;encerrado;Inscrições Encerradas;;3;;Brasília;Brasília(+1), órgão-alvo(+2);;Gestão Patrimonial;https://oportunidades.sigepe.gov.br/oportunidades-portal/api/html/4690;21/08/2026;21/08/2026
4689;795.1/2025;2025;Instituto Brasileiro de Museus;encerrado;Inscrições Encerradas;;5;coordenador (1.10);Brasília;coordenador (1.10)(+1), Brasília(+1), políticas públicas(+1), órgão-alvo(+2);;COORDENADOR DE COMUNICAÇÃO - FCE 1.10;https://oportunidades.sigepe.gov.br/oportunidades-portal/api/html/4689;21/08/2026;21/08/2026
4687;798/2025;2025;Ministério da Gestão e da Inovação em Serviços Públicos;encerrado;Inscrições Encerradas;;-1;;;órgão-alvo(+2), gratificação técnica(-3);;GSISTE NS - DEPEC/SEST;https://oportunidades.sigepe.gov.br/oportunidades-portal/api/html/4687;21/08/2026;21/08/2026
4683;792/2025;2025;Instituto Brasileiro do Meio Ambiente e dos Recursos Naturais Renováveis;encerrado;Inscrições Encerradas;;-3;;;gratificação técnica(-3);;Processo Seletivo de 2 (duas) GSISTE, Nível Superior;https://oportunidades.sigepe.gov.br/oportunidades-portal/api/html/4683;21/08/2026;21/08/2026
4681;1392.2/2025;2025;Instituto de Pesquisas Jardim Botânico do Rio de Janeiro;encerrado;Inscrições Encerradas;;0;;;;;Seção de Desenvolvimento de Pessoas | Apoio Administrativo;https://oportunidades.sigepe.gov.br/oportunidades-portal/api/html/4681;21/08/2026;21/08/2026
4680;790.1/2025;2025;Ministério do Turismo;encerrado;Inscrições Encerradas;;4;coordenador (1.10);Brasília;coordenador (1.10)(+1), Brasília(+1), órgão-alvo(+2);;FCE 1.10 - Coordenação de Análise Financeira de Prestação de Contas (COAPC);https://oportunidades.sigepe.gov.br/oportunidades-portal/api/html/4680;21/08/2026;21/08/2026
4677;854.3/2025;2025;Agência Nacional de Aviação Civil;encerrado;Inscrições Encerradas;;0;;;;;PRODUCT OWNER;https://oportunidades.sigepe.gov.br/oportunidades-portal/api/html/4677;21/08/2026;21/08/2026
4676;789/2025;2025;Ministério da Gestão e da Inovação em Serviços Públicos;encerrado;Inscrições Encerradas;;-1;;;órgão-alvo(+2), gratificação técnica(-3);;GSISTE - Nível Superior - DEGOV/SEST;https://oportunidades.sigepe.gov.br/oportunidades-portal/api/html/4676;21/08/2026;21/08/2026
4673;807.3/2025;2025;Ministério da Justiça e Segurança Pública;encerrado;Inscrições Encerradas;;2;;;órgão-alvo(+2);;GABINETE DO DIRETOR-PRESIDENTE - EQUIPE ASCOM;https://oportunidades.sigepe.gov.br/oportunidades-portal/api/html/4673;21/08/2026;21/08/2026
4671;785/2025;2025;Fundação Cultural Palmares;encerrado;Inscrições Encerradas;;-3;;;gratificação técnica(-3);;Gratificação Temporária do Sistema de Administração dos Recursos de Informação e Informática - GSISP;https://oportunidades.sigepe.gov.br/oportunidades-portal/api/html/4671;21/08/2026;21/08/2026
4668;784/2025;2025;Fundação Cultural Palmares;encerrado;Inscrições Encerradas;;-3;;;gratificação técnica(-3);;Gratificação Temporária do Sistema de Administração dos Recursos de Informação e Informática - GSISP;https://oportunidades.sigepe.gov.br/oportunidades-portal/api/html/4668;21/08/2026;21/08/2026
4667;787/2025;2025;Ministério da Gestão e da Inovação em Serviços Públicos;encerrado;Inscrições Encerradas;;-1;chefia baixa;;chefia baixa(-3), órgão-alvo(+2);;01 (uma) vagas para FCE 1.07 - DEPEC/SEST;https://oportunidades.sigepe.gov.br/oportunidades-portal/api/html/4667;21/08/2026;21/08/2026
4665;780/2025;2025;Instituto do Patrimônio Histórico e Artístico Nacional;encerrado;Inscrições Encerradas;;-2;chefia baixa;Brasília;chefia baixa(-3), Brasília(+1);;Função Comissionada Executiva - FCE 2.02 de Assistente Técnico;https://oportunidades.sigepe.gov.br/oportunidades-portal/api/html/4665;21/08/2026;21/08/2026
4663;779.1/2025;2025;Instituto Nacional de Tecnologia da Informação;encerrado;Inscrições Encerradas;;-3;;;gratificação técnica(-3);;Gratificação (GSISP) - Gestão de Dados e Informações dos serviços do ITI;https://oportunidades.sigepe.gov.br/oportunidades-portal/api/html/4663;21/08/2026;21/08/2026
4661;782/2025;2025;Instituto do Patrimônio Histórico e Artístico Nacional;encerrado;Inscrições Encerradas;;-3;chefia baixa;;chefia baixa(-3);;Função Comissionada Executiva - FCE 1.05 de Chefe de Serviço no Centro Nacional de Arqueologia (CNA);https://oportunidades.sigepe.gov.br/oportunidades-portal/api/html/4661;21/08/2026;21/08/2026
4659;781/2025;2025;Instituto do Patrimônio Histórico e Artístico Nacional;encerrado;Inscrições Encerradas;;-3;chefia baixa;;chefia baixa(-3);;Função Comissionada Executiva - FCE 1.07 de Chefe da Divisão;https://oportunidades.sigepe.gov.br/oportunidades-portal/api/html/4659;21/08/2026;21/08/2026
4658;786/2025;2025;Conselho Administrativo de Defesa Econômica;encerrado;Inscrições Encerradas;;-1;chefia baixa;;chefia baixa(-3), órgão-alvo(+2);;Serviço de Atendimento e Administração Predial - SEAAP | Serviço de Gestão de Contratos - SEGEC | Serviço de Compras - SECOM | Seção de Apoio à Gestão Logística - SAGLOG FCE 1.03 | Serviço de Materiais e Patrimônio - SEMAP | Seção de Apoio à Gestão Logística - SAGLOG;https://oportunidades.sigepe.gov.br/oportunidades-portal/api/html/4658;21/08/2026;21/08/2026
4655;778.1/2025;2025;Instituto Nacional de Tecnologia da Informação;encerrado;Inscrições Encerradas;;-3;;;gratificação técnica(-3);;Gratificação Temporária do Sistema de Administração de Recursos de Tecnologia da Informação (GSISP);https://oportunidades.sigepe.gov.br/oportunidades-portal/api/html/4655;21/08/2026;21/08/2026
4652;775.2/2025;2025;Ministério da Saúde;encerrado;Inscrições Encerradas;;0;;Brasília;Brasília(+1), órgão-alvo(+2), gratificação técnica(-3);;GSISTE-NS para Servidor Público Efetivo atuar na Coordenação-Geral de Orçamento;https://oportunidades.sigepe.gov.br/oportunidades-portal/api/html/4652;21/08/2026;21/08/2026
4650;791/2025;2025;Ministério do Esporte;encerrado;Inscrições Encerradas;;0;;;;;Coordenação-Geral de Gestão e Administração (CGGA) - FCE 2 10;https://oportunidades.sigepe.gov.br/oportunidades-portal/api/html/4650;21/08/2026;21/08/2026
4646;831.2/2025;2025;Centro Federal de Educação Tecnológica - Celso Suckow da Fonseca;encerrado;Inscrições Encerradas;;0;;;;;Analista de Tecnologia da Informação ou Técnico de Tecnologia da Informação | Licitação e contrato | Gerenciamento de Bens, conhecimento em Patrimônio e Almoxarifado. | Gerenciamento de Obras, Projetos, Frotas, conhecimento em gestão e fiscalização de contratos. | Conhecimento em Redes e cabeamento, Segurança da Informação, Gestão de Software e Análise e Desenvol | Gestão de Pessoas, conhecimento ;https://oportunidades.sigepe.gov.br/oportunidades-portal/api/html/4646;21/08/2026;21/08/2026
4644;772.1/2025;2025;Ministério da Gestão e da Inovação em Serviços Públicos;encerrado;Inscrições Encerradas;;-5;;;órgão-alvo(+2), gratificação técnica(-3), nível médio/intermediário(-4);nível médio/intermediário;GSISTE NI para atuação na Coordenação de Sustentação da Identidade Digital;https://oportunidades.sigepe.gov.br/oportunidades-portal/api/html/4644;21/08/2026;21/08/2026
4640;776.1/2025;2025;Ministério do Trabalho e Emprego;encerrado;Inscrições Encerradas;;-2;;;órgão-alvo(+2), nível médio/intermediário(-4);nível médio/intermediário;Fisioterapeuta | Médico | Assistente Social | Assistente Administrativo | Nutricionista | Psicólogo;https://oportunidades.sigepe.gov.br/oportunidades-portal/api/html/4640;21/08/2026;21/08/2026
4634;804.2/2025;2025;Ministério da Saúde;encerrado;Inscrições Encerradas;;2;;;órgão-alvo(+2);;Uma vaga para servidor com cargo de contador para atuar no Serviço de Controle e Contratos do HFSE;https://oportunidades.sigepe.gov.br/oportunidades-portal/api/html/4634;21/08/2026;21/08/2026
4630;757/2025;2025;Departamento Nacional de Infraestrutura de Transportes;encerrado;Inscrições Encerradas;;-2;chefia baixa;;chefia baixa(-3), infraestrutura(+1);;Chefe de Serviço da Unidade Local Gurupi - FCE 1.05;https://oportunidades.sigepe.gov.br/oportunidades-portal/api/html/4630;21/08/2026;21/08/2026
4625;762.1/2025;2025;Superintendência do Desenvolvimento do Centro-Oeste;encerrado;Inscrições Encerradas;;-3;;;gratificação técnica(-3);;GSISTE/NS - AFF - Coordenação-Geral de Execução Orçamentária, Contabilidade e Prestação de Contas;https://oportunidades.sigepe.gov.br/oportunidades-portal/api/html/4625;21/08/2026;21/08/2026
4621;770.2/2025;2025;Ministério da Fazenda;encerrado;Inscrições Encerradas;;2;;;órgão-alvo(+2);;Oportunidades de atuação na Subsecretaria de Gestão, Tecnologia da Informação e Orçamento;https://oportunidades.sigepe.gov.br/oportunidades-portal/api/html/4621;21/08/2026;21/08/2026
4617;747.3/2025;2025;Ministério da Gestão e da Inovação em Serviços Públicos;encerrado;Inscrições Encerradas;;-1;;;órgão-alvo(+2), gratificação técnica(-3);;GSISTE-NS para atuar na CGAUX/DEDIF/SGD/MGI;https://oportunidades.sigepe.gov.br/oportunidades-portal/api/html/4617;21/08/2026;21/08/2026
4616;748.3/2025;2025;Ministério da Gestão e da Inovação em Serviços Públicos;encerrado;Inscrições Encerradas;;3;coordenador (1.10);;coordenador (1.10)(+1), órgão-alvo(+2);;Coordenador de Qualidade de Serviços Públicos - FCE 1.10;https://oportunidades.sigepe.gov.br/oportunidades-portal/api/html/4616;21/08/2026;21/08/2026
4615;755.2/2025;2025;Ministério da Gestão e da Inovação em Serviços Públicos;encerrado;Inscrições Encerradas;;-4;;Brasília;Brasília(+1), órgão-alvo(+2), gratificação técnica(-3), nível médio/intermediário(-4);nível médio/intermediário;GSISTE NS | GSISTE NI;https://oportunidades.sigepe.gov.br/oportunidades-portal/api/html/4615;21/08/2026;21/08/2026
4605;754.1/2025;2025;Ministério da Gestão e da Inovação em Serviços Públicos;encerrado;Inscrições Encerradas;;2;;;órgão-alvo(+2);;VAGAS DESTINADAS À COORDENAÇÃO-GERAL DE GESTÃO ESTRATÉGICA - CGGES/DELOG/SEGES/MGI;https://oportunidades.sigepe.gov.br/oportunidades-portal/api/html/4605;21/08/2026;21/08/2026
4604;773.3/2025;2025;Ministério da Gestão e da Inovação em Serviços Públicos;encerrado;Inscrições Encerradas;;-1;;;órgão-alvo(+2), gratificação técnica(-3);;DUAS VAGAS PARA APOIO À GESTÃO FUNCIONAL DO SISTEMA CONTRATOS GOV.BR - SEM GSISTE | DUAS VAGAS PARA GESTÃO FUNCIONAL DO SISTEMA CONTRATOS GOV.BR - COM GSISTE NÍVEL SUPERIOR | UMA VAGA PARA GESTÃO FUNCIONAL DO ANTECIPAGOV - COM GSISTE NÍVEL SUPERIOR | UMA VAGA PARA APOIO TÉCNICO AO SISTEMA CONTRATOS GOV.BR - SEM GSISTE;https://oportunidades.sigepe.gov.br/oportunidades-portal/api/html/4604;21/08/2026;21/08/2026
4602;753.2/2025;2025;Ministério da Justiça e Segurança Pública;encerrado;Inscrições Encerradas;;3;;Brasília;Brasília(+1), órgão-alvo(+2);;DUAS VAGAS NA ÁREA DE TIC DO MJSP;https://oportunidades.sigepe.gov.br/oportunidades-portal/api/html/4602;21/08/2026;21/08/2026
4601;752.2/2025;2025;Ministério da Justiça e Segurança Pública;encerrado;Inscrições Encerradas;;3;;Brasília;Brasília(+1), órgão-alvo(+2);;SEIS VAGAS NA ÁREA DE SISTEMAS E INFORMAÇÃO DE DADOS DO MJSP;https://oportunidades.sigepe.gov.br/oportunidades-portal/api/html/4601;21/08/2026;21/08/2026
4600;751.1/2025;2025;Ministério da Justiça e Segurança Pública;encerrado;Inscrições Encerradas;;4;;Brasília;Brasília(+1), infraestrutura(+1), órgão-alvo(+2);;DUAS VAGAS NA ÁREA DE INFRAESTRUTURA E SERVIÇOS DE TIC DO MJSP;https://oportunidades.sigepe.gov.br/oportunidades-portal/api/html/4600;21/08/2026;21/08/2026
4599;750.1/2025;2025;Ministério da Justiça e Segurança Pública;encerrado;Inscrições Encerradas;;3;;Brasília;Brasília(+1), órgão-alvo(+2);;QUATRO VAGAS NA ÁREA DE GESTÃO DE GOVERNANÇA DE TIC DO MJSP;https://oportunidades.sigepe.gov.br/oportunidades-portal/api/html/4599;21/08/2026;21/08/2026
4598;743.3/2025;2025;Ministério das Mulheres;encerrado;Inscrições Encerradas;;-3;chefia baixa;;chefia baixa(-3);;Chefe de Divisão FCE 1.09 | Chefe de Divisão FCE 1.09 | Chefe de Divisão FCE 1.09;https://oportunidades.sigepe.gov.br/oportunidades-portal/api/html/4598;21/08/2026;21/08/2026
4594;803.2/2025;2025;Ministério do Meio Ambiente e Mudança do Clima;encerrado;Inscrições Encerradas;;2;;;órgão-alvo(+2);;Ouvidoria - Serviço Florestal Brasileiro;https://oportunidades.sigepe.gov.br/oportunidades-portal/api/html/4594;21/08/2026;21/08/2026
4584;723.1/2025;2025;Ministério da Justiça e Segurança Pública;encerrado;Inscrições Encerradas;;0;chefia baixa;Brasília;chefia baixa(-3), Brasília(+1), órgão-alvo(+2);;CHEFE DE DIVISÃO DE CONTROLE INTERNO (FCE 1.07) COM TELETRABALHO PARCIAL NO MJSP;https://oportunidades.sigepe.gov.br/oportunidades-portal/api/html/4584;21/08/2026;21/08/2026
4580;715.1/2025;2025;Ministério da Cultura;encerrado;Inscrições Encerradas;;-3;chefia baixa;;chefia baixa(-3);;Uma vaga, FCE 1.07 - Chefe de Divisão, para atuar na área de contratos e parcerias | Uma vaga, FCE 1.07 - Chefe de Divisão, para atuar na área de governança e transparência | Uma vaga, FCE 1.07 - Chefe de Divisão, para atuar na área de gestão processual e controle de prazos;https://oportunidades.sigepe.gov.br/oportunidades-portal/api/html/4580;21/08/2026;21/08/2026
4579;742.1/2025;2025;Ministério da Gestão e da Inovação em Serviços Públicos;encerrado;Inscrições Encerradas;;2;;;órgão-alvo(+2);;DUAS VAGAS PARA A COORDENAÇÃO-GERAL DOS SISTEMAS DE CONTRATOS E PATRIMÔNIO;https://oportunidades.sigepe.gov.br/oportunidades-portal/api/html/4579;21/08/2026;21/08/2026
4577;718.3/2025;2025;Ministério da Gestão e da Inovação em Serviços Públicos;encerrado;Inscrições Encerradas;;-1;;Brasília;Brasília(+1), órgão-alvo(+2), nível médio/intermediário(-4);nível médio/intermediário;DUAS (2) VAGAS LÍDER DE PROJETOS - COCMP/CGCOP/DELOG/SEGES/MGI | UMA (1) VAGA LÍDER DE PROJETOS - COCAT/CGCOP/DELOG/SEGES/MGI | UMA (1) VAGA LÍDER DE PROJETO - CODIP/CGCOP/DELOG/SEGES/MGI | DUAS (2) VAGAS APOIO ADMINISTRATIVO - CGCOP/DELOG/SEGES/MGI;https://oportunidades.sigepe.gov.br/oportunidades-portal/api/html/4577;21/08/2026;21/08/2026
4575;728.3/2025;2025;Ministério da Justiça e Segurança Pública;encerrado;Inscrições Encerradas;;2;;;órgão-alvo(+2);;Analista Técnico de Serviço de Métodos e Qualidade da Ouvidoria;https://oportunidades.sigepe.gov.br/oportunidades-portal/api/html/4575;21/08/2026;21/08/2026
4569;724.2/2025;2025;Ministério da Gestão e da Inovação em Serviços Públicos;encerrado;Inscrições Encerradas;;-1;;;órgão-alvo(+2), gratificação técnica(-3);;GSISTE Nível Superior;https://oportunidades.sigepe.gov.br/oportunidades-portal/api/html/4569;21/08/2026;21/08/2026
4567;727.4/2025;2025;Ministério da Justiça e Segurança Pública;encerrado;Inscrições Encerradas;;2;;;órgão-alvo(+2);;Analista Técnico de Ouvidoria;https://oportunidades.sigepe.gov.br/oportunidades-portal/api/html/4567;21/08/2026;21/08/2026
4566;709/2025;2025;Conselho Administrativo de Defesa Econômica;encerrado;Inscrições Encerradas;;-1;chefia baixa;;chefia baixa(-3), órgão-alvo(+2);;Serviço de Gestão Administrativa de Crédito - SEGAC | SEAPRO Serviço de Apoio Processual - SEAPRO | Divisão de Acompanhamento Processual - DIAP - FCE 1.07 | Protocolo - PROT;https://oportunidades.sigepe.gov.br/oportunidades-portal/api/html/4566;21/08/2026;21/08/2026
4562;712/2025;2025;Ministério do Esporte;encerrado;Inscrições Encerradas;;1;;Brasília;Brasília(+1);;Privacidade e Segurança da Informação | Gestão de Dados e Informações;https://oportunidades.sigepe.gov.br/oportunidades-portal/api/html/4562;21/08/2026;21/08/2026
4556;717.1/2025;2025;Ministério da Gestão e da Inovação em Serviços Públicos;encerrado;Inscrições Encerradas;;-1;;Brasília;Brasília(+1), órgão-alvo(+2), nível médio/intermediário(-4);nível médio/intermediário;UMA (1) VAGA PARA A COORDENAÇÃO-GERAL DOS SISTEMAS DE CONTRATOS E PATRIMÔNIO (CGCON/DELOG/SEGES) | TRÊS (3) VAGAS DESTINADAS À COORDENAÇÃO DE GESTÃO ADMINISTRATIVA - COGEA/DELOG/SEGES/MGI);https://oportunidades.sigepe.gov.br/oportunidades-portal/api/html/4556;21/08/2026;21/08/2026
4554;704.1/2025;2025;Ministério da Gestão e da Inovação em Serviços Públicos;encerrado;Inscrições Encerradas;;-5;;;órgão-alvo(+2), gratificação técnica(-3), nível médio/intermediário(-4);nível médio/intermediário;1 (uma) vaga para percepção de GSISTE (NI). Atuar na COATA/SGD;https://oportunidades.sigepe.gov.br/oportunidades-portal/api/html/4554;21/08/2026;21/08/2026
4553;702.1/2025;2025;Fundação Escola Nacional de Administração Pública;encerrado;Inscrições Encerradas;;-1;;;órgão-alvo(+2), gratificação técnica(-3);;GAEG Nível Superior para a Coordenação-Geral de Comunicação Institucional;https://oportunidades.sigepe.gov.br/oportunidades-portal/api/html/4553;21/08/2026;21/08/2026
4549;710.2/2025;2025;Ministério da Justiça e Segurança Pública;encerrado;Inscrições Encerradas;;2;;;órgão-alvo(+2);;Apoio Técnico e Administrativo;https://oportunidades.sigepe.gov.br/oportunidades-portal/api/html/4549;21/08/2026;21/08/2026
4548;697/2025;2025;Instituto de Pesquisas Jardim Botânico do Rio de Janeiro;encerrado;Inscrições Encerradas;;0;;;;;Serviço de Administração de Pessoal - Cadastro / Beneficio;https://oportunidades.sigepe.gov.br/oportunidades-portal/api/html/4548;21/08/2026;21/08/2026
4545;696.2/2025;2025;Ministério do Desenvolvimento Agrário e Agricultura Familiar;encerrado;Inscrições Encerradas;;-1;chefia baixa;;chefia baixa(-3), órgão-alvo(+2);;DIVAB -  1 (uma) vaga de Chefe de Divisão, código FCE 1.07;https://oportunidades.sigepe.gov.br/oportunidades-portal/api/html/4545;21/08/2026;21/08/2026
4544;695.1/2025;2025;Ministério do Turismo;encerrado;Inscrições Encerradas;;-1;;;órgão-alvo(+2), gratificação técnica(-3);;GSISP - NIVEL SUPERIOR - CGTI;https://oportunidades.sigepe.gov.br/oportunidades-portal/api/html/4544;21/08/2026;21/08/2026
4543;694.1/2025;2025;Ministério dos Transportes;encerrado;Inscrições Encerradas;;-1;;;órgão-alvo(+2), gratificação técnica(-3);;GSISTE NS;https://oportunidades.sigepe.gov.br/oportunidades-portal/api/html/4543;21/08/2026;21/08/2026
4534;692.1/2025;2025;Ministério dos Transportes;encerrado;Inscrições Encerradas;;0;;Brasília;Brasília(+1), órgão-alvo(+2), gratificação técnica(-3);;GSISP;https://oportunidades.sigepe.gov.br/oportunidades-portal/api/html/4534;21/08/2026;21/08/2026
4532;691.1/2025;2025;Ministério dos Direitos Humanos e da Cidadania;encerrado;Inscrições Encerradas;;0;;;;;Oportunidade de composição de força de trabalho junto a Coord.-Geral de Seg. Pública e Dir. Humanos;https://oportunidades.sigepe.gov.br/oportunidades-portal/api/html/4532;21/08/2026;21/08/2026
4528;686.2/2025;2025;Ministério da Cultura;encerrado;Inscrições Encerradas;;-3;;;gratificação técnica(-3);;GSISTE de Nível Superior para atuar na área de Planejamento e Desenvolvimento Institucional;https://oportunidades.sigepe.gov.br/oportunidades-portal/api/html/4528;21/08/2026;21/08/2026
4521;729.1/2025;2025;Ministério da Gestão e da Inovação em Serviços Públicos;encerrado;Inscrições Encerradas;;-1;;;órgão-alvo(+2), gratificação técnica(-3);;Analista de Negócio;https://oportunidades.sigepe.gov.br/oportunidades-portal/api/html/4521;21/08/2026;21/08/2026
4520;681.1/2025;2025;Ministério do Turismo;encerrado;Inscrições Encerradas;;0;;Brasília;Brasília(+1), órgão-alvo(+2), gratificação técnica(-3);;GSISTE NS (SPO)  - Coordenação Geral de Orçamento Finanças e Contabilidade - CGOFC;https://oportunidades.sigepe.gov.br/oportunidades-portal/api/html/4520;21/08/2026;21/08/2026
4519;677.4/2025;2025;Fundação Escola Nacional de Administração Pública;encerrado;Inscrições Encerradas;;2;;;órgão-alvo(+2);;Operações e Suporte na Coordenação-Geral de Gestão do Conhecimento e Comunidades;https://oportunidades.sigepe.gov.br/oportunidades-portal/api/html/4519;21/08/2026;21/08/2026
4516;688/2025;2025;Conselho Administrativo de Defesa Econômica;encerrado;Inscrições Encerradas;;2;;;órgão-alvo(+2);;Divisão de Compliance e Gestão de Riscos (Dicor);https://oportunidades.sigepe.gov.br/oportunidades-portal/api/html/4516;21/08/2026;21/08/2026
4515;675/2025;2025;Ministério da Cultura;encerrado;Inscrições Encerradas;;1;coordenador (1.10);;coordenador (1.10)(+1);;Uma vaga para ocupar FCE 1.07, como Chefe da Divisão de Programação Financeira | Uma vaga para ocupar FCE 1.10, como Coordenador de Programação de Finanças;https://oportunidades.sigepe.gov.br/oportunidades-portal/api/html/4515;21/08/2026;21/08/2026
4513;667.2/2025;2025;Universidade Federal do Sul da Bahia;encerrado;Inscrições Encerradas;;-5;;Civil - Porto Seguro/BA;Civil - Porto Seguro/BA(-5);;Engenheiro Civil - Porto Seguro/BA | Engenheiro Civil - Itabuna/BA | Engenheiro Mecânico - Itabuna/BA;https://oportunidades.sigepe.gov.br/oportunidades-portal/api/html/4513;21/08/2026;21/08/2026
4510;684.1/2025;2025;Instituto de Pesquisas Jardim Botânico do Rio de Janeiro;encerrado;Inscrições Encerradas;;-3;chefia baixa;;chefia baixa(-3);;Chefe de Serviço de Administração de Pessoal;https://oportunidades.sigepe.gov.br/oportunidades-portal/api/html/4510;21/08/2026;21/08/2026
4508;671.3/2025;2025;Ministério da Justiça e Segurança Pública;encerrado;Inscrições Encerradas;;2;;;órgão-alvo(+2);;Apoio Técnico e Administrativo/CRI/CGRII/ANPD;https://oportunidades.sigepe.gov.br/oportunidades-portal/api/html/4508;21/08/2026;21/08/2026
4507;666.1/2025;2025;Ministério dos Direitos Humanos e da Cidadania;encerrado;Inscrições Encerradas;;0;;;;;Composição de força de trabalho junto a Assessoria Esp. de Defesa da Democracia, Memória e Verdade;https://oportunidades.sigepe.gov.br/oportunidades-portal/api/html/4507;21/08/2026;21/08/2026
4506;665/2025;2025;Ministério da Gestão e da Inovação em Serviços Públicos;encerrado;Inscrições Encerradas;;3;coordenador (1.10);;coordenador (1.10)(+1), órgão-alvo(+2);;FCE 1.10 - Coordenação de Estudos e Projetos de Remuneração - COPOR/CGPRE/DEGOV;https://oportunidades.sigepe.gov.br/oportunidades-portal/api/html/4506;21/08/2026;21/08/2026
4505;664/2025;2025;Ministério da Gestão e da Inovação em Serviços Públicos;encerrado;Inscrições Encerradas;;-1;;;órgão-alvo(+2), gratificação técnica(-3);;GSISTE - Nível Superior - DEGOV/SEST;https://oportunidades.sigepe.gov.br/oportunidades-portal/api/html/4505;21/08/2026;21/08/2026
4499;661.3/2025;2025;Ministério da Integração e do Desenvolvimento Regional;encerrado;Inscrições Encerradas;;2;;Brasília;Brasília(+1), desenvolvimento regional(+1), infraestrutura(+1), órgão-alvo(+2), gratificação técnica(-3);;1 vaga para GSISP de nível superior na Coordenação de Infraestrutura e Suporte ( CISUP/CGTI);https://oportunidades.sigepe.gov.br/oportunidades-portal/api/html/4499;21/08/2026;21/08/2026
4498;668.2/2025;2025;Ministério da Gestão e da Inovação em Serviços Públicos;encerrado;Inscrições Encerradas;;2;;;órgão-alvo(+2);;CARGO 3: área temática: PRIVACIDADE E SEGURANÇA DA Informação | CARGO 7: área temática: TRANSFORMAÇÃO DIGITAL | CARGO 2: área temática: Gestão e Planejamento de Tecnologia da Informação | CARGO 5: área temática: PRIVACIDADE E SEGURANÇA DA Informação | CARGO 6: área temática: TRANSFORMAÇÃO DIGITAL | CARGO 9 | CARGO 4: área temática: PRIVACIDADE E SEGURANÇA DA Informação | CARGO 8: área temática: Ge;https://oportunidades.sigepe.gov.br/oportunidades-portal/api/html/4498;21/08/2026;21/08/2026
4495;669.1/2025;2025;Instituto de Pesquisas Jardim Botânico do Rio de Janeiro;encerrado;Inscrições Encerradas;;0;;;;;Seção de Desenvolvimento de Pessoas;https://oportunidades.sigepe.gov.br/oportunidades-portal/api/html/4495;21/08/2026;21/08/2026
4494;659.1/2025;2025;Ministério da Cultura;encerrado;Inscrições Encerradas;;0;;;;;Função Comissionada Executiva - FCE - 1.07;https://oportunidades.sigepe.gov.br/oportunidades-portal/api/html/4494;21/08/2026;21/08/2026
4493;658/2025;2025;Instituto do Patrimônio Histórico e Artístico Nacional;encerrado;Inscrições Encerradas;;-2;chefia baixa;Brasília;chefia baixa(-3), Brasília(+1);;01 FCE 1.05 Chefe do Serviço de Escritório de Projetos - DPA/Iphan - Brasília DF;https://oportunidades.sigepe.gov.br/oportunidades-portal/api/html/4493;21/08/2026;21/08/2026
4492;657.1/2025;2025;Instituto do Patrimônio Histórico e Artístico Nacional;encerrado;Inscrições Encerradas;;-2;;Brasília;Brasília(+1), gratificação técnica(-3);;01 (uma) GSISP - Nível Superior - Coordenação Geral de Tecnologia da Informação -Iphan Brasília DF;https://oportunidades.sigepe.gov.br/oportunidades-portal/api/html/4492;21/08/2026;21/08/2026
4486;676.1/2025;2025;Agência Nacional de Vigilância Sanitária;encerrado;Inscrições Encerradas;;-3;;;gratificação técnica(-3);;GSISP de nível superior da área de Privacidade e Segurança da Informação - COSED | GSISP de nível superior da área de Transformação Digital - GESOL;https://oportunidades.sigepe.gov.br/oportunidades-portal/api/html/4486;21/08/2026;21/08/2026
4482;649/2025;2025;Ministério da Pesca e Aquicultura;encerrado;Inscrições Encerradas;;0;;;;;Chefia de Divisão de Apoio à Assistência Técnica;https://oportunidades.sigepe.gov.br/oportunidades-portal/api/html/4482;21/08/2026;21/08/2026
4481;652/2025;2025;Ministério da Saúde;encerrado;Inscrições Encerradas;;2;;;órgão-alvo(+2);;Processo seletivo CGCONT/SPO;https://oportunidades.sigepe.gov.br/oportunidades-portal/api/html/4481;21/08/2026;21/08/2026
4480;650/2025;2025;Ministério da Pesca e Aquicultura;encerrado;Inscrições Encerradas;;2;;;órgão-alvo(+2);;Chefia de Divisão de Fomento à Aquicultura;https://oportunidades.sigepe.gov.br/oportunidades-portal/api/html/4480;21/08/2026;21/08/2026
4479;646/2025;2025;Fundação Cultural Palmares;encerrado;Inscrições Encerradas;;-3;;;gratificação técnica(-3);;Gratificação Temporária do Sistema de Administração dos Recursos de Informação e Informática - GSIS;https://oportunidades.sigepe.gov.br/oportunidades-portal/api/html/4479;21/08/2026;21/08/2026
4478;645/2025;2025;Fundação Cultural Palmares;encerrado;Inscrições Encerradas;;-3;;;gratificação técnica(-3);;GSISP de Nivel Superior, da área de Gestão de Dados e Informações na Unidade SISP;https://oportunidades.sigepe.gov.br/oportunidades-portal/api/html/4478;21/08/2026;21/08/2026
4475;654.1/2025;2025;Ministério da Gestão e da Inovação em Serviços Públicos;encerrado;Inscrições Encerradas;;-1;;;órgão-alvo(+2), gratificação técnica(-3);;GSISP-NS para atuar na Assessoria de Apoio à Gestão da Secretaria de Governo Digital/MGI - Perfil 1 | GSISP-NS para atuar na Assessoria de Apoio à Gestão da Secretaria de Governo Digital/MGI - Perfil 2;https://oportunidades.sigepe.gov.br/oportunidades-portal/api/html/4475;21/08/2026;21/08/2026
4470;639.4/2025;2025;Ministério dos Direitos Humanos e da Cidadania;encerrado;Inscrições Encerradas;;1;coordenador (1.10);;coordenador (1.10)(+1);;Coordenador (FCE 1.10) junto à Coordenação-Geral de Logística;https://oportunidades.sigepe.gov.br/oportunidades-portal/api/html/4470;21/08/2026;21/08/2026
4469;656/2025;2025;Ministério do Trabalho e Emprego;encerrado;Inscrições Encerradas;;-4;chefia baixa;;chefia baixa(-3), órgão-alvo(+2), gratificação técnica(-3);;GSISTE NS CODEF/DGP | Chefe da Divisão de Dimensionamento da Força de Trabalho;https://oportunidades.sigepe.gov.br/oportunidades-portal/api/html/4469;21/08/2026;21/08/2026
4464;648.2/2025;2025;Ministério da Cultura;encerrado;Inscrições Encerradas;;0;;;;;Duas vagas na Coordenação de Empreendedorismo e Inovação | Duas vagas na Coordenação de Informação e Indicadores Culturais;https://oportunidades.sigepe.gov.br/oportunidades-portal/api/html/4464;21/08/2026;21/08/2026
4463;674.3/2025;2025;Instituto Brasileiro de Museus;encerrado;Inscrições Encerradas;;0;;;;;Administração | Arquitetura ou Engenharia | Biblioteconomia | Educação Museal | História | Arquivologia | Museologia e/ou Restauração/Conservação;https://oportunidades.sigepe.gov.br/oportunidades-portal/api/html/4463;21/08/2026;21/08/2026
4462;643.2/2025;2025;Ministério do Desenvolvimento, Indústria, Comércio e Serviços;encerrado;Inscrições Encerradas;;3;coordenador (1.10);;coordenador (1.10)(+1), órgão-alvo(+2);;Função Comissionada Executiva - FCE 1.10 | Função Comissionada Executiva - FCE 1.07;https://oportunidades.sigepe.gov.br/oportunidades-portal/api/html/4462;21/08/2026;21/08/2026
4459;634/2025;2025;Fundação Cultural Palmares;encerrado;Inscrições Encerradas;;-3;;;gratificação técnica(-3);;GSISTE - SISG de Nível Superior;https://oportunidades.sigepe.gov.br/oportunidades-portal/api/html/4459;21/08/2026;21/08/2026
4457;637.1/2025;2025;Instituto Brasileiro de Museus;encerrado;Inscrições Encerradas;;0;;;;;Seleção para Chefia da Divisão de Fomento;https://oportunidades.sigepe.gov.br/oportunidades-portal/api/html/4457;21/08/2026;21/08/2026
4452;631/2025;2025;Instituto do Patrimônio Histórico e Artístico Nacional;encerrado;Inscrições Encerradas;;-2;;Brasília;Brasília(+1), gratificação técnica(-3);;1 (uma) GSISTE Nível Superior - COREL - CGLOG - DPA - Iphan Brasília;https://oportunidades.sigepe.gov.br/oportunidades-portal/api/html/4452;21/08/2026;21/08/2026
4451;630/2025;2025;Instituto do Patrimônio Histórico e Artístico Nacional;encerrado;Inscrições Encerradas;;-2;;Brasília;Brasília(+1), gratificação técnica(-3);;1 (uma) GSISTE Nível Superior - Brasília - COLIC - CGLOG - DPA;https://oportunidades.sigepe.gov.br/oportunidades-portal/api/html/4451;21/08/2026;21/08/2026
4450;758.1/2025;2025;Departamento Nacional de Infraestrutura de Transportes;encerrado;Inscrições Encerradas;;1;;;infraestrutura(+1);;Analista de Infraestrutura de Transportes / Engenheiro Civil | Analista Administrativo / Administrador / Psicólogo / Gestor de RH | Analista Administrativo / Contador | Analista de Infraestrutura de Transportes / Engenheiro Civil | Analista de Infraestrutura de Transportes / Engenheiro Civil | Analista de Infraestrutura de Transportes / Engenheiro Civil;https://oportunidades.sigepe.gov.br/oportunidades-portal/api/html/4450;21/08/2026;21/08/2026
4449;628.4/2025;2025;Ministério da Defesa;encerrado;Inscrições Encerradas;;-2;;Brasília;Brasília(+1), gratificação técnica(-3);;Gratificação Temporária Sipam - GTS nível 2;https://oportunidades.sigepe.gov.br/oportunidades-portal/api/html/4449;21/08/2026;21/08/2026
4448;626/2025;2025;Fundação Cultural Palmares;encerrado;Inscrições Encerradas;;-3;;;gratificação técnica(-3);;GSISTE de Nível Superior, do Macroprocesso de Contabilidade Federal - MPCON;https://oportunidades.sigepe.gov.br/oportunidades-portal/api/html/4448;21/08/2026;21/08/2026
4447;625/2025;2025;Fundação Cultural Palmares;encerrado;Inscrições Encerradas;;-3;;;gratificação técnica(-3);;GSISP de Nível Superior;https://oportunidades.sigepe.gov.br/oportunidades-portal/api/html/4447;21/08/2026;21/08/2026
4446;629.1/2025;2025;Ministério do Empreendedorismo, da Microempresa e da Empresa de Pequeno Porte;encerrado;Inscrições Encerradas;;-3;;Brasília;Brasília(+1), graduação específica(-4);graduação específica;Coordenação Geral de Tecnologia da Informação;https://oportunidades.sigepe.gov.br/oportunidades-portal/api/html/4446;21/08/2026;21/08/2026
4445;627.1/2025;2025;Ministério dos Transportes;encerrado;Inscrições Encerradas;;-1;;;órgão-alvo(+2), gratificação técnica(-3);;GSISP NS;https://oportunidades.sigepe.gov.br/oportunidades-portal/api/html/4445;21/08/2026;21/08/2026
4439;653.3/2025;2025;Ministério da Fazenda;encerrado;Inscrições Encerradas;;3;coordenador (1.10);;coordenador (1.10)(+1), órgão-alvo(+2);;Perfil 14 - Alteração de exercício para compor força de trabalho - ESPECIALIDADE: Fisc. de Prom. Com | -Perfil 4  - Cessão: Assistente-Técnico, código FCE 2.05. | -Perfil 5 - Alteração de exercício para compor força de trabalho. ESPECIALIDADE: Assistente Adm. | -Perfil 6 - Alteração de exercício para compor força de trabalho. ESPECIALIDADE: Assistente Adm. | -Perfil 7 - Alteração de exercício para;https://oportunidades.sigepe.gov.br/oportunidades-portal/api/html/4439;21/08/2026;21/08/2026
4437;623.1/2025;2025;Ministério da Agricultura e Pecuária;encerrado;Inscrições Encerradas;;-6;chefia baixa;;chefia baixa(-3), gratificação técnica(-3);;Função Comissionada Técnica (FCE 1.07) + GSISTE Nível Superior;https://oportunidades.sigepe.gov.br/oportunidades-portal/api/html/4437;21/08/2026;21/08/2026
4433;620.1/2025;2025;Departamento Nacional de Infraestrutura de Transportes;encerrado;Inscrições Encerradas;;-2;chefia baixa;;chefia baixa(-3), infraestrutura(+1);;Chefe do Serviço de Apoio Administrativo - FCE 1.02 (CGDR/DPP) | Analista em Infraestrutura de Transportes / Técnico de Suporte em Infraestrutura de Transportes | Analista em Infraestrutura de Transportes / Técnico de Suporte em Infraestrutura de Transportes;https://oportunidades.sigepe.gov.br/oportunidades-portal/api/html/4433;21/08/2026;21/08/2026
4430;619.1/2025;2025;Ministério das Relações Exteriores;encerrado;Inscrições Encerradas;;0;;;;;Servidor de apoio à Secretaria Acadêmica do Instituto Rio Branco (IRBr);https://oportunidades.sigepe.gov.br/oportunidades-portal/api/html/4430;21/08/2026;21/08/2026
4424;720.1/2025;2025;Instituto Federal de Educação, Ciência e Tecnologia do Ceará;encerrado;Inscrições Encerradas;;0;;;;;Nível superior - ENGENHEIRO DE SEGURANÇA DO TRABALHO ou ENGENHEIRO-ÁREA;https://oportunidades.sigepe.gov.br/oportunidades-portal/api/html/4424;21/08/2026;21/08/2026
4423;622/2025;2025;Departamento Nacional de Infraestrutura de Transportes;encerrado;Inscrições Encerradas;;1;;;infraestrutura(+1);;Analista em Infraestrutura de Transportes ou Engenheiro - Unidade Local de Mafra;https://oportunidades.sigepe.gov.br/oportunidades-portal/api/html/4423;21/08/2026;21/08/2026
4422;621.4/2025;2025;Departamento Nacional de Infraestrutura de Transportes;encerrado;Inscrições Encerradas;;-4;;Unidade Local de Mafra - SRE/SC;Unidade Local de Mafra - SRE/SC(-5), infraestrutura(+1);;Técnico de Suporte em Infraestrutura de Transportes - Unidade Local de Mafra - SRE/SC;https://oportunidades.sigepe.gov.br/oportunidades-portal/api/html/4422;21/08/2026;21/08/2026
4419;612/2025;2025;Ministério da Agricultura e Pecuária;encerrado;Inscrições Encerradas;;0;;;;;Função Comissionada de Assessoria Técnica (FCE 4.04);https://oportunidades.sigepe.gov.br/oportunidades-portal/api/html/4419;21/08/2026;21/08/2026
4417;611/2025;2025;Ministério da Agricultura e Pecuária;encerrado;Inscrições Encerradas;;0;;;;;Composição força de trabalho - Coordenação de Planejamento e Desenvolvimento Funcional (CODES);https://oportunidades.sigepe.gov.br/oportunidades-portal/api/html/4417;21/08/2026;21/08/2026
4406;614.1/2025;2025;Ministério dos Povos Indígenas;encerrado;Inscrições Encerradas;;1;coordenador (1.10);;coordenador (1.10)(+1);;Assessor Técnico | Coordenador de Acompanhamento das Políticas Territoriais | Assistente | Coordenador de Proteção a Povos Indígenas Isolados | Assistente;https://oportunidades.sigepe.gov.br/oportunidades-portal/api/html/4406;21/08/2026;21/08/2026
4403;603/2025;2025;Instituto do Patrimônio Histórico e Artístico Nacional;encerrado;Inscrições Encerradas;;-8;chefia baixa;Técnico da Costa Verde - ETCV/RJ;chefia baixa(-3), Técnico da Costa Verde - ETCV/RJ(-5);;FCE 2.01 de Assistente Técnico - ETCV-RJ;https://oportunidades.sigepe.gov.br/oportunidades-portal/api/html/4403;21/08/2026;21/08/2026
4402;642.2/2025;2025;Ministério da Gestão e da Inovação em Serviços Públicos;encerrado;Inscrições Encerradas;;0;;;inteligência artificial(+1), órgão-alvo(+2), gratificação técnica(-3);;GSISTE-NS para atuar na Coordenação de Orientação da Inteligência Artificial Responsável da SGD/MGI;https://oportunidades.sigepe.gov.br/oportunidades-portal/api/html/4402;21/08/2026;21/08/2026
4398;641.1/2025;2025;Ministério da Gestão e da Inovação em Serviços Públicos;encerrado;Inscrições Encerradas;;-5;;;órgão-alvo(+2), gratificação técnica(-3), nível médio/intermediário(-4);nível médio/intermediário;GSISP - Nível Intermediário - Privacidade e Segurança da Informação | GSISP - Nível Superior - Privacidade e Segurança da Informação;https://oportunidades.sigepe.gov.br/oportunidades-portal/api/html/4398;21/08/2026;21/08/2026
4395;601.1/2025;2025;Ministério da Agricultura e Pecuária;encerrado;Inscrições Encerradas;;-3;chefia baixa;;chefia baixa(-3);;Função Comissionada de Chefia de Divisão (FCE 1.07) - (CGINFRA/STI) - Servidores efetivos;https://oportunidades.sigepe.gov.br/oportunidades-portal/api/html/4395;21/08/2026;21/08/2026
4393;599.1/2025;2025;Ministério da Agricultura e Pecuária;encerrado;Inscrições Encerradas;;-3;;;gratificação técnica(-3);;Gratificação Temporária do Sistema de Adm. dos Recursos de Tec. da Informação (GSISP), Nível Sup;https://oportunidades.sigepe.gov.br/oportunidades-portal/api/html/4393;21/08/2026;21/08/2026
4389;608.1/2025;2025;Ministério da Justiça e Segurança Pública;encerrado;Inscrições Encerradas;;2;;;órgão-alvo(+2);;TELETRABALHO INTEGRAL NA ÁREA DE DIÁRIAS E PASSAGENS DO MJSP;https://oportunidades.sigepe.gov.br/oportunidades-portal/api/html/4389;21/08/2026;21/08/2026
4388;736.5/2025;2025;Superintendência do Desenvolvimento do Nordeste;encerrado;Inscrições Encerradas;;-6;coordenador (1.10);Recife/PE;coordenador (1.10)(+1), Recife/PE(-5), políticas públicas(+1), infraestrutura(+1), nível médio/intermediário(-4);nível médio/intermediário;Técnico(a) na área de Incentivos e Benefícios Fiscais | Técnico(a) de Tomada de Contas Especial | Governança, riscos e desempenho institucional | Contador(a) | Técnico(a) em Desenvolvimento Territorial, Infraestrutura e Meio Ambiente | Técnico(a) Correicional | Desenvolvimento de Pessoas e Qualidade de Vida no Trabalho | Elaboração e Articulação de Políticas Públicas | Analista técnico de programa;https://oportunidades.sigepe.gov.br/oportunidades-portal/api/html/4388;21/08/2026;21/08/2026
4387;595.2/2025;2025;Ministério das Relações Exteriores;encerrado;Inscrições Encerradas;;-3;;;gratificação técnica(-3);;GSISP de Nível Superior (NS) para atuar na área de Privacidade e Segurança da Informação no DTIC/MRE;https://oportunidades.sigepe.gov.br/oportunidades-portal/api/html/4387;21/08/2026;21/08/2026
4384;592/2025;2025;Ministério da Defesa;encerrado;Inscrições Encerradas;;-3;;;gratificação técnica(-3);;GISISTE - Nível Superior SISG;https://oportunidades.sigepe.gov.br/oportunidades-portal/api/html/4384;21/08/2026;21/08/2026
4383;593.1/2025;2025;Ministério do Meio Ambiente e Mudança do Clima;encerrado;Inscrições Encerradas;;-1;;;órgão-alvo(+2), gratificação técnica(-3);;GSISP de Nível Superior;https://oportunidades.sigepe.gov.br/oportunidades-portal/api/html/4383;21/08/2026;21/08/2026
4379;591.4/2025;2025;Ministério do Desenvolvimento Agrário e Agricultura Familiar;encerrado;Inscrições Encerradas;;-5;;;órgão-alvo(+2), gratificação técnica(-3), nível médio/intermediário(-4);nível médio/intermediário;2 vagas de GSISTE - NÍVEL INTERMEDIÁRIO;https://oportunidades.sigepe.gov.br/oportunidades-portal/api/html/4379;21/08/2026;21/08/2026
4366;590.2/2025;2025;Ministério do Desenvolvimento Agrário e Agricultura Familiar;encerrado;Inscrições Encerradas;;-1;;;órgão-alvo(+2), gratificação técnica(-3);;2 vagas de GSISTEs - Nível Superior;https://oportunidades.sigepe.gov.br/oportunidades-portal/api/html/4366;21/08/2026;21/08/2026
4359;586/2025;2025;Ministério da Agricultura e Pecuária;encerrado;Inscrições Encerradas;;-7;;;gratificação técnica(-3), nível médio/intermediário(-4);nível médio/intermediário;GSISTE NI - Coordenação de Atividades Auxiliares - COATA/CGLI;https://oportunidades.sigepe.gov.br/oportunidades-portal/api/html/4359;21/08/2026;21/08/2026
4355;587.1/2025;2025;Ministério do Desenvolvimento Agrário e Agricultura Familiar;encerrado;Inscrições Encerradas;;-1;chefia baixa;;chefia baixa(-3), órgão-alvo(+2);;Chefe de Divisão de Documentação - DIDOC;https://oportunidades.sigepe.gov.br/oportunidades-portal/api/html/4355;21/08/2026;21/08/2026
4350;580.1/2025;2025;Departamento Nacional de Infraestrutura de Transportes;encerrado;Inscrições Encerradas;;1;;;infraestrutura(+1);;Servidores para atuar no Serviço Especializado de Orientação de Normas de Pessoal/COLEG/CGGP;https://oportunidades.sigepe.gov.br/oportunidades-portal/api/html/4350;21/08/2026;21/08/2026
4349;597/2025;2025;Ministério da Saúde;encerrado;Inscrições Encerradas;;3;;Brasília;Brasília(+1), órgão-alvo(+2);;Vaga para servidor com FCE 4.07;https://oportunidades.sigepe.gov.br/oportunidades-portal/api/html/4349;21/08/2026;21/08/2026
4348;576/2025;2025;Fundação Cultural Palmares;encerrado;Inscrições Encerradas;;-3;;;gratificação técnica(-3);;Gratificação Temporária das Unidades dos Sistemas Estruturadores da Administração Pública Federal (G;https://oportunidades.sigepe.gov.br/oportunidades-portal/api/html/4348;21/08/2026;21/08/2026
4337;575.2/2025;2025;Universidade Federal de Itajubá;encerrado;Inscrições Encerradas;;0;;;;;ASSISTENTE EM ADMINISTRAÇÃO OU ADMINISTRADOR | ASSISTENTE EM ADMINISTRAÇÃO OU ADMINISTRADOR | PROFISSIONAL COM FORMAÇÃO EM COMUNICAÇÃO SOCIAL | TÉCNICO OU ANALISTA DE TECNOLOGIA DA INFORMAÇÃO | QUÍMICO | PEDAGOGO | TÉCNICO OU ANALISTA DE TECNOLOGIA DA INFORMAÇÃO;https://oportunidades.sigepe.gov.br/oportunidades-portal/api/html/4337;21/08/2026;21/08/2026
4329;596/2025;2025;Ministério da Gestão e da Inovação em Serviços Públicos;encerrado;Inscrições Encerradas;;-5;;;órgão-alvo(+2), gratificação técnica(-3), nível médio/intermediário(-4);nível médio/intermediário;SGP-DECIPEX - 1 GSISTE NI;https://oportunidades.sigepe.gov.br/oportunidades-portal/api/html/4329;21/08/2026;21/08/2026
4328;568.3/2025;2025;Fundação Escola Nacional de Administração Pública;encerrado;Inscrições Encerradas;;-1;;;órgão-alvo(+2), gratificação técnica(-3);;GAEG Nível Superior para a Coordenação de Gestão Estratégica e Modernização;https://oportunidades.sigepe.gov.br/oportunidades-portal/api/html/4328;21/08/2026;21/08/2026
4325;567.4/2025;2025;Instituto Nacional de Tecnologia da Informação;encerrado;Inscrições Encerradas;;2;coordenador (1.10);;coordenador (1.10)(+1), infraestrutura(+1);;Auditor-Chefe - Código Cargo/Função: CCE 1.10;https://oportunidades.sigepe.gov.br/oportunidades-portal/api/html/4325;21/08/2026;21/08/2026
4322;565.2/2025;2025;Ministério da Agricultura e Pecuária;encerrado;Inscrições Encerradas;;-5;;Estado do Tocantins - SFA/TO;Estado do Tocantins - SFA/TO(-5);;Superintendência  Federal de Agricultura  e Pecuária no Estado do Tocantins - SFA/TO/MAPA;https://oportunidades.sigepe.gov.br/oportunidades-portal/api/html/4322;21/08/2026;21/08/2026
4321;564/2025;2025;Instituto do Patrimônio Histórico e Artístico Nacional;encerrado;Inscrições Encerradas;;-2;chefia baixa;Brasília;chefia baixa(-3), Brasília(+1);;FCE 2.01 Ouvidoria Iphan - SEDE - Brasília DF;https://oportunidades.sigepe.gov.br/oportunidades-portal/api/html/4321;21/08/2026;21/08/2026
4320;562.1/2025;2025;Instituto do Patrimônio Histórico e Artístico Nacional;encerrado;Inscrições Encerradas;;-2;;Brasília;Brasília(+1), gratificação técnica(-3);;GSISTE NS - Divisão de Cadastro de Pessoal/COGEP/IPHAN/BSB;https://oportunidades.sigepe.gov.br/oportunidades-portal/api/html/4320;21/08/2026;21/08/2026
4317;557.2/2025;2025;Ministério da Agricultura e Pecuária;encerrado;Inscrições Encerradas;;-7;;;gratificação técnica(-3), nível médio/intermediário(-4);nível médio/intermediário;Divisão de Serviços Gerais (SPOA/CGLI/CAPS/DISG)  - GSISTE - Nivel Médio;https://oportunidades.sigepe.gov.br/oportunidades-portal/api/html/4317;21/08/2026;21/08/2026
4313;556/2025;2025;Ministério da Gestão e da Inovação em Serviços Públicos;encerrado;Inscrições Encerradas;;-5;;;órgão-alvo(+2), gratificação técnica(-3), nível médio/intermediário(-4);nível médio/intermediário;GSISTE NS- dados e propostas de política de pessoal das empresas estatais federais | GSISTE NI - Dados e propostas de políticas de pessoal das empresas estatais federais | GSISTE NI - gestão e dados de políticas de políticas de pessoal das empresas estatais federais | GSISTE NS - gestão e dados de políticas de políticas de pessoal das empresas estatais federais;https://oportunidades.sigepe.gov.br/oportunidades-portal/api/html/4313;21/08/2026;21/08/2026
4312;554/2025;2025;Ministério da Gestão e da Inovação em Serviços Públicos;encerrado;Inscrições Encerradas;;-1;chefia baixa;;chefia baixa(-3), órgão-alvo(+2);;02 (duas) vaga para FCE 1.07 - Chefe de Divisão - CCE 1.07. DEPEC/SEST;https://oportunidades.sigepe.gov.br/oportunidades-portal/api/html/4312;21/08/2026;21/08/2026
4308;588.1/2025;2025;Agência Nacional de Transportes Aquaviários;encerrado;Inscrições Encerradas;;0;;;;;Apoio técnico e administrativo;https://oportunidades.sigepe.gov.br/oportunidades-portal/api/html/4308;21/08/2026;21/08/2026
4306;545/2025;2025;Ministério da Defesa;encerrado;Inscrições Encerradas;;-7;;;gratificação técnica(-3), nível médio/intermediário(-4);nível médio/intermediário;GSISTE - NI do Sistema de Controle Interno;https://oportunidades.sigepe.gov.br/oportunidades-portal/api/html/4306;21/08/2026;21/08/2026
4305;550/2025;2025;Ministério da Gestão e da Inovação em Serviços Públicos;encerrado;Inscrições Encerradas;;-2;;;órgão-alvo(+2), nível médio/intermediário(-4);nível médio/intermediário;Seção de Recursos Logísticos - SERL | Seção de Orçamento e Finanças - SEOF | Serviço de Administração e Logística - SEAL | Engenharia e Manutenção Predial;https://oportunidades.sigepe.gov.br/oportunidades-portal/api/html/4305;21/08/2026;21/08/2026
4304;559.1/2025;2025;Ministério do Meio Ambiente e Mudança do Clima;encerrado;Inscrições Encerradas;;3;coordenador (1.10);;coordenador (1.10)(+1), órgão-alvo(+2);;FCE 1.10 | FCE 1.07;https://oportunidades.sigepe.gov.br/oportunidades-portal/api/html/4304;21/08/2026;21/08/2026
4289;558.2/2025;2025;Ministério da Gestão e da Inovação em Serviços Públicos;encerrado;Inscrições Encerradas;;-1;;;órgão-alvo(+2), gratificação técnica(-3);;Processo seletivo, nível superior, com possibilidade percepção de GSISTE e adesão ao PGD.;https://oportunidades.sigepe.gov.br/oportunidades-portal/api/html/4289;21/08/2026;21/08/2026
4287;544.4/2025;2025;Ministério da Gestão e da Inovação em Serviços Públicos;encerrado;Inscrições Encerradas;;2;coordenador (1.10);Brasília;coordenador (1.10)(+1), Brasília(+1), infraestrutura(+1), órgão-alvo(+2), gratificação técnica(-3);;GSISTE NS para trabalhar com Ecossistemas de Dados na Infraestrutura Nacional de Dados (IND) | FCE 1.10 (Coordenador) para trabalhar com Ecossistemas de Dados na Infraestrutura Nacional de Dados;https://oportunidades.sigepe.gov.br/oportunidades-portal/api/html/4287;21/08/2026;21/08/2026
4283;537/2025;2025;Instituto do Patrimônio Histórico e Artístico Nacional;encerrado;Inscrições Encerradas;;-2;;Brasília;Brasília(+1), gratificação técnica(-3);;1 GSISTE Nível Superior - CGLOG/DPA - Iphan Sede - Brasília;https://oportunidades.sigepe.gov.br/oportunidades-portal/api/html/4283;21/08/2026;21/08/2026
4279;535.2/2025;2025;Instituto Nacional da Propriedade Industrial;encerrado;Inscrições Encerradas;;-3;;;gratificação técnica(-3);;GSISP para 1 (uma) vaga na área de Gestão de Dados e Informações (nível superior);https://oportunidades.sigepe.gov.br/oportunidades-portal/api/html/4279;21/08/2026;21/08/2026
4276;534.1/2025;2025;Instituto Brasileiro de Museus;encerrado;Inscrições Encerradas;;-4;;;nível médio/intermediário(-4);nível médio/intermediário;OPORTUNIDADE 6 - Nível Superior - Setor Técnico (Pesquisa) | OPORTUNIDADE 3 : Nível Superior: Setor de Comunicação | OPORTUNIDADE 5 - Nível Superior: Setor Técnico (Educativo) | OPORTUNIDADE 1 - Nível Superior : Setor Administrativo | OPORTUNIDADE 2 - Nível Médio: Setor Administrativo | OPORTUNIDADE 7 - Setor Técnico (Acervo) | OPORTUNIDADE 8: Setor Técnico (Arquitetura) | OPORTUNIDADE 4 - Nível S;https://oportunidades.sigepe.gov.br/oportunidades-portal/api/html/4276;21/08/2026;21/08/2026
4275;548.5/2025;2025;Ministério da Gestão e da Inovação em Serviços Públicos;encerrado;Inscrições Encerradas;;-5;;;órgão-alvo(+2), gratificação técnica(-3), nível médio/intermediário(-4);nível médio/intermediário;GSISP-NI para atuar na DEGTI da Secretaria de Governo Digital/MGI | GSISP-NS para atuar na DEGTI da Secretaria de Governo Digital/MGI;https://oportunidades.sigepe.gov.br/oportunidades-portal/api/html/4275;21/08/2026;21/08/2026
4273;531/2025;2025;Conselho Administrativo de Defesa Econômica;encerrado;Inscrições Encerradas;;2;;;órgão-alvo(+2);;Superintendência-Adjunta 1 (SGA1) | Superintendência-Adjunta 2 (SGA2);https://oportunidades.sigepe.gov.br/oportunidades-portal/api/html/4273;21/08/2026;21/08/2026
4272;529.2/2025;2025;Fundação Nacional de Artes;encerrado;Inscrições Encerradas;;-3;;;gratificação técnica(-3);;Analista - Divisão de Cadastro e Pagamento;https://oportunidades.sigepe.gov.br/oportunidades-portal/api/html/4272;21/08/2026;21/08/2026
4267;521.2/2025;2025;Fundação Escola Nacional de Administração Pública;encerrado;Inscrições Encerradas;;-1;;;órgão-alvo(+2), gratificação técnica(-3);;GAEG DE NÍVEL SUPERIOR - Coordenação-Geral de Gestão das Diretrizes de Aprendizagem e Ensino;https://oportunidades.sigepe.gov.br/oportunidades-portal/api/html/4267;21/08/2026;21/08/2026
4264;530.2/2025;2025;Fundação Escola Nacional de Administração Pública;encerrado;Inscrições Encerradas;;2;;;órgão-alvo(+2);;FUNÇÃO COMISSIONADA EXECUTIVA - Coordenação de Licitação, Compras e Contratos;https://oportunidades.sigepe.gov.br/oportunidades-portal/api/html/4264;21/08/2026;21/08/2026
4263;524.2/2025;2025;Fundação Escola Nacional de Administração Pública;encerrado;Inscrições Encerradas;;-1;;;órgão-alvo(+2), gratificação técnica(-3);;GAEG NÍVEL SUPERIOR - Coordenação de Licitação, Compras e Contratos;https://oportunidades.sigepe.gov.br/oportunidades-portal/api/html/4263;21/08/2026;21/08/2026
4262;527/2025;2025;Ministério da Fazenda;encerrado;Inscrições Encerradas;;0;coordenador (1.10);;coordenador (1.10)(+1), órgão-alvo(+2), gratificação técnica(-3);;Coordenador de Relacionamento com a Imprensa e Estratégia;https://oportunidades.sigepe.gov.br/oportunidades-portal/api/html/4262;21/08/2026;21/08/2026
4260;526.1/2025;2025;Ministério do Meio Ambiente e Mudança do Clima;encerrado;Inscrições Encerradas;;-1;;;órgão-alvo(+2), gratificação técnica(-3);;GSISTE NÍVEL SUPERIOR;https://oportunidades.sigepe.gov.br/oportunidades-portal/api/html/4260;21/08/2026;21/08/2026
4257;513.1/2025;2025;Ministério da Defesa;encerrado;Inscrições Encerradas;;-2;coordenador (1.10);;coordenador (1.10)(+1), gratificação técnica(-3);;GSISTE - NS do Sistema de Contabilidade Federal (SCF)  e FCE 1.10 (Coordenador);https://oportunidades.sigepe.gov.br/oportunidades-portal/api/html/4257;21/08/2026;21/08/2026
4255;532.1/2025;2025;Ministério da Fazenda;encerrado;Inscrições Encerradas;;-4;chefia baixa;;chefia baixa(-3), órgão-alvo(+2), gratificação técnica(-3);;Chefe da Divisão de Contratações - FCE 1.07 + GSISTE NS | GSISTE NS | Chefe do Serviço de Manutenção - FCE 1.05;https://oportunidades.sigepe.gov.br/oportunidades-portal/api/html/4255;21/08/2026;21/08/2026
4254;522.2/2025;2025;Ministério da Justiça e Segurança Pública;encerrado;Inscrições Encerradas;;4;coordenador (1.10);Brasília;coordenador (1.10)(+1), Brasília(+1), órgão-alvo(+2);;ASSESSOR TÉCNICO ESPECIALIZADO (FCE 4.03) NA COORDENAÇÃO DE PROCESSOS MIGRATÓRIOS;https://oportunidades.sigepe.gov.br/oportunidades-portal/api/html/4254;21/08/2026;21/08/2026
4253;523.2/2025;2025;Ministério da Justiça e Segurança Pública;encerrado;Inscrições Encerradas;;3;;Brasília;Brasília(+1), órgão-alvo(+2);;DUAS VAGAS NA ÁREA DE POLÍTICA MIGRATÓRIA;https://oportunidades.sigepe.gov.br/oportunidades-portal/api/html/4253;21/08/2026;21/08/2026
4249;563/2025;2025;Ministério da Saúde;encerrado;Inscrições Encerradas;;2;;;órgão-alvo(+2);;Vaga para atuar na Rede Nacional de Serviços de Verificação de Óbitos (RNSVO) | Vaga para atuar na Vigilância do Óbito;https://oportunidades.sigepe.gov.br/oportunidades-portal/api/html/4249;21/08/2026;21/08/2026
4247;510/2025;2025;Ministério do Trabalho e Emprego;encerrado;Inscrições Encerradas;;-1;chefia baixa;;chefia baixa(-3), órgão-alvo(+2);;. Chefe de Divisão de Pagamento | Chefe de Serviço de Atualização da Folha;https://oportunidades.sigepe.gov.br/oportunidades-portal/api/html/4247;21/08/2026;21/08/2026
4240;561.1/2025;2025;Ministério dos Povos Indígenas;encerrado;Inscrições Encerradas;;6;coordenador (1.10);;coordenador (1.10)(+1), habitação(+2), monitoramento e avaliação(+2), infraestrutura(+1);;Coordenador de Implementação e Monitoramento FCE 1.10;https://oportunidades.sigepe.gov.br/oportunidades-portal/api/html/4240;21/08/2026;21/08/2026
4237;505.1/2025;2025;Ministério da Justiça e Segurança Pública;encerrado;Inscrições Encerradas;;3;;Brasília;Brasília(+1), órgão-alvo(+2);;COMPOSIÇÃO DE FORÇA DE TRABALHO PARA ATUAÇÃO NA ÁREA DE ENFRENTAMENTO AO TRÁFICO DE PESSOAS;https://oportunidades.sigepe.gov.br/oportunidades-portal/api/html/4237;21/08/2026;21/08/2026
4236;504.1/2025;2025;Ministério da Justiça e Segurança Pública;encerrado;Inscrições Encerradas;;4;coordenador (1.10);Brasília;coordenador (1.10)(+1), Brasília(+1), órgão-alvo(+2);;ASSESSOR(A) NA ÁREA DE ENFRENTAMENTO AO TRÁFICO DE PESSOAS (FCE 4.03);https://oportunidades.sigepe.gov.br/oportunidades-portal/api/html/4236;21/08/2026;21/08/2026
4234;503.1/2025;2025;Ministério da Justiça e Segurança Pública;encerrado;Inscrições Encerradas;;3;coordenador (1.10);;coordenador (1.10)(+1), órgão-alvo(+2);;COORDENADOR(A) NA ÁREA DE ENFRENTAMENTO AO TRÁFICO DE PESSOAS (FCE 1.10);https://oportunidades.sigepe.gov.br/oportunidades-portal/api/html/4234;21/08/2026;21/08/2026
4233;506.1/2025;2025;Ministério da Justiça e Segurança Pública;encerrado;Inscrições Encerradas;;3;;Brasília;Brasília(+1), órgão-alvo(+2);;TRÊS VAGAS COM PGD PRESENCIAL NA ÁREA DE COOPERAÇÃO JURÍDICA INTERNACIONAL EM MATÉRIA PENAL;https://oportunidades.sigepe.gov.br/oportunidades-portal/api/html/4233;21/08/2026;21/08/2026
4230;507/2025;2025;Ministério dos Transportes;encerrado;Inscrições Encerradas;;-1;chefia baixa;;chefia baixa(-3), órgão-alvo(+2);;Função Comissionada Executiva - 	FCE 1.05;https://oportunidades.sigepe.gov.br/oportunidades-portal/api/html/4230;21/08/2026;21/08/2026
4229;515.1/2025;2025;Ministério da Justiça e Segurança Pública;encerrado;Inscrições Encerradas;;2;;;órgão-alvo(+2);;Apoio Técnico e Administrativo/CRI/CGRII/ANPD;https://oportunidades.sigepe.gov.br/oportunidades-portal/api/html/4229;21/08/2026;21/08/2026
4228;499/2025;2025;Fundação Cultural Palmares;encerrado;Inscrições Encerradas;;-3;;;gratificação técnica(-3);;Gratificação Temporária do Sistema de Administração dos Recursos de Informação e Informática - GSISP;https://oportunidades.sigepe.gov.br/oportunidades-portal/api/html/4228;21/08/2026;21/08/2026
4227;498/2025;2025;Fundação Cultural Palmares;encerrado;Inscrições Encerradas;;-3;;;gratificação técnica(-3);;Gratificação Temporária do Sistema de Administração dos Recursos de Informação e Informática - GSIS;https://oportunidades.sigepe.gov.br/oportunidades-portal/api/html/4227;21/08/2026;21/08/2026
4223;512/2025;2025;Ministério do Desenvolvimento, Indústria, Comércio e Serviços;encerrado;Inscrições Encerradas;;-1;;;órgão-alvo(+2), gratificação técnica(-3);;GSISTE NÍVEL SUPERIOR - SISTEMA DE PESSOAL CIVIL DA ADMINISTRAÇÃO FEDERAL (SIPEC) | GSISTE NÍVEL SUPERIOR ¿ SISTEMA DE GESTÃO DE DOCUMENTOS E ARQUIVOS (SIGA) | GSISTE NÍVEL SUPERIOR - SISTEMA DE SERVIÇOS GERAIS (SISG);https://oportunidades.sigepe.gov.br/oportunidades-portal/api/html/4223;21/08/2026;21/08/2026
4221;578.2/2025;2025;Departamento Nacional de Infraestrutura de Transportes;encerrado;Inscrições Encerradas;;-4;;Finanças - SRE/SP;Finanças - SRE/SP(-5), infraestrutura(+1);;Servidores para atuar na Coordenação de Administração e Finanças - SRE/SP;https://oportunidades.sigepe.gov.br/oportunidades-portal/api/html/4221;21/08/2026;21/08/2026
4220;579.2/2025;2025;Departamento Nacional de Infraestrutura de Transportes;encerrado;Inscrições Encerradas;;-2;chefia baixa;;chefia baixa(-3), infraestrutura(+1);;Chefe de Serviço/Diretoria de Infraestrutura Ferroviária - FCE 1.02;https://oportunidades.sigepe.gov.br/oportunidades-portal/api/html/4220;21/08/2026;21/08/2026
4219;494.1/2025;2025;Ministério da Gestão e da Inovação em Serviços Públicos;encerrado;Inscrições Encerradas;;-1;;;órgão-alvo(+2), gratificação técnica(-3);;GSISP Nível Superior para atuar com Privacidade e Segurança da Informação na SGD/MGI;https://oportunidades.sigepe.gov.br/oportunidades-portal/api/html/4219;21/08/2026;21/08/2026
4217;493.1/2025;2025;Fundação Escola Nacional de Administração Pública;encerrado;Inscrições Encerradas;;-1;;;órgão-alvo(+2), gratificação técnica(-3);;GAEG NÍVEL SUPERIOR - JORNALISTA;https://oportunidades.sigepe.gov.br/oportunidades-portal/api/html/4217;21/08/2026;21/08/2026
4215;490.2/2025;2025;Ministério da Gestão e da Inovação em Serviços Públicos;encerrado;Inscrições Encerradas;;-1;;;órgão-alvo(+2), gratificação técnica(-3);;GSISP de nível superior;https://oportunidades.sigepe.gov.br/oportunidades-portal/api/html/4215;21/08/2026;21/08/2026
4214;501.2/2025;2025;Comissão de Valores Mobiliários;encerrado;Inscrições Encerradas;;2;;;modelagem(+3), urbano(+2), gratificação técnica(-3);;GSISP - Nível Superior;https://oportunidades.sigepe.gov.br/oportunidades-portal/api/html/4214;21/08/2026;21/08/2026
4213;489.1/2025;2025;Fundação Escola Nacional de Administração Pública;encerrado;Inscrições Encerradas;;-1;;;órgão-alvo(+2), gratificação técnica(-3);;GAEG DE NÍVEL SUPERIOR;https://oportunidades.sigepe.gov.br/oportunidades-portal/api/html/4213;21/08/2026;21/08/2026
4203;520.1/2025;2025;Ministério do Desenvolvimento, Indústria, Comércio e Serviços;encerrado;Inscrições Encerradas;;-1;;;órgão-alvo(+2), gratificação técnica(-3);;GSISP NS - Gestão de Dados e Informações | GSISP NS - Transformação Digital | GSISP NS - Privacidade e Segurança da Informação;https://oportunidades.sigepe.gov.br/oportunidades-portal/api/html/4203;21/08/2026;21/08/2026
4200;485.1/2025;2025;Ministério dos Transportes;encerrado;Inscrições Encerradas;;-1;;;órgão-alvo(+2), gratificação técnica(-3);;GSISTE NS;https://oportunidades.sigepe.gov.br/oportunidades-portal/api/html/4200;21/08/2026;21/08/2026
4199;502.1/2025;2025;Comissão de Valores Mobiliários;encerrado;Inscrições Encerradas;;-3;;;gratificação técnica(-3);;GRATIFICAÇÃO TEMPORÁRIA GSISTE - NÍVEL SUPERIOR;https://oportunidades.sigepe.gov.br/oportunidades-portal/api/html/4199;21/08/2026;21/08/2026
4189;538.1/2025;2025;Fundação Casa de Rui Barbosa;encerrado;Inscrições Encerradas;;-3;;;gratificação técnica(-3);;GSISP - Privacidade e Segurança da Informação;https://oportunidades.sigepe.gov.br/oportunidades-portal/api/html/4189;21/08/2026;21/08/2026
4188;496.1/2025;2025;Instituto Nacional do Seguro Social;encerrado;Inscrições Encerradas;;-3;;;modelagem(+3), infraestrutura(+1), gratificação técnica(-3), nível médio/intermediário(-4);nível médio/intermediário;Vagas para GSISP na Diretoria de Tecnologia da Informação - DTI - no INSS;https://oportunidades.sigepe.gov.br/oportunidades-portal/api/html/4188;21/08/2026;21/08/2026
4183;476.3/2025;2025;Departamento Nacional de Infraestrutura de Transportes;encerrado;Inscrições Encerradas;;-4;;Engenharia Civil - SRE/AL;Engenharia Civil - SRE/AL(-5), infraestrutura(+1);;Analista em Infraestrutura de Transportes - Engenharia Civil - SRE/AL;https://oportunidades.sigepe.gov.br/oportunidades-portal/api/html/4183;21/08/2026;21/08/2026
4182;539.1/2025;2025;Fundação Casa de Rui Barbosa;encerrado;Inscrições Encerradas;;-3;;;gratificação técnica(-3);;GSISP - Transformação Digital;https://oportunidades.sigepe.gov.br/oportunidades-portal/api/html/4182;21/08/2026;21/08/2026
4181;491.1/2025;2025;Ministério da Justiça e Segurança Pública;encerrado;Inscrições Encerradas;;3;;Brasília;Brasília(+1), órgão-alvo(+2);;Apoio Técnico e Administrativo/CAI/CGRII/ANPD;https://oportunidades.sigepe.gov.br/oportunidades-portal/api/html/4181;21/08/2026;21/08/2026
4180;484.1/2025;2025;Ministério da Saúde;encerrado;Inscrições Encerradas;;2;;;órgão-alvo(+2);;SISP - Privacidade e Segurança da Informação - NS;https://oportunidades.sigepe.gov.br/oportunidades-portal/api/html/4180;21/08/2026;21/08/2026
4179;480.1/2025;2025;Conselho de Controle de Atividades Financeiras;encerrado;Inscrições Encerradas;;-2;chefia baixa;;chefia baixa(-3), infraestrutura(+1);;FCE 1.07 - Chefe da Divisão de Infraestrutura de Tecnologia e Segurança da Informação | CCE 1.06 - Chefe do Serviço de Inovação e Desenvolvimento de Soluções;https://oportunidades.sigepe.gov.br/oportunidades-portal/api/html/4179;21/08/2026;21/08/2026
4173;638.1/2025;2025;Ministério da Fazenda;encerrado;Inscrições Encerradas;;2;;;órgão-alvo(+2);;Analista de Energia e Mineração da CGEMI;https://oportunidades.sigepe.gov.br/oportunidades-portal/api/html/4173;21/08/2026;21/08/2026
4170;470/2025;2025;Instituto do Patrimônio Histórico e Artístico Nacional;encerrado;Inscrições Encerradas;;-3;chefia baixa;;chefia baixa(-3);;FCE 2.01 - Sup. Iphan Rio Grande do Norte / RN - Área Técnica;https://oportunidades.sigepe.gov.br/oportunidades-portal/api/html/4170;21/08/2026;21/08/2026
4163;467.1/2025;2025;Ministério da Pesca e Aquicultura;encerrado;Inscrições Encerradas;;0;;;;;Composição de força de trabalho - PGD ou DISPENSA DE REGISTRO DE PONTO;https://oportunidades.sigepe.gov.br/oportunidades-portal/api/html/4163;21/08/2026;21/08/2026
4154;462.1/2025;2025;Agência Nacional de Aviação Civil;encerrado;Inscrições Encerradas;;0;;;;;Gestão e Fiscalização de Contratos;https://oportunidades.sigepe.gov.br/oportunidades-portal/api/html/4154;21/08/2026;21/08/2026
4151;454.1/2025;2025;Ministério da Gestão e da Inovação em Serviços Públicos;encerrado;Inscrições Encerradas;;-5;;Serviços Públicos em Salvador/BA;Serviços Públicos em Salvador/BA(-5), urbano(+2), órgão-alvo(+2), nível médio/intermediário(-4);nível médio/intermediário;2 (duas) vagas para atuação no Serviço de Apoio à Administração Descentralizada - SEAD | 5 (cinco) vagas para atuação na Divisão de Administração e Logística - DIAL(licitações e contratos) | 3 (três) vagas para atuação na Seção de Gestão Documental e de Transporte - SGDOT | 1 (uma) vaga para atuação no Gabinete da Superintendência Regional de Administração na Bahia | 4 (quatro) vagas para atuação ;https://oportunidades.sigepe.gov.br/oportunidades-portal/api/html/4151;21/08/2026;21/08/2026
4142;477.2/2025;2025;Departamento Nacional de Infraestrutura de Transportes;encerrado;Inscrições Encerradas;;-4;;UL de Presidente Dutra- SRE/MA;UL de Presidente Dutra- SRE/MA(-5), infraestrutura(+1);;Analista em Infraestrutura de Transportes - UL de Presidente Dutra- SRE/MA | Técnico de Suporte em Infraestrutura de Transportes - UL de Presidente Dutra- SRE/MA;https://oportunidades.sigepe.gov.br/oportunidades-portal/api/html/4142;21/08/2026;21/08/2026
4128;446/2025;2025;Ministério da Gestão e da Inovação em Serviços Públicos;encerrado;Inscrições Encerradas;;-5;;;órgão-alvo(+2), gratificação técnica(-3), nível médio/intermediário(-4);nível médio/intermediário;GSISTE -  Nível Intermediário, na área de Inovação e Estudos. | GSISTE - Níveis Superior na área de Inovação e Estudos.;https://oportunidades.sigepe.gov.br/oportunidades-portal/api/html/4128;21/08/2026;21/08/2026
4126;447.1/2025;2025;Superintendência do Desenvolvimento da Amazônia;encerrado;Inscrições Encerradas;;-6;;;infraestrutura(+1), gratificação técnica(-3), nível médio/intermediário(-4);nível médio/intermediário;GSISP - Nível Intermediário - Infraestrutura e Plataformas Digitais | GSISP - Nível Superior - Privacidade e Segurança da Informação;https://oportunidades.sigepe.gov.br/oportunidades-portal/api/html/4126;21/08/2026;21/08/2026
4121;451/2025;2025;Ministério da Saúde;encerrado;Inscrições Encerradas;;5;coordenador (1.10);;coordenador (1.10)(+1), prospecção(+2), órgão-alvo(+2);;FCE 1.07 - Chefe de Divisão de Prospecção e Projetos de Inovação em Informática em Saúde - DIPIIS | FCE 1.11 - Coordenador de Padrões de Informática em Saúde - COPIS | FCE 4.03 - Assessor Técnico Especializado | FCE 1.11 - Coordenador de Gestão de Políticas e Inovação em Informática em Saúde - COGIIS;https://oportunidades.sigepe.gov.br/oportunidades-portal/api/html/4121;21/08/2026;21/08/2026
4120;438.2/2025;2025;Ministério do Planejamento e Orçamento;encerrado;Inscrições Encerradas;;-1;;;órgão-alvo(+2), gratificação técnica(-3);;GSISTE - Conformidade;https://oportunidades.sigepe.gov.br/oportunidades-portal/api/html/4120;21/08/2026;21/08/2026
4119;443/2025;2025;Ministério da Gestão e da Inovação em Serviços Públicos;encerrado;Inscrições Encerradas;;-1;;;órgão-alvo(+2), gratificação técnica(-3);;GSISTE Nível Superior - MGI/SGP - Coordenação de Gestão Administrativa;https://oportunidades.sigepe.gov.br/oportunidades-portal/api/html/4119;21/08/2026;21/08/2026
4118;440.2/2025;2025;Ministério dos Transportes;encerrado;Inscrições Encerradas;;-1;;;órgão-alvo(+2), gratificação técnica(-3);;GSISP NS;https://oportunidades.sigepe.gov.br/oportunidades-portal/api/html/4118;21/08/2026;21/08/2026
4116;442.2/2025;2025;Ministério da Gestão e da Inovação em Serviços Públicos;encerrado;Inscrições Encerradas;;-4;;Brasília;Brasília(+1), órgão-alvo(+2), gratificação técnica(-3), nível médio/intermediário(-4);nível médio/intermediário;GSISTE Nível Intermediário Aplicação da Legislação em Gestão de Pessoas;https://oportunidades.sigepe.gov.br/oportunidades-portal/api/html/4116;21/08/2026;21/08/2026
4111;439.1/2025;2025;Conselho Administrativo de Defesa Econômica;encerrado;Inscrições Encerradas;;-5;chefia baixa;;chefia baixa(-3), órgão-alvo(+2), nível médio/intermediário(-4);nível médio/intermediário;Serviço de Informação e Documentação - SIDOC (Cargo de nível Superior) | Serviço de Informação e Documentação - SIDOC (Cargo de Nível Médio) | Serviço de Informação e Documentação - SIDOC (Cargo de nível Superior - Arquivista) | Protocolo - PROT | Diap - Divisão de Acompanhamento Prcessual - FCE 1.07;https://oportunidades.sigepe.gov.br/oportunidades-portal/api/html/4111;21/08/2026;21/08/2026
4106;436/2025;2025;Ministério da Defesa;encerrado;Inscrições Encerradas;;-3;chefia baixa;;chefia baixa(-3);;Cargo Comissionado Executivo, código CCE 2.05 | Cargo Comissionado Executivo, código CCE 2.07;https://oportunidades.sigepe.gov.br/oportunidades-portal/api/html/4106;21/08/2026;21/08/2026
4105;444.4/2025;2025;Ministério da Gestão e da Inovação em Serviços Públicos;encerrado;Inscrições Encerradas;;-1;;;órgão-alvo(+2), gratificação técnica(-3);;Duas GSISTE-NS para atuar com transformação digital na SGD/MGI;https://oportunidades.sigepe.gov.br/oportunidades-portal/api/html/4105;21/08/2026;21/08/2026
4103;432.2/2025;2025;Ministério do Turismo;encerrado;Inscrições Encerradas;;-4;;Brasília;Brasília(+1), órgão-alvo(+2), gratificação técnica(-3), nível médio/intermediário(-4);nível médio/intermediário;GSISTE SISG NI - PROFISSIONAL DE NÍVEL MÉDIO - ocupante de cargo efetivo de nível de nível médio;https://oportunidades.sigepe.gov.br/oportunidades-portal/api/html/4103;21/08/2026;21/08/2026
4102;457.3/2025;2025;Ministério da Justiça e Segurança Pública;encerrado;Inscrições Encerradas;;3;;Brasília;Brasília(+1), órgão-alvo(+2);;Apoio a Contratação ANPD/CGTI;https://oportunidades.sigepe.gov.br/oportunidades-portal/api/html/4102;21/08/2026;21/08/2026
4095;430/2025;2025;Conselho Administrativo de Defesa Econômica;encerrado;Inscrições Encerradas;;-5;;;órgão-alvo(+2), gratificação técnica(-3), nível médio/intermediário(-4);nível médio/intermediário;Contratações de TI - GSISP de Nível Intermediário;https://oportunidades.sigepe.gov.br/oportunidades-portal/api/html/4095;21/08/2026;21/08/2026
4092;427/2025;2025;Ministério da Agricultura e Pecuária;encerrado;Inscrições Encerradas;;-5;;Estado do Tocantins - SFA/TO;Estado do Tocantins - SFA/TO(-5);;Superintendência  Federal de Agricultura  e Pecuária no Estado do Tocantins - SFA/TO/MAPA;https://oportunidades.sigepe.gov.br/oportunidades-portal/api/html/4092;21/08/2026;21/08/2026
4089;426.1/2025;2025;Ministério da Gestão e da Inovação em Serviços Públicos;encerrado;Inscrições Encerradas;;-5;;;órgão-alvo(+2), gratificação técnica(-3), nível médio/intermediário(-4);nível médio/intermediário;GSISP Nível Intermediário - Área de Contratações de TI.;https://oportunidades.sigepe.gov.br/oportunidades-portal/api/html/4089;21/08/2026;21/08/2026
4086;424.1/2025;2025;Departamento Nacional de Infraestrutura de Transportes;encerrado;Inscrições Encerradas;;-4;;Elétrica - CAF - SRE/MG;Elétrica - CAF - SRE/MG(-5), infraestrutura(+1);;Engenharia Elétrica - CAF - SRE/MG | Arquitetura ou Arquitetura e Urbanismo - CAF - SRE/MG | Engenharia Civil - CAF - SRE/MG;https://oportunidades.sigepe.gov.br/oportunidades-portal/api/html/4086;21/08/2026;21/08/2026
4083;422.2/2025;2025;Defensoria Pública da União;encerrado;Inscrições Encerradas;;0;;;;;Gabinete do Subdefensor Público-Geral Federal;https://oportunidades.sigepe.gov.br/oportunidades-portal/api/html/4083;21/08/2026;21/08/2026
4082;421.1/2025;2025;Departamento Nacional de Infraestrutura de Transportes;encerrado;Inscrições Encerradas;;-4;;Gestão de Pessoas - CAF-SRE/PB;Gestão de Pessoas - CAF-SRE/PB(-5), infraestrutura(+1);;Serviço de Gestão de Pessoas - CAF-SRE/PB;https://oportunidades.sigepe.gov.br/oportunidades-portal/api/html/4082;21/08/2026;21/08/2026
4079;420.2/2025;2025;Departamento Nacional de Infraestrutura de Transportes;encerrado;Inscrições Encerradas;;-4;;Civil - UL de Patos- SRE/PB;Civil - UL de Patos- SRE/PB(-5), infraestrutura(+1);;Engenheiro Civil - UL de Patos- SRE/PB;https://oportunidades.sigepe.gov.br/oportunidades-portal/api/html/4079;21/08/2026;21/08/2026
4078;429.2/2025;2025;Defensoria Pública da União;encerrado;Inscrições Encerradas;;0;;;;;Implementação de projetos especiais e de caráter prioritário;https://oportunidades.sigepe.gov.br/oportunidades-portal/api/html/4078;21/08/2026;21/08/2026
4068;412.1/2025;2025;Ministério do Turismo;encerrado;Inscrições Encerradas;;-4;;Brasília;Brasília(+1), órgão-alvo(+2), gratificação técnica(-3), nível médio/intermediário(-4);nível médio/intermediário;GSISTE SIPEC NI - PROFISSIONAL DE NÍVEL MÉDIO - ocupante de cargo efetivo de nível de nível médio;https://oportunidades.sigepe.gov.br/oportunidades-portal/api/html/4068;21/08/2026;21/08/2026
4067;449.2/2025;2025;Instituto Brasileiro de Museus;encerrado;Inscrições Encerradas;;0;;;;;NÍVEL SUPERIOR  - Área Educativa | NÍVEL SUPERIOR - Área de Museologia | NÍVEL SUPERIOR - Área de Comunicação | NÍVEL SUPERIOR OU MÉDIO - Área de Produção Cultural | NÍVEL SUPERIOR - Área de Arquivologia | NÍVEL SUPERIOR ou MÉDIO - Área Administrativa;https://oportunidades.sigepe.gov.br/oportunidades-portal/api/html/4067;21/08/2026;21/08/2026
4066;411.1/2025;2025;Defensoria Pública da União;encerrado;Inscrições Encerradas;;0;;;;;Secretaria de Atuação no Sistema Prisional da Defensoria Pública da União - Projeto JURIDPU | Secretaria de Atuação no Sistema Prisional da Defensoria Pública da União - Projeto JURIDPU;https://oportunidades.sigepe.gov.br/oportunidades-portal/api/html/4066;21/08/2026;21/08/2026
4063;404.1/2025;2025;Ministério da Agricultura e Pecuária;encerrado;Inscrições Encerradas;;-3;chefia baixa;;chefia baixa(-3);;Função Comissionada de Chefia de Servicos (FCE 1.05) - (CGSUS/STI) - Servidores efetivos;https://oportunidades.sigepe.gov.br/oportunidades-portal/api/html/4063;21/08/2026;21/08/2026
4062;403/2025;2025;Ministério da Agricultura e Pecuária;encerrado;Inscrições Encerradas;;-3;chefia baixa;;chefia baixa(-3);;Função Comissionada de Chefia de Divisão (FCE 1.07) - (CGINFRA/STI) - Servidores efetivos;https://oportunidades.sigepe.gov.br/oportunidades-portal/api/html/4062;21/08/2026;21/08/2026
4059;400.1/2025;2025;Ministério da Agricultura e Pecuária;encerrado;Inscrições Encerradas;;1;coordenador (1.10);;coordenador (1.10)(+1);;Função Comissionada (FCE 1.10) - (CGOP) - Servidores efetivos;https://oportunidades.sigepe.gov.br/oportunidades-portal/api/html/4059;21/08/2026;21/08/2026
4056;396.1/2025;2025;Ministério da Agricultura e Pecuária;encerrado;Inscrições Encerradas;;-3;;;gratificação técnica(-3);;Gratificação Temporária do Sistema de Adm. dos Recursos de Tec. da Informação (GSISP), Nível Sup;https://oportunidades.sigepe.gov.br/oportunidades-portal/api/html/4056;21/08/2026;21/08/2026
4054;408.4/2025;2025;Ministério da Gestão e da Inovação em Serviços Públicos;encerrado;Inscrições Encerradas;;-4;;Brasília;Brasília(+1), órgão-alvo(+2), gratificação técnica(-3), nível médio/intermediário(-4);nível médio/intermediário;GSISTE NI - SISG Órgão Central  - (Exclusivo Servidores lotados em Brasília);https://oportunidades.sigepe.gov.br/oportunidades-portal/api/html/4054;21/08/2026;21/08/2026
4047;397.1/2025;2025;Ministério da Saúde;encerrado;Inscrições Encerradas;;-5;coordenador (1.10);FNS/SE;coordenador (1.10)(+1), FNS/SE(-5), órgão-alvo(+2), gratificação técnica(-3);;FCE - Assessor Tecnico Especializado | GSISTE - 01 vaga;https://oportunidades.sigepe.gov.br/oportunidades-portal/api/html/4047;21/08/2026;21/08/2026
4043;393.1/2025;2025;Ministério da Justiça e Segurança Pública;encerrado;Inscrições Encerradas;;3;;Brasília;Brasília(+1), órgão-alvo(+2);;TELETRABALHO PARCIAL NA REDE-LAB DO MJSP;https://oportunidades.sigepe.gov.br/oportunidades-portal/api/html/4043;21/08/2026;21/08/2026
4042;389/2025;2025;Ministério da Saúde;encerrado;Inscrições Encerradas;;-1;;;órgão-alvo(+2), gratificação técnica(-3);;Fiscal- GSISTE- Nível superior- 1 (uma) vaga;https://oportunidades.sigepe.gov.br/oportunidades-portal/api/html/4042;21/08/2026;21/08/2026
4041;384.2/2025;2025;Ministério dos Direitos Humanos e da Cidadania;encerrado;Inscrições Encerradas;;-3;;;gratificação técnica(-3);;GSISTE/NS para atuar junto à Coordenação-Geral de Orçamento e Finanças;https://oportunidades.sigepe.gov.br/oportunidades-portal/api/html/4041;21/08/2026;21/08/2026
4040;388.1/2025;2025;Ministério da Saúde;encerrado;Inscrições Encerradas;;-1;;;órgão-alvo(+2), gratificação técnica(-3);;GSISTE - Nível superior - 1 (uma) vaga;https://oportunidades.sigepe.gov.br/oportunidades-portal/api/html/4040;21/08/2026;21/08/2026
4039;390/2025;2025;Ministério da Saúde;encerrado;Inscrições Encerradas;;-1;chefia baixa;;chefia baixa(-3), órgão-alvo(+2);;Chefe da Divisão de Procedimentos Administrativos e Sanções DPAD/CGPLAM/DLOG;https://oportunidades.sigepe.gov.br/oportunidades-portal/api/html/4039;21/08/2026;21/08/2026
4036;387/2025;2025;Ministério da Saúde;encerrado;Inscrições Encerradas;;-1;chefia baixa;;chefia baixa(-3), órgão-alvo(+2);;Chefe da Divisão de Monitoramento e Controle Logístico DIMOL/CGPLAM/DLOG.;https://oportunidades.sigepe.gov.br/oportunidades-portal/api/html/4036;21/08/2026;21/08/2026
4035;437/2025;2025;Agência Nacional de Saúde Suplementar;encerrado;Inscrições Encerradas;;0;;;;;Auditoria;https://oportunidades.sigepe.gov.br/oportunidades-portal/api/html/4035;21/08/2026;21/08/2026
4031;725.1/2025;2025;Ministério do Planejamento e Orçamento;encerrado;Inscrições Encerradas;;-1;;;órgão-alvo(+2), gratificação técnica(-3);;GSISP - Privacidade e segurança da Informação | GSISP - Transformação Digital;https://oportunidades.sigepe.gov.br/oportunidades-portal/api/html/4031;21/08/2026;21/08/2026
4026;380.1/2025;2025;Ministério do Turismo;encerrado;Inscrições Encerradas;;-1;chefia baixa;;chefia baixa(-3), órgão-alvo(+2);;Função Comissionada Executiva - FCE 3.04;https://oportunidades.sigepe.gov.br/oportunidades-portal/api/html/4026;21/08/2026;21/08/2026
4024;378.1/2025;2025;Ministério da Justiça e Segurança Pública;encerrado;Inscrições Encerradas;;8;;Brasília;Brasília(+1), avaliação de políticas(+2), monitoramento e avaliação(+2), políticas públicas(+1), órgão-alvo(+2);;TRÊS VAGAS PARA ATUAÇÃO NA ÁREA DE POLÍTICA SOBRE DROGAS;https://oportunidades.sigepe.gov.br/oportunidades-portal/api/html/4024;21/08/2026;21/08/2026
4023;377.1/2025;2025;Ministério da Justiça e Segurança Pública;encerrado;Inscrições Encerradas;;9;coordenador (1.10);Brasília;coordenador (1.10)(+1), Brasília(+1), avaliação de políticas(+2), monitoramento e avaliação(+2), políticas públicas(+1), órgão-alvo(+2);;ASSESSOR (FCE 4.03) NA SECRETARIA NACIONAL DE POLÍTICAS SOBRE DROGAS E GESTÃO DE ATIVOS (SENAD);https://oportunidades.sigepe.gov.br/oportunidades-portal/api/html/4023;21/08/2026;21/08/2026
4022;376.4/2025;2025;Departamento Nacional de Infraestrutura de Transportes;encerrado;Inscrições Encerradas;;-4;;Edificações - CAF - DNIT/MT;Edificações - CAF - DNIT/MT(-5), infraestrutura(+1);;Servidores com formação técnica em Estradas, Topografia ou Edificações - CAF - DNIT/MT;https://oportunidades.sigepe.gov.br/oportunidades-portal/api/html/4022;21/08/2026;21/08/2026
4015;409.1/2025;2025;Fundação Nacional de Artes;encerrado;Inscrições Encerradas;;-3;chefia baixa;;chefia baixa(-3);;Chefe da Divisão de Planejamento Orçamentário - DPO | Chefe da Divisão de Contabilidade;https://oportunidades.sigepe.gov.br/oportunidades-portal/api/html/4015;21/08/2026;21/08/2026
4014;372.1/2025;2025;Ministério do Meio Ambiente e Mudança do Clima;encerrado;Inscrições Encerradas;;-1;;;órgão-alvo(+2), gratificação técnica(-3);;GSISP - Coordenação-Geral de Tecnologia da Informação/CGTI - MMA;https://oportunidades.sigepe.gov.br/oportunidades-portal/api/html/4014;21/08/2026;21/08/2026
4011;371.1/2025;2025;Ministério da Agricultura e Pecuária;encerrado;Inscrições Encerradas;;0;;;;;Vaga para cargo de Médico - MAPA;https://oportunidades.sigepe.gov.br/oportunidades-portal/api/html/4011;21/08/2026;21/08/2026
4004;410.2/2025;2025;Fundação Nacional de Artes;encerrado;Inscrições Encerradas;;0;;;;;Administrador - SP;https://oportunidades.sigepe.gov.br/oportunidades-portal/api/html/4004;21/08/2026;21/08/2026
4001;369/2025;2025;Ministério da Defesa;encerrado;Inscrições Encerradas;;-3;chefia baixa;;chefia baixa(-3);;Função Comissionada Executiva - FCE 2.07;https://oportunidades.sigepe.gov.br/oportunidades-portal/api/html/4001;21/08/2026;21/08/2026
4000;368/2025;2025;Instituto do Patrimônio Histórico e Artístico Nacional;encerrado;Inscrições Encerradas;;0;;;;;FCE 20.1 Nível Superior - Divisão Técnica do Iphan Roraima;https://oportunidades.sigepe.gov.br/oportunidades-portal/api/html/4000;21/08/2026;21/08/2026
3999;367/2025;2025;Instituto do Patrimônio Histórico e Artístico Nacional;encerrado;Inscrições Encerradas;;-6;chefia baixa;Brasília;chefia baixa(-3), Brasília(+1), nível médio/intermediário(-4);nível médio/intermediário;1 FCE 2.01 - DAFE - Iphan - Brasília - nível médio ou superior;https://oportunidades.sigepe.gov.br/oportunidades-portal/api/html/3999;21/08/2026;21/08/2026
3998;453.1/2025;2025;Ministério da Fazenda;encerrado;Inscrições Encerradas;;0;chefia baixa;Brasília;chefia baixa(-3), Brasília(+1), órgão-alvo(+2);;FCE 1.07 DIDAF/COGEP/PGFN;https://oportunidades.sigepe.gov.br/oportunidades-portal/api/html/3998;21/08/2026;21/08/2026
3993;360/2025;2025;Fundação Cultural Palmares;encerrado;Inscrições Encerradas;;-3;;;gratificação técnica(-3);;Gratificação Temporária do Sistema de Administração dos Recursos de Informação e Informática - GSIS;https://oportunidades.sigepe.gov.br/oportunidades-portal/api/html/3993;21/08/2026;21/08/2026
3992;358/2025;2025;Fundação Cultural Palmares;encerrado;Inscrições Encerradas;;-3;;;gratificação técnica(-3);;Gratificação Temporária do Sistema de Administração dos Recursos de Informação e Informática - GSISP;https://oportunidades.sigepe.gov.br/oportunidades-portal/api/html/3992;21/08/2026;21/08/2026
3991;357/2025;2025;Fundação Cultural Palmares;encerrado;Inscrições Encerradas;;-3;;;gratificação técnica(-3);;Gratificação Temporária do Sistema de Administração dos Recursos de Informação e Informática - GSIS;https://oportunidades.sigepe.gov.br/oportunidades-portal/api/html/3991;21/08/2026;21/08/2026
3986;701.4/2025;2025;Ministério da Ciência, Tecnologia e Inovação;encerrado;Inscrições Encerradas;;-2;;;planejamento estratégico(+2), infraestrutura(+1), órgão-alvo(+2), gratificação técnica(-3), nível médio/intermediário(-4);nível médio/intermediário;GSISP - NI (PERFIL 1 - Contratações de Tecnologia da Informação) | GSISP - NI (PERFIL 2 - Infraestrutura e Plataformas Digitais);https://oportunidades.sigepe.gov.br/oportunidades-portal/api/html/3986;21/08/2026;21/08/2026
3983;365.1/2025;2025;Ministério da Justiça e Segurança Pública;encerrado;Inscrições Encerradas;;4;coordenador-geral;;coordenador-geral(+5), órgão-alvo(+2), gratificação técnica(-3);;COORDENADOR-GERAL DE ARQUITETURA E ENGENHARIA (CCE 1.13 e GSISTE-NS) NO MJSP;https://oportunidades.sigepe.gov.br/oportunidades-portal/api/html/3983;21/08/2026;21/08/2026
3981;349.2/2025;2025;Ministério do Trabalho e Emprego;encerrado;Inscrições Encerradas;;2;;;órgão-alvo(+2);;Motorista;https://oportunidades.sigepe.gov.br/oportunidades-portal/api/html/3981;21/08/2026;21/08/2026
3980;455.2/2025;2025;Ministério da Gestão e da Inovação em Serviços Públicos;encerrado;Inscrições Encerradas;;-5;;;órgão-alvo(+2), gratificação técnica(-3), nível médio/intermediário(-4);nível médio/intermediário;2 vagas para GSISTE - SIPEC - Nível Superior | 1 vagas para GSISTE - SIPEC - Nível Intermediário;https://oportunidades.sigepe.gov.br/oportunidades-portal/api/html/3980;21/08/2026;21/08/2026
3975;354.1/2025;2025;Ministério da Pesca e Aquicultura;encerrado;Inscrições Encerradas;;-6;;;infraestrutura(+1), gratificação técnica(-3), nível médio/intermediário(-4);nível médio/intermediário;GSISP - Gestão de Dados e Informações  - Nível Superior (NS) | GSISP - Privacidade e Segurança da Informação  - Nível Superior (NS) | GSISP - Infraestrutura e Plataformas Digitais - Nível Intermediário (NI);https://oportunidades.sigepe.gov.br/oportunidades-portal/api/html/3975;21/08/2026;21/08/2026
3974;399.1/2025;2025;Ministério da Justiça e Segurança Pública;encerrado;Inscrições Encerradas;;3;;Brasília;Brasília(+1), órgão-alvo(+2);;Membro da Equipe do Encarregado/Encarregado/ANPD;https://oportunidades.sigepe.gov.br/oportunidades-portal/api/html/3974;21/08/2026;21/08/2026
3969;353.2/2025;2025;Ministério da Gestão e da Inovação em Serviços Públicos;encerrado;Inscrições Encerradas;;3;;;políticas públicas(+1), órgão-alvo(+2);;Regulamentação das Compras Públicas sustentáveis, Ciclo de vida do Objeto de sustentabilidade. | Organização e gestão de projetos. | Instrução Normativa para a contratação de serviços (Revisão da Instrução Normativa nº 05, de 2017 | Comunicação;https://oportunidades.sigepe.gov.br/oportunidades-portal/api/html/3969;21/08/2026;21/08/2026
3967;338.2/2025;2025;Ministério da Gestão e da Inovação em Serviços Públicos;encerrado;Inscrições Encerradas;;-4;;Brasília;Brasília(+1), órgão-alvo(+2), gratificação técnica(-3), nível médio/intermediário(-4);nível médio/intermediário;GSISTE Nível Intermediário NI - SISG Órgão Central;https://oportunidades.sigepe.gov.br/oportunidades-portal/api/html/3967;21/08/2026;21/08/2026
3960;335.2/2025;2025;Ministério da Justiça e Segurança Pública;encerrado;Inscrições Encerradas;;3;;Brasília;Brasília(+1), órgão-alvo(+2);;Técnico Administrativo;https://oportunidades.sigepe.gov.br/oportunidades-portal/api/html/3960;21/08/2026;21/08/2026
3959;333.1/2025;2025;Ministério do Planejamento e Orçamento;encerrado;Inscrições Encerradas;;3;coordenador (1.10);;coordenador (1.10)(+1), órgão-alvo(+2);;Função Comissionada de Coordenador(a) de Implementação de Revisão do Gasto Público, código FCE 1.10.;https://oportunidades.sigepe.gov.br/oportunidades-portal/api/html/3959;21/08/2026;21/08/2026
3958;331.1/2025;2025;Ministério da Agricultura e Pecuária;encerrado;Inscrições Encerradas;;0;;;;;Coordenação-Geral de Cadastro e Pagamento/SGP/MAPA;https://oportunidades.sigepe.gov.br/oportunidades-portal/api/html/3958;21/08/2026;21/08/2026
3956;334.2/2025;2025;Ministério da Justiça e Segurança Pública;encerrado;Inscrições Encerradas;;3;;Brasília;Brasília(+1), órgão-alvo(+2);;Assistente de Cadastro de Pessoal/DGP/CGA/ANPD;https://oportunidades.sigepe.gov.br/oportunidades-portal/api/html/3956;21/08/2026;21/08/2026
3946;337.1/2025;2025;Ministério da Gestão e da Inovação em Serviços Públicos;encerrado;Inscrições Encerradas;;2;;;órgão-alvo(+2);;Cargo 02 - Área Temática: Gestão e Planejamento de TI | CARGO 08 - Área Temá¿tica: Gestão e Planejamento de TI | CARGO 10 | CARGO 05 - Área Temática: Privacidade e Segurança da Informação | CARGO 03 - Área Temática: Privacidade e Segurança da Informação | CARGO 07 - Área Temática: Transformação Digital | CARGO 01 - Área Temática: Gestão e Planejamento de TI | CARGO 06 - Área Temática: Transformaçã;https://oportunidades.sigepe.gov.br/oportunidades-portal/api/html/3946;21/08/2026;21/08/2026
3945;341/2025;2025;Conselho Administrativo de Defesa Econômica;encerrado;Inscrições Encerradas;;2;;;órgão-alvo(+2);;Seção de Apoio à Gestão Estratégica de Pessoas (SAGEP) | Serviço de Administração de Pessoal ( SEAPE);https://oportunidades.sigepe.gov.br/oportunidades-portal/api/html/3945;21/08/2026;21/08/2026
3935;329/2025;2025;Instituto do Patrimônio Histórico e Artístico Nacional;encerrado;Inscrições Encerradas;;-3;chefia baixa;;chefia baixa(-3);;Função Comissionada Executiva - FCE 1.07 de Chefia de Divisão Administrativa do Iphan - TO;https://oportunidades.sigepe.gov.br/oportunidades-portal/api/html/3935;21/08/2026;21/08/2026
3934;321.2/2025;2025;Ministério da Ciência, Tecnologia e Inovação;encerrado;Inscrições Encerradas;;-1;;;órgão-alvo(+2), gratificação técnica(-3);;Gratificação Temporária do Sistema de Administração dos Recursos de Tecnologia da Informação (GSISP);https://oportunidades.sigepe.gov.br/oportunidades-portal/api/html/3934;21/08/2026;21/08/2026
3930;347.2/2025;2025;Ministério da Fazenda;encerrado;Inscrições Encerradas;;-1;;;órgão-alvo(+2), gratificação técnica(-3);;Gratificação Temporária das Unidades dos Sistemas Estruturadores da Administração Pública Federal -;https://oportunidades.sigepe.gov.br/oportunidades-portal/api/html/3930;21/08/2026;21/08/2026
3929;343.1/2025;2025;Ministério da Justiça e Segurança Pública;encerrado;Inscrições Encerradas;;-1;chefia baixa;;chefia baixa(-3), órgão-alvo(+2);;CHEFE DA DIVISÃO DE CORREIÇÃO (FCE 1.07) DO MJSP;https://oportunidades.sigepe.gov.br/oportunidades-portal/api/html/3929;21/08/2026;21/08/2026
3928;320/2025;2025;Instituto do Patrimônio Histórico e Artístico Nacional;encerrado;Inscrições Encerradas;;-3;chefia baixa;;chefia baixa(-3);;Função Comissionada Executiva - FCE 1.07 de Chefe da Divisão Técnica do Iphan-AL;https://oportunidades.sigepe.gov.br/oportunidades-portal/api/html/3928;21/08/2026;21/08/2026
3926;344.1/2025;2025;Ministério da Justiça e Segurança Pública;encerrado;Inscrições Encerradas;;3;;Brasília;Brasília(+1), órgão-alvo(+2);;TELETRABALHO INTEGRAL NA CORREGEDORIA-GERAL DO MJSP;https://oportunidades.sigepe.gov.br/oportunidades-portal/api/html/3926;21/08/2026;21/08/2026
3924;345.1/2025;2025;Ministério da Justiça e Segurança Pública;encerrado;Inscrições Encerradas;;3;;Brasília;Brasília(+1), órgão-alvo(+2);;TELETRABALHO PARCIAL NA CORREGEDORIA-GERAL DO MJSP;https://oportunidades.sigepe.gov.br/oportunidades-portal/api/html/3924;21/08/2026;21/08/2026
3923;319/2025;2025;Instituto do Patrimônio Histórico e Artístico Nacional;encerrado;Inscrições Encerradas;;-3;chefia baixa;;chefia baixa(-3);;Função Comissionada Executiva - FCE 2.01 de Assistente Técnico - Iphan GO;https://oportunidades.sigepe.gov.br/oportunidades-portal/api/html/3923;21/08/2026;21/08/2026
3920;346.1/2025;2025;Ministério da Justiça e Segurança Pública;encerrado;Inscrições Encerradas;;3;;Brasília;Brasília(+1), órgão-alvo(+2);;PGD PRESENCIAL NA CORREGEDORIA-GERAL DO MJSP;https://oportunidades.sigepe.gov.br/oportunidades-portal/api/html/3920;21/08/2026;21/08/2026
3919;374.1/2025;2025;Conselho Administrativo de Defesa Econômica;encerrado;Inscrições Encerradas;;2;;;órgão-alvo(+2);;Auditoria Interna;https://oportunidades.sigepe.gov.br/oportunidades-portal/api/html/3919;21/08/2026;21/08/2026
3913;315.1/2025;2025;Fundação Cultural Palmares;encerrado;Inscrições Encerradas;;-3;;;gratificação técnica(-3);;1 (uma) vaga Gsiste nível superior;https://oportunidades.sigepe.gov.br/oportunidades-portal/api/html/3913;21/08/2026;21/08/2026
3907;312.1/2025;2025;Ministério da Agricultura e Pecuária;encerrado;Inscrições Encerradas;;0;;;;;Composição da Força de Trabalho -  Coordenação de Desenvolvimento de Pessoas (CDP) | Composição força de trabalho - Coordenação de Planejamento e Desenvolvimento Funcional (CODES);https://oportunidades.sigepe.gov.br/oportunidades-portal/api/html/3907;21/08/2026;21/08/2026
3906;316.14/2025;2025;Ministério da Saúde;encerrado;Inscrições Encerradas;;-2;;;órgão-alvo(+2), nível médio/intermediário(-4);nível médio/intermediário;Auditoria e Gestão | Apoio Técnico à auditoria;https://oportunidades.sigepe.gov.br/oportunidades-portal/api/html/3906;21/08/2026;21/08/2026
3904;336.2/2025;2025;Ministério da Justiça e Segurança Pública;encerrado;Inscrições Encerradas;;3;;Brasília;Brasília(+1), órgão-alvo(+2);;Assistente de Folha de Pagamento/DGP/CGA/ANPD;https://oportunidades.sigepe.gov.br/oportunidades-portal/api/html/3904;21/08/2026;21/08/2026
3902;382.3/2025;2025;Ministério das Mulheres;encerrado;Inscrições Encerradas;;1;coordenador (1.10);;coordenador (1.10)(+1);;cargo coordenador FCE 1.10;https://oportunidades.sigepe.gov.br/oportunidades-portal/api/html/3902;21/08/2026;21/08/2026
3899;306.1/2025;2025;Ministério do Meio Ambiente e Mudança do Clima;encerrado;Inscrições Encerradas;;-1;;;órgão-alvo(+2), gratificação técnica(-3);;GSISTE SIPEC, de Nível Superior (NS);https://oportunidades.sigepe.gov.br/oportunidades-portal/api/html/3899;21/08/2026;21/08/2026
3898;307.3/2025;2025;Instituto Nacional de Tecnologia da Informação;encerrado;Inscrições Encerradas;;1;coordenador (1.10);;coordenador (1.10)(+1);;Chefe de Divisão - FCE 1.08 | Coordenador - FCE 1.10 | Assistente Técnico - FCE 2.05;https://oportunidades.sigepe.gov.br/oportunidades-portal/api/html/3898;21/08/2026;21/08/2026
3897;313.2/2025;2025;Ministério do Desenvolvimento Agrário e Agricultura Familiar;encerrado;Inscrições Encerradas;;2;;;órgão-alvo(+2);;CGOFC: 01 (uma) vaga;https://oportunidades.sigepe.gov.br/oportunidades-portal/api/html/3897;21/08/2026;21/08/2026
3892;302.5/2025;2025;Ministério da Justiça e Segurança Pública;encerrado;Inscrições Encerradas;;3;;Brasília;Brasília(+1), órgão-alvo(+2);;DUAS VAGAS NA ÁREA DE ENSINO E PESQUISA DAS POLÍTICAS SOBRE DROGAS;https://oportunidades.sigepe.gov.br/oportunidades-portal/api/html/3892;21/08/2026;21/08/2026
3890;301.5/2025;2025;Ministério da Justiça e Segurança Pública;encerrado;Inscrições Encerradas;;3;;Brasília;Brasília(+1), órgão-alvo(+2);;UMA VAGA NO OBSERVATÓRIO BRASILEIRO DE INFORMAÇÕES SOBRE DROGAS (OBID);https://oportunidades.sigepe.gov.br/oportunidades-portal/api/html/3890;21/08/2026;21/08/2026
3883;298.2/2025;2025;Ministério da Ciência, Tecnologia e Inovação;encerrado;Inscrições Encerradas;;-4;;;infraestrutura(+1), órgão-alvo(+2), gratificação técnica(-3), nível médio/intermediário(-4);nível médio/intermediário;Vaga para GSISP de Nível Superior - Dados e Informações | Vaga para GSISP de Nível Intermediário - Infraestrutura e Plataformas Digitais | Vaga para GSISP de Nível Superior - Transformação Digital | Vaga para GSISP de Nível Superior - Privacidade e Segurança;https://oportunidades.sigepe.gov.br/oportunidades-portal/api/html/3883;21/08/2026;21/08/2026
3881;322/2025;2025;Ministério do Trabalho e Emprego;encerrado;Inscrições Encerradas;;2;;;órgão-alvo(+2);;Apoio Técnico;https://oportunidades.sigepe.gov.br/oportunidades-portal/api/html/3881;21/08/2026;21/08/2026
3880;295.6/2025;2025;Ministério da Justiça e Segurança Pública;encerrado;Inscrições Encerradas;;-1;chefia baixa;;chefia baixa(-3), órgão-alvo(+2);;CHEFE DE SERVIÇO (CCE 1.05) NO OBSERVATÓRIO BRASILEIRO DE INFORMAÇÕES SOBRE DROGAS;https://oportunidades.sigepe.gov.br/oportunidades-portal/api/html/3880;21/08/2026;21/08/2026
3879;294.3/2025;2025;Ministério da Justiça e Segurança Pública;encerrado;Inscrições Encerradas;;-1;chefia baixa;;chefia baixa(-3), órgão-alvo(+2);;CHEFE DE DIVISÃO (FCE 1.07) NO OBSERVATÓRIO BRASILEIRO DE INFORMAÇÕES SOBRE DROGAS;https://oportunidades.sigepe.gov.br/oportunidades-portal/api/html/3879;21/08/2026;21/08/2026
3878;291.1/2025;2025;Departamento Nacional de Infraestrutura de Transportes;encerrado;Inscrições Encerradas;;-4;;UL de Bom Despacho- SRE/MG;UL de Bom Despacho- SRE/MG(-5), infraestrutura(+1);;Engenheiro Civil ou Analista de Infraestrutura de Transportes - UL de Bom Despacho- SRE/MG;https://oportunidades.sigepe.gov.br/oportunidades-portal/api/html/3878;21/08/2026;21/08/2026
3877;290.2/2025;2025;Departamento Nacional de Infraestrutura de Transportes;encerrado;Inscrições Encerradas;;-4;;UL de Oliveira- SRE/MG;UL de Oliveira- SRE/MG(-5), infraestrutura(+1);;Engenheiro Civil ou Analista de Infraestrutura de Transportes - UL de Oliveira- SRE/MG;https://oportunidades.sigepe.gov.br/oportunidades-portal/api/html/3877;21/08/2026;21/08/2026
3874;293.2/2025;2025;Ministério da Justiça e Segurança Pública;encerrado;Inscrições Encerradas;;3;coordenador (1.10);;coordenador (1.10)(+1), órgão-alvo(+2);;COORDENADOR(A) (FCE 1.10) NO OBSERVATÓRIO BRASILEIRO DE INFORMAÇÕES SOBRE DROGAS;https://oportunidades.sigepe.gov.br/oportunidades-portal/api/html/3874;21/08/2026;21/08/2026
3870;292.1/2025;2025;Departamento Nacional de Infraestrutura de Transportes;encerrado;Inscrições Encerradas;;-4;;UL de Caratinga- SRE/MG;UL de Caratinga- SRE/MG(-5), infraestrutura(+1);;Engenheiro Civil ou Analista de Infraestrutura de Transportes - UL de Caratinga- SRE/MG;https://oportunidades.sigepe.gov.br/oportunidades-portal/api/html/3870;21/08/2026;21/08/2026
3866;310.1/2025;2025;Instituto Brasileiro de Museus;encerrado;Inscrições Encerradas;;1;;;infraestrutura(+1);;Direção - Engenharia/Infraestrutura | Direção - Arquitetura/Infraestrutura | Divisão de Acervos - Biblioteconomia e áreas correlatas | Divisão de Acervos - Conservação e Restauro de acervos ou áreas correlatas | Divisão de Acervos - Musicologia ou áreas correlatas | Serviço de Ação Cultural - Arquivologia, Biblioteconomia, Ciência da Informação e áreas afins | Divisão de Acervos - Museologia e áre;https://oportunidades.sigepe.gov.br/oportunidades-portal/api/html/3866;21/08/2026;21/08/2026
3865;285.1/2025;2025;Ministério do Meio Ambiente e Mudança do Clima;encerrado;Inscrições Encerradas;;7;coordenador-geral;;coordenador-geral(+5), órgão-alvo(+2);;Gerente de Projeto - Função Comissionada Executiva - FCE 3.13;https://oportunidades.sigepe.gov.br/oportunidades-portal/api/html/3865;21/08/2026;21/08/2026
3864;379.3/2025;2025;Ministério da Defesa;encerrado;Inscrições Encerradas;;-3;;;gratificação técnica(-3);;Processo de recrutamento e seleção para concessão de GSISTE - SISEST Nível Superior;https://oportunidades.sigepe.gov.br/oportunidades-portal/api/html/3864;21/08/2026;21/08/2026
3863;282.1/2025;2025;Ministério da Integração e do Desenvolvimento Regional;encerrado;Inscrições Encerradas;;-4;;;desenvolvimento regional(+1), órgão-alvo(+2), gratificação técnica(-3), nível médio/intermediário(-4);nível médio/intermediário;1 vaga para GSISP de nível intermediário - Contratações - CGTI;https://oportunidades.sigepe.gov.br/oportunidades-portal/api/html/3863;21/08/2026;21/08/2026
3862;280.1/2025;2025;Ministério da Integração e do Desenvolvimento Regional;encerrado;Inscrições Encerradas;;-3;;;desenvolvimento regional(+1), infraestrutura(+1), órgão-alvo(+2), gratificação técnica(-3), nível médio/intermediário(-4);nível médio/intermediário;1 vaga para GSISP de nível intermediário - Infraestrutura e Plataformas Digitais;https://oportunidades.sigepe.gov.br/oportunidades-portal/api/html/3862;21/08/2026;21/08/2026
3861;279.1/2025;2025;Ministério da Integração e do Desenvolvimento Regional;encerrado;Inscrições Encerradas;;0;;;desenvolvimento regional(+1), órgão-alvo(+2), gratificação técnica(-3);;1 GSISP de nível superior na Coordenação de Sistemas (COSIS/CGTI);https://oportunidades.sigepe.gov.br/oportunidades-portal/api/html/3861;21/08/2026;21/08/2026
3860;276/2025;2025;Conselho Administrativo de Defesa Econômica;encerrado;Inscrições Encerradas;;2;;;planejamento estratégico(+2);;Divisão de Planejamento e Projetos (Diplan);https://oportunidades.sigepe.gov.br/oportunidades-portal/api/html/3860;21/08/2026;21/08/2026
3859;283.3/2025;2025;Ministério da Gestão e da Inovação em Serviços Públicos;encerrado;Inscrições Encerradas;;2;;;órgão-alvo(+2);;Comunicação | Gestão Administrativa;https://oportunidades.sigepe.gov.br/oportunidades-portal/api/html/3859;21/08/2026;21/08/2026
3854;297.1/2025;2025;Presidência da República;encerrado;Inscrições Encerradas;;-5;;;órgão-alvo(+2), gratificação técnica(-3), nível médio/intermediário(-4);nível médio/intermediário;Gsisp-Nível Intermediário;https://oportunidades.sigepe.gov.br/oportunidades-portal/api/html/3854;21/08/2026;21/08/2026
3851;281.2/2025;2025;Fundação Escola Nacional de Administração Pública;encerrado;Inscrições Encerradas;;-1;;;órgão-alvo(+2), gratificação técnica(-3);;GAEG de Nível Superior - Gestão de Relações Institucionais;https://oportunidades.sigepe.gov.br/oportunidades-portal/api/html/3851;21/08/2026;21/08/2026
3847;275.1/2025;2025;Fundação Escola Nacional de Administração Pública;encerrado;Inscrições Encerradas;;0;coordenador (1.10);;coordenador (1.10)(+1), órgão-alvo(+2), gratificação técnica(-3);;GAEG DE NÍVEL SUPERIOR - COORDENADOR DE CURSO;https://oportunidades.sigepe.gov.br/oportunidades-portal/api/html/3847;21/08/2026;21/08/2026
3844;270.1/2025;2025;Fundação Escola Nacional de Administração Pública;encerrado;Inscrições Encerradas;;-1;;;órgão-alvo(+2), gratificação técnica(-3);;GAEG de Nível Superior para a Coordenação-Geral de Inovação.;https://oportunidades.sigepe.gov.br/oportunidades-portal/api/html/3844;21/08/2026;21/08/2026
3842;267.1/2025;2025;Ministério do Turismo;encerrado;Inscrições Encerradas;;-4;;Brasília;Brasília(+1), órgão-alvo(+2), gratificação técnica(-3), nível médio/intermediário(-4);nível médio/intermediário;PROFISSIONAL DE NÍVEL MÉDIO - Ocupante de cargo efetivo de nível de nível médio - GSISTE NI;https://oportunidades.sigepe.gov.br/oportunidades-portal/api/html/3842;21/08/2026;21/08/2026
3836;278.1/2025;2025;Ministério da Integração e do Desenvolvimento Regional;encerrado;Inscrições Encerradas;;1;;;desenvolvimento regional(+1), infraestrutura(+1), órgão-alvo(+2), gratificação técnica(-3);;1 vaga para GSISP de nível superior na Coordenação de Infraestrutura e Suporte ( CISUP/CGTI);https://oportunidades.sigepe.gov.br/oportunidades-portal/api/html/3836;21/08/2026;21/08/2026
3835;277.1/2025;2025;Ministério da Integração e do Desenvolvimento Regional;encerrado;Inscrições Encerradas;;0;;;desenvolvimento regional(+1), órgão-alvo(+2), gratificação técnica(-3);;2 vagas de GSISP de nível superior na Coordenação de Governança de TI (CGOVTI/CGTI);https://oportunidades.sigepe.gov.br/oportunidades-portal/api/html/3835;21/08/2026;21/08/2026
3826;500.1/2025;2025;Fundação Coordenação de Aperfeiçoamento de Pessoal de Nível Superior;encerrado;Inscrições Encerradas;;-7;;;gratificação técnica(-3), nível médio/intermediário(-4);nível médio/intermediário;Contratações de TI;https://oportunidades.sigepe.gov.br/oportunidades-portal/api/html/3826;21/08/2026;21/08/2026
3825;263.2/2025;2025;Comissão Nacional de Energia Nuclear;encerrado;Inscrições Encerradas;;-6;;;infraestrutura(+1), gratificação técnica(-3), nível médio/intermediário(-4);nível médio/intermediário;GSISP: Privacidade e Segurança da Informação | GSISP: Gestão de Dados e Informações | GSISP: Infraestrutura e Plataformas Digitais;https://oportunidades.sigepe.gov.br/oportunidades-portal/api/html/3825;21/08/2026;21/08/2026
3820;362.1/2025;2025;Agência Nacional de Vigilância Sanitária;encerrado;Inscrições Encerradas;;-3;;;gratificação técnica(-3);;GSISP de nível superior da área de Privacidade e Segurança da Informação - COSED | GSISP de nível superior da área de Transformação Digital - GESOL;https://oportunidades.sigepe.gov.br/oportunidades-portal/api/html/3820;21/08/2026;21/08/2026
3819;251/2025;2025;Instituto do Patrimônio Histórico e Artístico Nacional;encerrado;Inscrições Encerradas;;-2;;Brasília;Brasília(+1), gratificação técnica(-3);;01 Gratificação Temporária das Unidades dos Sistemas Estruturadores da Administração Pública;https://oportunidades.sigepe.gov.br/oportunidades-portal/api/html/3819;21/08/2026;21/08/2026
3816;252/2025;2025;Instituto do Patrimônio Histórico e Artístico Nacional;encerrado;Inscrições Encerradas;;-2;chefia baixa;Brasília;chefia baixa(-3), Brasília(+1);;FCE 1.05 de Chefe do Serviço de Escritório de Projetos e Processos;https://oportunidades.sigepe.gov.br/oportunidades-portal/api/html/3816;21/08/2026;21/08/2026
3814;253.2/2025;2025;Ministério da Gestão e da Inovação em Serviços Públicos;encerrado;Inscrições Encerradas;;-1;;;órgão-alvo(+2), gratificação técnica(-3);;GSISTE NS - Projetos para a melhoria de processos e soluções para o sistema de carreiras | GSISTE NS - Estruturas remuneratórias: processos e dados quantitativos do sistema de carreiras;https://oportunidades.sigepe.gov.br/oportunidades-portal/api/html/3814;21/08/2026;21/08/2026
3813;308.2/2025;2025;Agência Nacional de Vigilância Sanitária;encerrado;Inscrições Encerradas;;-3;;;gratificação técnica(-3);;GSISTE de nível superior da Gerência de Orçamento e Finanças;https://oportunidades.sigepe.gov.br/oportunidades-portal/api/html/3813;21/08/2026;21/08/2026
3811;250.2/2025;2025;Ministério da Cultura;encerrado;Inscrições Encerradas;;-3;;;gratificação técnica(-3);;duas vagas para servidores ocupantes de cargo efetivo de nível superior para percepção de GSISP.;https://oportunidades.sigepe.gov.br/oportunidades-portal/api/html/3811;21/08/2026;21/08/2026
3809;247.1/2025;2025;Ministério dos Direitos Humanos e da Cidadania;encerrado;Inscrições Encerradas;;0;;;;;Composição de força de trabalho junto a Secretaria-Executiva Adjunta | Composição de força de trabalho junto ao Gabinete | Composição de força de trabalho junto a Coordenação-Geral de Gestão de Pessoas | Composição de força de trabalho junto a Coordenação-Geral de Indicadores e Evidências em DH | Composição de força de trabalho junto a Coordenação-Geral de Licitações e Contratos | Composição de fo;https://oportunidades.sigepe.gov.br/oportunidades-portal/api/html/3809;21/08/2026;21/08/2026
3807;262/2025;2025;Ministério da Gestão e da Inovação em Serviços Públicos;encerrado;Inscrições Encerradas;;-1;;;órgão-alvo(+2), gratificação técnica(-3);;Gratificação Temporária do Sistema de Administração dos Recursos de Informação e Informática - GSISP | Gratificações de Incremento à Atividade de Administração do Patrimônio da União (GIAPU);https://oportunidades.sigepe.gov.br/oportunidades-portal/api/html/3807;21/08/2026;21/08/2026
3805;243/2025;2025;Ministério do Desenvolvimento, Indústria, Comércio e Serviços;encerrado;Inscrições Encerradas;;-1;chefia baixa;;chefia baixa(-3), órgão-alvo(+2);;Chefe de Divisão das Indústrias Intensivas em Mão de Obra - FCE 1.07;https://oportunidades.sigepe.gov.br/oportunidades-portal/api/html/3805;21/08/2026;21/08/2026
3802;246.1/2025;2025;Ministério dos Direitos Humanos e da Cidadania;encerrado;Inscrições Encerradas;;1;;;políticas públicas(+1);;Composição de força de trabalho junto a Coordenação-Geral de Acompanhamento de Parcerias | Composição de força de trabalho junto a Coord.-Geral de Apoio ao Cons. Nac. dos Dir. da Pessoa Idosa | Composição de força de trabalho junto a Coordenação-Geral de Acompanhamento de Parcerias | Composição de força de trabalho junto a Gabinete | Composição de força de trabalho junto ao Gabinete | Composição d;https://oportunidades.sigepe.gov.br/oportunidades-portal/api/html/3802;21/08/2026;21/08/2026
3793;249.1/2025;2025;Ministério da Previdência Social;encerrado;Inscrições Encerradas;;7;coordenador-geral;;coordenador-geral(+5), órgão-alvo(+2);;Coordenador-Geral (FCE 1.13);https://oportunidades.sigepe.gov.br/oportunidades-portal/api/html/3793;21/08/2026;21/08/2026
3789;325.2/2025;2025;Ministério da Justiça e Segurança Pública;encerrado;Inscrições Encerradas;;3;;Brasília;Brasília(+1), órgão-alvo(+2);;Assessoria Técnica/GABPR/ANPD;https://oportunidades.sigepe.gov.br/oportunidades-portal/api/html/3789;21/08/2026;21/08/2026
3786;240.3/2025;2025;Ministério da Agricultura e Pecuária;encerrado;Inscrições Encerradas;;0;;;;;Coordenação-Geral de Cadastro e Pagamento/SGP/MAPA;https://oportunidades.sigepe.gov.br/oportunidades-portal/api/html/3786;21/08/2026;21/08/2026
3783;289.1/2025;2025;Agência Nacional de Transportes Aquaviários;encerrado;Inscrições Encerradas;;0;;;;;GCOR;https://oportunidades.sigepe.gov.br/oportunidades-portal/api/html/3783;21/08/2026;21/08/2026
3778;271.1/2025;2025;Ministério da Saúde;encerrado;Inscrições Encerradas;;2;;;órgão-alvo(+2);;Processo seletivo SPO;https://oportunidades.sigepe.gov.br/oportunidades-portal/api/html/3778;21/08/2026;21/08/2026
3776;244.1/2025;2025;Fundação Nacional de Saúde;encerrado;Inscrições Encerradas;;-4;;;nível médio/intermediário(-4);nível médio/intermediário;Divisão de Convênios (área de celebração e prestação de contas) | Divisão de Saúde Ambiental | Divisão de Execução Orçamentária e Financeira | Coordenação de Administração (área de logística: compras e contratos);https://oportunidades.sigepe.gov.br/oportunidades-portal/api/html/3776;21/08/2026;21/08/2026
3775;229.4/2025;2025;Instituto Nacional de Tecnologia da Informação;encerrado;Inscrições Encerradas;;-3;;;gratificação técnica(-3);;Gratificação (GSISP) - Contratações de TI em serviços do ITI;https://oportunidades.sigepe.gov.br/oportunidades-portal/api/html/3775;21/08/2026;21/08/2026
3771;226/2025;2025;Ministério da Gestão e da Inovação em Serviços Públicos;encerrado;Inscrições Encerradas;;-5;;;órgão-alvo(+2), gratificação técnica(-3), nível médio/intermediário(-4);nível médio/intermediário;GSISTE NI - Área Administrativa SEST/MGI;https://oportunidades.sigepe.gov.br/oportunidades-portal/api/html/3771;21/08/2026;21/08/2026
3769;225/2025;2025;Ministério da Gestão e da Inovação em Serviços Públicos;encerrado;Inscrições Encerradas;;-1;;;órgão-alvo(+2), gratificação técnica(-3);;Vaga para Arquivista - GSISTE nível Superior;https://oportunidades.sigepe.gov.br/oportunidades-portal/api/html/3769;21/08/2026;21/08/2026
3763;232.1/2025;2025;Ministério da Saúde;encerrado;Inscrições Encerradas;;2;;;órgão-alvo(+2);;1 VAGA FCE 4.05 - PGD PARCIAL;https://oportunidades.sigepe.gov.br/oportunidades-portal/api/html/3763;21/08/2026;21/08/2026
3762;234.1/2025;2025;Ministério dos Povos Indígenas;encerrado;Inscrições Encerradas;;-3;chefia baixa;;chefia baixa(-3);;Função Comissionada FCE 1.07;https://oportunidades.sigepe.gov.br/oportunidades-portal/api/html/3762;21/08/2026;21/08/2026
3754;245.1/2025;2025;Ministério dos Direitos Humanos e da Cidadania;encerrado;Inscrições Encerradas;;0;;;;;Composição de força de trabalho junto a Assessoria Especial de Assuntos Internacionais | Composição de força de trabalho junto a Consultoria Jurídica | Composição de força de trabalho junto a Comissão da Anistia | Composição de força de trabalho junto a Assessoria Esp. de Educação e Cultura em DH | Composição de força de trabalho junto a Assessoria Esp. de Assuntos Parlamentares e Federativos | Co;https://oportunidades.sigepe.gov.br/oportunidades-portal/api/html/3754;21/08/2026;21/08/2026
3751;269.2/2025;2025;Ministério da Saúde;encerrado;Inscrições Encerradas;;-3;;Fortaleza/CE;Fortaleza/CE(-5), órgão-alvo(+2);;Vagas para servidor público federal em Fortaleza/CE e em Teresina/PI;https://oportunidades.sigepe.gov.br/oportunidades-portal/api/html/3751;21/08/2026;21/08/2026
3750;216/2025;2025;Instituto do Patrimônio Histórico e Artístico Nacional;encerrado;Inscrições Encerradas;;-2;;Brasília;Brasília(+1), gratificação técnica(-3);;01 (uma) Gratificação Temporária do Sistema de Administração de Recursos de Tecnologia da Informação;https://oportunidades.sigepe.gov.br/oportunidades-portal/api/html/3750;21/08/2026;21/08/2026
3749;222.2/2025;2025;Ministério da Justiça e Segurança Pública;encerrado;Inscrições Encerradas;;3;;Brasília;Brasília(+1), órgão-alvo(+2);;Composição de força de trabalho - Coop. Jur. Internacional em Matéria Penal e Recuperação de Ativos;https://oportunidades.sigepe.gov.br/oportunidades-portal/api/html/3749;21/08/2026;21/08/2026
3748;223.2/2025;2025;Ministério da Justiça e Segurança Pública;encerrado;Inscrições Encerradas;;2;;;órgão-alvo(+2);;Composição de força de trabalho - Áreas de Coop. Jur. Internac. em Matéria Penal e Recup. de Ativos;https://oportunidades.sigepe.gov.br/oportunidades-portal/api/html/3748;21/08/2026;21/08/2026
3747;230.1/2025;2025;Ministério do Desenvolvimento Agrário e Agricultura Familiar;encerrado;Inscrições Encerradas;;-5;;;órgão-alvo(+2), gratificação técnica(-3), nível médio/intermediário(-4);nível médio/intermediário;04 - GSISP - Contratações de TI | 01 - GSISP - Gestão de Dados e Informações | 02 - GSISP - Privacidade e Segurança da Informação | 03 - GSISP - Transformação Digital;https://oportunidades.sigepe.gov.br/oportunidades-portal/api/html/3747;21/08/2026;21/08/2026
3746;218.2/2025;2025;Ministério dos Transportes;encerrado;Inscrições Encerradas;;-1;chefia baixa;;chefia baixa(-3), órgão-alvo(+2);;Função Comissionada Executiva - 	FCE 1.05;https://oportunidades.sigepe.gov.br/oportunidades-portal/api/html/3746;21/08/2026;21/08/2026
3741;481.2/2025;2025;Ministério da Gestão e da Inovação em Serviços Públicos;encerrado;Inscrições Encerradas;;-4;;Brasília;Brasília(+1), órgão-alvo(+2), gratificação técnica(-3), nível médio/intermediário(-4);nível médio/intermediário;GSISTE NS | GSISTE NI;https://oportunidades.sigepe.gov.br/oportunidades-portal/api/html/3741;21/08/2026;21/08/2026
3737;210.4/2025;2025;Instituto Nacional de Tecnologia da Informação;encerrado;Inscrições Encerradas;;-3;chefia baixa;;chefia baixa(-3);;Função Comissionada Executiva de Chefe, FCE 1.05, do Serviço de Contabilidade (SECON).;https://oportunidades.sigepe.gov.br/oportunidades-portal/api/html/3737;21/08/2026;21/08/2026
3736;231.1/2025;2025;Ministério da Justiça e Segurança Pública;encerrado;Inscrições Encerradas;;3;;Brasília;Brasília(+1), órgão-alvo(+2);;Governança, com foco em Processos/SG/ANPD;https://oportunidades.sigepe.gov.br/oportunidades-portal/api/html/3736;21/08/2026;21/08/2026
3734;211.1/2025;2025;Ministério da Justiça e Segurança Pública;encerrado;Inscrições Encerradas;;3;;Brasília;Brasília(+1), órgão-alvo(+2);;COMPOSIÇÃO DE FORÇA DE TRABALHO NA DIVISÃO DE PRESTAÇÃO DE CONTAS E CONTROLE INTERNO;https://oportunidades.sigepe.gov.br/oportunidades-portal/api/html/3734;21/08/2026;21/08/2026
3733;212.1/2025;2025;Ministério da Justiça e Segurança Pública;encerrado;Inscrições Encerradas;;3;;Brasília;Brasília(+1), órgão-alvo(+2);;COMPOSIÇÃO DE FORÇA DE TRABALHO NA COORD. DE ORÇAMENTO E FINANÇAS DA COORD.GERAL DE GESTÃO DO FUNDO;https://oportunidades.sigepe.gov.br/oportunidades-portal/api/html/3733;21/08/2026;21/08/2026
3729;220.2/2025;2025;Ministério da Justiça e Segurança Pública;encerrado;Inscrições Encerradas;;3;;Brasília;Brasília(+1), órgão-alvo(+2);;COMPOSIÇÃO DE FORÇA DE TRABALHO NA DIVISÃO DE ESTÁGIO DA COORD. DE DESENV. HUMANO-ORGANIZACIONAL;https://oportunidades.sigepe.gov.br/oportunidades-portal/api/html/3729;21/08/2026;21/08/2026
3728;206/2025;2025;Ministério da Defesa;encerrado;Inscrições Encerradas;;-3;;;gratificação técnica(-3);;GSISP - Nível Superior - Gestão e Planejamento de TI | GSISP- Nivel Superior - Transformação Digital;https://oportunidades.sigepe.gov.br/oportunidades-portal/api/html/3728;21/08/2026;21/08/2026
3726;207.2/2025;2025;Fundação Escola Nacional de Administração Pública;encerrado;Inscrições Encerradas;;-1;;;órgão-alvo(+2), gratificação técnica(-3);;GAEG Nível Superior para a Coordenação de Gestão Estratégica e Modernização;https://oportunidades.sigepe.gov.br/oportunidades-portal/api/html/3726;21/08/2026;21/08/2026
3723;266/2025;2025;Ministério do Trabalho e Emprego;encerrado;Inscrições Encerradas;;2;;;órgão-alvo(+2);;2 (duas) vagas para atuar na Coordenação-Geral de Unidades Descentralizadas da Secretaria-Executiva;https://oportunidades.sigepe.gov.br/oportunidades-portal/api/html/3723;21/08/2026;21/08/2026
3720;205.2/2025;2025;Defensoria Pública da União;encerrado;Inscrições Encerradas;;0;;;;;Assessoria de Integridade, Governança Executiva e Proteção de Dados (AIGEPD);https://oportunidades.sigepe.gov.br/oportunidades-portal/api/html/3720;21/08/2026;21/08/2026
3719;235.1/2025;2025;Ministério da Integração e do Desenvolvimento Regional;encerrado;Inscrições Encerradas;;4;coordenador (1.10);;coordenador (1.10)(+1), desenvolvimento regional(+1), órgão-alvo(+2);;1 vaga servidor efetivo de nível superior para FCE 1.10 na CMA/CGMA/DGINF;https://oportunidades.sigepe.gov.br/oportunidades-portal/api/html/3719;21/08/2026;21/08/2026
3717;204.1/2025;2025;Ministério da Ciência, Tecnologia e Inovação;encerrado;Inscrições Encerradas;;-1;;;órgão-alvo(+2), gratificação técnica(-3);;GSISTE/SIGA - MCTI;https://oportunidades.sigepe.gov.br/oportunidades-portal/api/html/3717;21/08/2026;21/08/2026
3716;203.1/2025;2025;Ministério da Integração e do Desenvolvimento Regional;encerrado;Inscrições Encerradas;;0;;;desenvolvimento regional(+1), órgão-alvo(+2), gratificação técnica(-3);;1 vaga -  Gratificação Temporária de Proteção e Defesa Civil (GPDEC) na CGG/DAG/SEDEC-MIDR;https://oportunidades.sigepe.gov.br/oportunidades-portal/api/html/3716;21/08/2026;21/08/2026
3709;190.1/2025;2025;Ministério das Relações Exteriores;encerrado;Inscrições Encerradas;;-3;;;gratificação técnica(-3);;GSISTE ¿ Nível Superior - Psicólogo;https://oportunidades.sigepe.gov.br/oportunidades-portal/api/html/3709;21/08/2026;21/08/2026
3703;194/2025;2025;Agência Nacional de Transportes Terrestres;encerrado;Inscrições Encerradas;;-7;;;gratificação técnica(-3), nível médio/intermediário(-4);nível médio/intermediário;GSISP - Gratificação Temporária do Sistema de Administração dos Recursos de Tecnologia da Informação;https://oportunidades.sigepe.gov.br/oportunidades-portal/api/html/3703;21/08/2026;21/08/2026
3699;192.1/2025;2025;Ministério do Trabalho e Emprego;encerrado;Inscrições Encerradas;;0;chefia baixa;Brasília;chefia baixa(-3), Brasília(+1), órgão-alvo(+2);;Chefe de Serviço de Atualização da Folha | Chefe de Divisão de Gerenciamento de Dados de Pessoal;https://oportunidades.sigepe.gov.br/oportunidades-portal/api/html/3699;21/08/2026;21/08/2026
3697;196.1/2025;2025;Ministério da Saúde;encerrado;Inscrições Encerradas;;-1;chefia baixa;;chefia baixa(-3), órgão-alvo(+2);;Função Comissionada Executiva (FCE 1.09);https://oportunidades.sigepe.gov.br/oportunidades-portal/api/html/3697;21/08/2026;21/08/2026
3696;185.1/2025;2025;Ministério da Pesca e Aquicultura;encerrado;Inscrições Encerradas;;-3;chefia baixa;;chefia baixa(-3);;FCE -1.07 (Chefe de Divisão de Licitações e Contratos);https://oportunidades.sigepe.gov.br/oportunidades-portal/api/html/3696;21/08/2026;21/08/2026
3695;208.1/2025;2025;Ministério da Justiça e Segurança Pública;encerrado;Inscrições Encerradas;;4;coordenador (1.10);Brasília;coordenador (1.10)(+1), Brasília(+1), órgão-alvo(+2);;Assessor Parlamentar/ASPAR/CGRII/ANPD;https://oportunidades.sigepe.gov.br/oportunidades-portal/api/html/3695;21/08/2026;21/08/2026
3691;201.1/2025;2025;Instituto Brasileiro de Museus;encerrado;Inscrições Encerradas;;-4;;;nível médio/intermediário(-4);nível médio/intermediário;Arquivista 1  / Nível Superior | Auxiliar 3  de Biblioteca/ Nível Médio | Auxiliar 2  de Biblioteca/ Nível Médio | Conservador/Restaurador | Núcleo de Apoio à Administração II, III IV | Técnico em Assuntos Educacionais | Auxiliar 1  de Biblioteca/ Nível Médio | Bibliotecário / Nível Superior | Museólogo;https://oportunidades.sigepe.gov.br/oportunidades-portal/api/html/3691;21/08/2026;21/08/2026
3690;478/2025;2025;Fundação Nacional de Artes;encerrado;Inscrições Encerradas;;1;;Brasília;Brasília(+1);;Engenheiro Civil;https://oportunidades.sigepe.gov.br/oportunidades-portal/api/html/3690;21/08/2026;21/08/2026
3684;191/2025;2025;Ministério do Trabalho e Emprego;encerrado;Inscrições Encerradas;;-2;;;órgão-alvo(+2), nível médio/intermediário(-4);nível médio/intermediário;Coordenação de Pagamento | Apoio à Coordenação de Pagamento | Cadastro e Acompanhamento Funcional;https://oportunidades.sigepe.gov.br/oportunidades-portal/api/html/3684;21/08/2026;21/08/2026
3682;180/2025;2025;Fundação Cultural Palmares;encerrado;Inscrições Encerradas;;0;;;;;FCE 4.10;https://oportunidades.sigepe.gov.br/oportunidades-portal/api/html/3682;21/08/2026;21/08/2026
3681;373.1/2025;2025;Ministério da Previdência Social;encerrado;Inscrições Encerradas;;3;coordenador (1.10);;coordenador (1.10)(+1), órgão-alvo(+2);;CCE 1.10 - Coordenação de Cooperação Técnica Internacional;https://oportunidades.sigepe.gov.br/oportunidades-portal/api/html/3681;21/08/2026;21/08/2026
3675;177.1/2025;2025;Ministério da Justiça e Segurança Pública;encerrado;Inscrições Encerradas;;3;;Brasília;Brasília(+1), órgão-alvo(+2);;COMPOSIÇÃO DE FORÇA DE TRABALHO NA COMISSÃO DE ÉTICA DO MINISTÉRIO DA JUSTIÇA E SEGURANÇA PÚBLICA;https://oportunidades.sigepe.gov.br/oportunidades-portal/api/html/3675;21/08/2026;21/08/2026
3673;171.1/2025;2025;Ministério da Ciência, Tecnologia e Inovação;encerrado;Inscrições Encerradas;;-4;;;infraestrutura(+1), órgão-alvo(+2), gratificação técnica(-3), nível médio/intermediário(-4);nível médio/intermediário;3 Oportunidades de GSISP - MCTI;https://oportunidades.sigepe.gov.br/oportunidades-portal/api/html/3673;21/08/2026;21/08/2026
3670;169/2025;2025;Comando do Exército;encerrado;Inscrições Encerradas;;-3;;;gratificação técnica(-3);;GSISTE - NÍVEL SUPERIOR;https://oportunidades.sigepe.gov.br/oportunidades-portal/api/html/3670;21/08/2026;21/08/2026
3665;176.2/2025;2025;Ministério da Justiça e Segurança Pública;encerrado;Inscrições Encerradas;;4;coordenador (1.10);Brasília;coordenador (1.10)(+1), Brasília(+1), órgão-alvo(+2);;ASSESSOR (FCE 4.03) COM TELETRABALHO PARCIAL NA TEMÁTICA DE REFÚGIO NO MJSP;https://oportunidades.sigepe.gov.br/oportunidades-portal/api/html/3665;21/08/2026;21/08/2026
3664;175.2/2025;2025;Ministério da Justiça e Segurança Pública;encerrado;Inscrições Encerradas;;4;coordenador (1.10);Brasília;coordenador (1.10)(+1), Brasília(+1), órgão-alvo(+2);;ASSESSOR (FCE 4.03) COM TELETRABALHO PARCIAL NA TEMÁTICA DE REFUGIADOS NO MJSP;https://oportunidades.sigepe.gov.br/oportunidades-portal/api/html/3664;21/08/2026;21/08/2026
3663;174.2/2025;2025;Ministério da Justiça e Segurança Pública;encerrado;Inscrições Encerradas;;3;;Brasília;Brasília(+1), órgão-alvo(+2);;COMPOSIÇÃO DE FORÇA DE TRABALHO NA DIVISÃO DE SOLUÇÕES DURADOURAS DA COORD. DE POLÍTICAS DE REFÚGIO;https://oportunidades.sigepe.gov.br/oportunidades-portal/api/html/3663;21/08/2026;21/08/2026
3662;197/2025;2025;Ministério do Planejamento e Orçamento;encerrado;Inscrições Encerradas;;3;coordenador (1.10);;coordenador (1.10)(+1), órgão-alvo(+2);;Coordenador de Apoio ao Gabinete da SOF;https://oportunidades.sigepe.gov.br/oportunidades-portal/api/html/3662;21/08/2026;21/08/2026
3661;181.4/2025;2025;Instituto Nacional da Propriedade Industrial;encerrado;Inscrições Encerradas;;-3;;;gratificação técnica(-3);;2 vagas GSISP para o INPI (Dados e Contratações de TIC);https://oportunidades.sigepe.gov.br/oportunidades-portal/api/html/3661;21/08/2026;21/08/2026
3659;173.1/2025;2025;Ministério da Justiça e Segurança Pública;encerrado;Inscrições Encerradas;;3;;Brasília;Brasília(+1), órgão-alvo(+2);;COMPOSIÇÃO DE FORÇA DE TRABALHO NA COORDENÇÃO DE POLÍTICAS DE REFÚGIO;https://oportunidades.sigepe.gov.br/oportunidades-portal/api/html/3659;21/08/2026;21/08/2026
3657;193.2/2025;2025;Ministério da Gestão e da Inovação em Serviços Públicos;encerrado;Inscrições Encerradas;;-1;;;órgão-alvo(+2), gratificação técnica(-3);;GSISTE Nível Superior;https://oportunidades.sigepe.gov.br/oportunidades-portal/api/html/3657;21/08/2026;21/08/2026
3656;166.1/2025;2025;Defensoria Pública da União;encerrado;Inscrições Encerradas;;1;;Brasília;Brasília(+1);;Secretaria-Geral de Controle Interno e Auditoria da Defensoria Pública-Geral da União em Brasília;https://oportunidades.sigepe.gov.br/oportunidades-portal/api/html/3656;21/08/2026;21/08/2026
3655;164.1/2025;2025;Ministério da Gestão e da Inovação em Serviços Públicos;encerrado;Inscrições Encerradas;;-1;;;órgão-alvo(+2), gratificação técnica(-3);;GSISTE de Nível Superior - Secretaria de Gestão de Pessoas - MGI;https://oportunidades.sigepe.gov.br/oportunidades-portal/api/html/3655;21/08/2026;21/08/2026
3653;161/2025;2025;Ministério do Desenvolvimento Agrário e Agricultura Familiar;encerrado;Inscrições Encerradas;;4;coordenador (1.10);;coordenador (1.10)(+1), infraestrutura(+1), órgão-alvo(+2);;1 vaga para Coordenador de Patrimônio e Infraestrutura - FCE 1.10 / MDA;https://oportunidades.sigepe.gov.br/oportunidades-portal/api/html/3653;21/08/2026;21/08/2026
3652;168.1/2025;2025;Conselho Administrativo de Defesa Econômica;encerrado;Inscrições Encerradas;;-1;chefia baixa;;chefia baixa(-3), órgão-alvo(+2);;Serviço de Atendimento e Administração Predial - SEAAP | Serviço de Gestão de Contratos - SEGEC | Serviço de Compras - SECOM | Seção de Apoio à Gestão Logística - SAGLOG FCE 1.03 | Serviço de Gestão de Contratos - SEGEC - Chefe de serviço - CCE 1.05;https://oportunidades.sigepe.gov.br/oportunidades-portal/api/html/3652;21/08/2026;21/08/2026
3650;159/2025;2025;Ministério da Gestão e da Inovação em Serviços Públicos;encerrado;Inscrições Encerradas;;3;coordenador (1.10);;coordenador (1.10)(+1), órgão-alvo(+2);;1 vaga de Coordenador(a) de Apoio à CGPAR, FCE 1.11;https://oportunidades.sigepe.gov.br/oportunidades-portal/api/html/3650;21/08/2026;21/08/2026
3644;167/2025;2025;Ministério do Empreendedorismo, da Microempresa e da Empresa de Pequeno Porte;encerrado;Inscrições Encerradas;;-7;;;gratificação técnica(-3), graduação específica(-4);graduação específica;GSISP - Nível Superior;https://oportunidades.sigepe.gov.br/oportunidades-portal/api/html/3644;21/08/2026;21/08/2026
3642;165.1/2025;2025;Ministério da Justiça e Segurança Pública;encerrado;Inscrições Encerradas;;-1;;;órgão-alvo(+2), gratificação técnica(-3);;GSISTE - NÍVEL SUPERIOR NA DIVISÃO DE PLANEJAMENTO E APOIO À GESTÃO;https://oportunidades.sigepe.gov.br/oportunidades-portal/api/html/3642;21/08/2026;21/08/2026
3641;157/2025;2025;Conselho Administrativo de Defesa Econômica;encerrado;Inscrições Encerradas;;-1;chefia baixa;;chefia baixa(-3), órgão-alvo(+2);;Divisão de Acompanhamento Processual (DIAP) - FCE 1.07;https://oportunidades.sigepe.gov.br/oportunidades-portal/api/html/3641;21/08/2026;21/08/2026
3639;170.2/2025;2025;Fundação Alexandre de Gusmão;encerrado;Inscrições Encerradas;;-3;chefia baixa;;chefia baixa(-3);;Chefe da Seção de Suporte e Tecnologia da Informação;https://oportunidades.sigepe.gov.br/oportunidades-portal/api/html/3639;21/08/2026;21/08/2026
3637;139.1/2025;2025;Fundação Cultural Palmares;encerrado;Inscrições Encerradas;;-7;;;gratificação técnica(-3), nível médio/intermediário(-4);nível médio/intermediário;1 (uma) vaga de GSISP nível intermediário;https://oportunidades.sigepe.gov.br/oportunidades-portal/api/html/3637;21/08/2026;21/08/2026
3636;153.1/2025;2025;Ministério da Saúde;encerrado;Inscrições Encerradas;;-2;;;órgão-alvo(+2), nível médio/intermediário(-4);nível médio/intermediário;Estágio - Nível médio ou Superior;https://oportunidades.sigepe.gov.br/oportunidades-portal/api/html/3636;21/08/2026;21/08/2026
3635;140.3/2025;2025;Ministério dos Direitos Humanos e da Cidadania;encerrado;Inscrições Encerradas;;2;coordenador-geral;;coordenador-geral(+5), gratificação técnica(-3);;Coordenador-Geral (FCE 1.13) junto à Coordenação-Geral de Pesquisas, Dados e Informações | Coordenador (FCE 1.10) junto à Coordenação-Geral de Tecnologia da Informação | Chefe de Divisão (FCE 1.07) junto à Coordenação-Geral de Contabilidade e Transferências | GSISTE/NS para atuar junto a Secretaria-Executiva | Coordenador (FCE 1.10) junto à Assessoria Especial de Assuntos Parlamentares e Federativ;https://oportunidades.sigepe.gov.br/oportunidades-portal/api/html/3635;21/08/2026;21/08/2026
3633;142.1/2025;2025;Fundação Escola Nacional de Administração Pública;encerrado;Inscrições Encerradas;;-1;;;órgão-alvo(+2), gratificação técnica(-3);;Gratificação temporária de atividade em escola de governo, nível superior;https://oportunidades.sigepe.gov.br/oportunidades-portal/api/html/3633;21/08/2026;21/08/2026
3630;228.2/2025;2025;Instituto Nacional de Tecnologia da Informação;encerrado;Inscrições Encerradas;;-3;;;gratificação técnica(-3);;Gratificação (GSISP) - Transformação Digital dos serviços do ITI;https://oportunidades.sigepe.gov.br/oportunidades-portal/api/html/3630;21/08/2026;21/08/2026
3629;138.1/2025;2025;Ministério da Gestão e da Inovação em Serviços Públicos;encerrado;Inscrições Encerradas;;2;;;órgão-alvo(+2);;Central de Compras - Coord. Ata e Contratos | Central de Compras - Coord. Contratações de Tecnologia da Informação e Comunicação | Central de Compras - Coord. Serviços Compartilhados | Central de Compras - Coord. Licitações;https://oportunidades.sigepe.gov.br/oportunidades-portal/api/html/3629;21/08/2026;21/08/2026
3628;136.1/2025;2025;Ministério do Turismo;encerrado;Inscrições Encerradas;;-1;;;órgão-alvo(+2), gratificação técnica(-3);;GSISP-NS para atuar na CGTI do MTur;https://oportunidades.sigepe.gov.br/oportunidades-portal/api/html/3628;21/08/2026;21/08/2026
3624;135.1/2025;2025;Ministério da Gestão e da Inovação em Serviços Públicos;encerrado;Inscrições Encerradas;;3;coordenador (1.10);;coordenador (1.10)(+1), órgão-alvo(+2);;FCE 2.10 - Assessor Técnico para atuar na Assessoria da Secretaria de Governo Digital;https://oportunidades.sigepe.gov.br/oportunidades-portal/api/html/3624;21/08/2026;21/08/2026
3623;134.1/2025;2025;Ministério da Saúde;encerrado;Inscrições Encerradas;;-6;;DLOG/SE;DLOG/SE(-5), órgão-alvo(+2), gratificação técnica(-3);;Pregoeiro - GSISTE- Nível superior - 1 (uma) vaga;https://oportunidades.sigepe.gov.br/oportunidades-portal/api/html/3623;21/08/2026;21/08/2026
3618;141.1/2025;2025;Ministério da Justiça e Segurança Pública;encerrado;Inscrições Encerradas;;3;coordenador (1.10);;coordenador (1.10)(+1), órgão-alvo(+2);;Coordenador de Administração (FCE 1.10) na SENAD/MJSP;https://oportunidades.sigepe.gov.br/oportunidades-portal/api/html/3618;21/08/2026;21/08/2026
3616;132/2025;2025;Ministério das Relações Exteriores;encerrado;Inscrições Encerradas;;-7;;;gratificação técnica(-3), nível médio/intermediário(-4);nível médio/intermediário;GSISTE - Nível Intermediário - Assistente na Área de Capacitação e Treinamento;https://oportunidades.sigepe.gov.br/oportunidades-portal/api/html/3616;21/08/2026;21/08/2026
3615;131.2/2025;2025;Ministério da Gestão e da Inovação em Serviços Públicos;encerrado;Inscrições Encerradas;;-1;;;órgão-alvo(+2), gratificação técnica(-3);;GSISTE na Coordenação-Geral de Interoperabilidade;https://oportunidades.sigepe.gov.br/oportunidades-portal/api/html/3615;21/08/2026;21/08/2026
3614;129.1/2025;2025;Ministério dos Povos Indígenas;encerrado;Inscrições Encerradas;;-3;chefia baixa;;chefia baixa(-3);;Assistente FCE 2.07;https://oportunidades.sigepe.gov.br/oportunidades-portal/api/html/3614;21/08/2026;21/08/2026
3608;215.1/2025;2025;Ministério do Trabalho e Emprego;encerrado;Inscrições Encerradas;;4;secretário/diretor;ANÁPOLIS - GRTE ANÁPOLIS-SRTE/GO;secretário/diretor(+6), ANÁPOLIS - GRTE ANÁPOLIS-SRTE/GO(-5), políticas públicas(+1), órgão-alvo(+2);;GERÊNCIA REGIONAL DO TRABALHO EM ANÁPOLIS - GRTE ANÁPOLIS-SRTE/GO | SERVIÇO DE ADMINISTRAÇÃO - SEAD- SRTE/GO | AGÊNCIA REGIONAL DO TRABALHO EM PIRES DO RIO - ARTE PIRES DO RIO - SRTE/GO | AGÊNCIA REGIONAL DO TRABALHO EM CALDAS NOVAS - ARTE CALDAS NOVAS - SRTE/GO | SETOR DE FISCALIZAÇÃO DE SEGURANÇA E SAÚDE NO TRABALHO - SEGUR - SRTE/GO | AGÊNCIA REGIONAL DO TRABALHO EM RIO VERDE - ARTE RIO VERDE -;https://oportunidades.sigepe.gov.br/oportunidades-portal/api/html/3608;21/08/2026;21/08/2026
3607;162.2/2025;2025;Ministério dos Direitos Humanos e da Cidadania;encerrado;Inscrições Encerradas;;0;;;;;Oportunidade para ATPS e EPPGG atuarem junto às pautas de Direitos Humanos;https://oportunidades.sigepe.gov.br/oportunidades-portal/api/html/3607;21/08/2026;21/08/2026
3602;155.2/2025;2025;Ministério da Fazenda;encerrado;Inscrições Encerradas;;-5;;;órgão-alvo(+2), gratificação técnica(-3), nível médio/intermediário(-4);nível médio/intermediário;2 GSISTEs de Nível Intermediário (NI) | 8 GSISTEs de Nível Superior (NS);https://oportunidades.sigepe.gov.br/oportunidades-portal/api/html/3602;21/08/2026;21/08/2026
3598;149.4/2025;2025;Ministério da Fazenda;encerrado;Inscrições Encerradas;;-4;chefia baixa;;chefia baixa(-3), órgão-alvo(+2), gratificação técnica(-3);;Chefe da Divisão de Contratações - FCE 1.07 + GSISTE NS | Chefe da Divisão de Engenharia - FCE 1.07 + GSISTE NS | Chefe do Serviço de Manutenção - FCE 1.05;https://oportunidades.sigepe.gov.br/oportunidades-portal/api/html/3598;21/08/2026;21/08/2026
3596;635.1/2025;2025;Ministério da Justiça e Segurança Pública;encerrado;Inscrições Encerradas;;3;;Brasília;Brasília(+1), órgão-alvo(+2);;Capacitação e Desenvolvimento - DGP/CGA/ANPD;https://oportunidades.sigepe.gov.br/oportunidades-portal/api/html/3596;21/08/2026;21/08/2026
3595;227.2/2025;2025;Instituto Nacional de Tecnologia da Informação;encerrado;Inscrições Encerradas;;-3;;;gratificação técnica(-3);;Gratificação (GSISP) - Gestão de Dados e Informações dos serviços do ITI;https://oportunidades.sigepe.gov.br/oportunidades-portal/api/html/3595;21/08/2026;21/08/2026
3590;118.1/2025;2025;Ministério da Agricultura e Pecuária;encerrado;Inscrições Encerradas;;-7;;;gratificação técnica(-3), nível médio/intermediário(-4);nível médio/intermediário;GSISTE DE NÍVEL INTERMEDIÁRIO;https://oportunidades.sigepe.gov.br/oportunidades-portal/api/html/3590;21/08/2026;21/08/2026
3589;117.1/2025;2025;Ministério da Agricultura e Pecuária;encerrado;Inscrições Encerradas;;-3;;;gratificação técnica(-3);;Gratificação Temporária do Sistema de Administração dos Recursos de Tecnologia da Informação (GSISP);https://oportunidades.sigepe.gov.br/oportunidades-portal/api/html/3589;21/08/2026;21/08/2026
3588;385.2/2025;2025;Instituto Brasileiro de Museus;encerrado;Inscrições Encerradas;;-4;;;nível médio/intermediário(-4);nível médio/intermediário;NÍVEL MÉDIO/SUPERIOR - ÁREA TÉCNICA (TÉCNICO EM CONSERVAÇÃO E RESTAURO) | NÍVEL SUPERIOR - ÁREA TÉCNICA (MUSEOLOGIA) | NÍVEL SUPERIOR - ÁREA ADMINISTRATIVA (ADMINISTRADOR) | NÍVEL SUPERIOR - ÁREA TÉCNICA (BIBLIOTECÁRIO) | NÍVEL SUPERIOR - ÁREA TÉCNICA (TÉCNICO EM ASSUNTOS EDUCACIONAIS) | NÍVEL MÉDIO- ÁREA ADMINISTRATIVA;https://oportunidades.sigepe.gov.br/oportunidades-portal/api/html/3588;21/08/2026;21/08/2026
3587;116.1/2025;2025;Ministério da Agricultura e Pecuária;encerrado;Inscrições Encerradas;;-3;;;gratificação técnica(-3);;Gratificação Temporária do Sistema de Administração dos Recursos de Tecnologia da Informação (GSISP);https://oportunidades.sigepe.gov.br/oportunidades-portal/api/html/3587;21/08/2026;21/08/2026
3585;120.5/2025;2025;Ministério da Gestão e da Inovação em Serviços Públicos;encerrado;Inscrições Encerradas;;-5;;;órgão-alvo(+2), gratificação técnica(-3), nível médio/intermediário(-4);nível médio/intermediário;GSISP NS - Privacidade e Segurança da Informação - 13 vagas | GSISP NI - Privacidade e Segurança da Informação - 17 vagas;https://oportunidades.sigepe.gov.br/oportunidades-portal/api/html/3585;21/08/2026;21/08/2026
3584;145.5/2025;2025;Fundação Jorge Duprat Figueiredo, de Segurança e Medicina do Trabalho;encerrado;Inscrições Encerradas;;-1;;;planejamento estratégico(+2), infraestrutura(+1), nível médio/intermediário(-4);"nível médio/intermediário; área da saúde";Suporte à Gestão da infraestrutura e logística, gestão orçamentária e apoio administrativo NI - EAES | Suporte à Gestão da infraestrutura e logística, gestão orçamentária e apoio administrativo NI - EADF | AUDITORIA INTERNA | GESTÃO DA INFRAESTRUTURA | Suporte à Gestão da infraestrutura e logística, gestão orçamentária e apoio administrativo NI - EAPR | GESTÃO DA QUALIDADE DE LABORATÓRIOS DE ENSAI;https://oportunidades.sigepe.gov.br/oportunidades-portal/api/html/3584;21/08/2026;21/08/2026
3583;112.1/2025;2025;Ministério da Justiça e Segurança Pública;encerrado;Inscrições Encerradas;;2;;;órgão-alvo(+2);;FCE 4.04 e Teletrabalho Parcial em Legislação de Pessoal no MJSP;https://oportunidades.sigepe.gov.br/oportunidades-portal/api/html/3583;21/08/2026;21/08/2026
3582;137.2/2025;2025;Ministério da Saúde;encerrado;Inscrições Encerradas;;3;;Brasília;Brasília(+1), órgão-alvo(+2);;Vaga para teletrabalho híbrido com Vigilância de Doenças Crônicas não Transmissíveis;https://oportunidades.sigepe.gov.br/oportunidades-portal/api/html/3582;21/08/2026;21/08/2026
3580;113.3/2025;2025;Ministério da Gestão e da Inovação em Serviços Públicos;encerrado;Inscrições Encerradas;;0;;;ciência de dados(+1), órgão-alvo(+2), gratificação técnica(-3);;GSISP Nível Superior para atuar em soluções de ciência de dados e IA aplicadas ao setor público;https://oportunidades.sigepe.gov.br/oportunidades-portal/api/html/3580;21/08/2026;21/08/2026
3579;111.1/2025;2025;Ministério da Justiça e Segurança Pública;encerrado;Inscrições Encerradas;;3;;Brasília;Brasília(+1), órgão-alvo(+2);;FCE 4.03 e Teletrabalho Parcial na temática de extradição e transferência de pessoas condenadas;https://oportunidades.sigepe.gov.br/oportunidades-portal/api/html/3579;21/08/2026;21/08/2026
3575;110/2025;2025;Ministério da Gestão e da Inovação em Serviços Públicos;encerrado;Inscrições Encerradas;;3;coordenador (1.10);;coordenador (1.10)(+1), órgão-alvo(+2);;01 (uma) vaga para FCE 1.10 - Coordenador de Acompanhamento de Planos de Saúde de Estatais.;https://oportunidades.sigepe.gov.br/oportunidades-portal/api/html/3575;21/08/2026;21/08/2026
3572;238.1/2025;2025;Ministério da Fazenda;encerrado;Inscrições Encerradas;;3;;Brasília;Brasília(+1), órgão-alvo(+2);;OUVIR - 001 (Coordenação de Transparência) | OUVIR - 002 (Coordenação de Ouvidoria) | OUVIR - 003 (Núcleo de Tecnologia da Informação);https://oportunidades.sigepe.gov.br/oportunidades-portal/api/html/3572;21/08/2026;21/08/2026
3570;101.1/2025;2025;Ministério da Justiça e Segurança Pública;encerrado;Inscrições Encerradas;;3;;Brasília;Brasília(+1), órgão-alvo(+2);;Teletrabalho Parcial  na Coordenação da Rede Nacional de Laboratórios contra Lavagem de Dinheiro;https://oportunidades.sigepe.gov.br/oportunidades-portal/api/html/3570;21/08/2026;21/08/2026
3568;99.1/2025;2025;Ministério da Agricultura e Pecuária;encerrado;Inscrições Encerradas;;-8;chefia baixa;Setor de Meteorologia - INMET/PI;chefia baixa(-3), Setor de Meteorologia - INMET/PI(-5);;Chefia do Setor de Meteorologia - INMET/PI (FCE 1.02) - SeINMET/SFA-PI | Seção de Gestão de Pessoas - SEGP/CAD/SFA-PI | Atividades Relacionadas ao Orçamento e Finanças - DIPOF/CAD/SFA-PI | Chefia da Divisão de Planejamento, Orçamentário e Financeiro/DIPOF (FCE 1.07) -  DIPOF/CAD/SFA-PI | Divisão de Aquisições e Logística - DIAL/CAD/SFA-PI;https://oportunidades.sigepe.gov.br/oportunidades-portal/api/html/3568;21/08/2026;21/08/2026
3567;121.1/2025;2025;Ministério da Fazenda;encerrado;Inscrições Encerradas;;4;coordenador (1.10);Brasília;coordenador (1.10)(+1), Brasília(+1), órgão-alvo(+2);;Função Comissionada Executiva - FCE 4.04 - Assessor(a) Técnico(a) Especializado(a);https://oportunidades.sigepe.gov.br/oportunidades-portal/api/html/3567;21/08/2026;21/08/2026
3562;107/2025;2025;Ministério do Desenvolvimento, Indústria, Comércio e Serviços;encerrado;Inscrições Encerradas;;-1;chefia baixa;;chefia baixa(-3), órgão-alvo(+2);;Chefe de Divisão (FCE 1.07);https://oportunidades.sigepe.gov.br/oportunidades-portal/api/html/3562;21/08/2026;21/08/2026
3560;95.1/2025;2025;Presidência da República;encerrado;Inscrições Encerradas;;-1;chefia baixa;;chefia baixa(-3), órgão-alvo(+2);;CCE 2.01 para trabalhar na execução orçamentária e financeira;https://oportunidades.sigepe.gov.br/oportunidades-portal/api/html/3560;21/08/2026;21/08/2026
3559;93.5/2025;2025;Fundação Escola Nacional de Administração Pública;encerrado;Inscrições Encerradas;;-1;;;órgão-alvo(+2), gratificação técnica(-3);;Gratificação Temporária de Atividade em Escola de Governo de Nível Superior - Enap;https://oportunidades.sigepe.gov.br/oportunidades-portal/api/html/3559;21/08/2026;21/08/2026
3558;114.2/2025;2025;Ministério do Trabalho e Emprego;encerrado;Inscrições Encerradas;;3;;;políticas públicas(+1), órgão-alvo(+2);;Agência Regional do Trabalho e Emprego em Araguaína | Agência Regional do Trabalho e Emprego em Gurupi | Setor de Benefícios- SEB | Núcleo de Economia Popular e Solidária - NEPS | Motorista | Núcleo de Apoio ao Cidadão -NAC | Setor de Apoio às Politicas Públicas - SEAP | Serviço de Administração - SEAD | Superintendência Regional do Trabalho e Emprego no Estado de Tocantins;https://oportunidades.sigepe.gov.br/oportunidades-portal/api/html/3558;21/08/2026;21/08/2026
3557;122/2025;2025;Conselho Administrativo de Defesa Econômica;encerrado;Inscrições Encerradas;;2;;;órgão-alvo(+2);;Divisão de Compliance e Gestão de Riscos (Dicor);https://oportunidades.sigepe.gov.br/oportunidades-portal/api/html/3557;21/08/2026;21/08/2026
3556;94/2025;2025;Presidência da República;encerrado;Inscrições Encerradas;;-1;;;órgão-alvo(+2), gratificação técnica(-3);;GSISP-Nível superior;https://oportunidades.sigepe.gov.br/oportunidades-portal/api/html/3556;21/08/2026;21/08/2026
3555;92/2025;2025;Fundação Cultural Palmares;encerrado;Inscrições Encerradas;;-3;;;gratificação técnica(-3);;1 (uma) vaga Gsiste nível superior;https://oportunidades.sigepe.gov.br/oportunidades-portal/api/html/3555;21/08/2026;21/08/2026
3554;91/2025;2025;Ministério do Desenvolvimento, Indústria, Comércio e Serviços;encerrado;Inscrições Encerradas;;3;coordenador (1.10);;coordenador (1.10)(+1), órgão-alvo(+2);;01 vagas para Chefe de Divisão e 02 vagas para Coordenador - DEIN-SDIC-MDIC;https://oportunidades.sigepe.gov.br/oportunidades-portal/api/html/3554;21/08/2026;21/08/2026
3553;90.4/2025;2025;Instituto de Pesquisa Econômica Aplicada;encerrado;Inscrições Encerradas;;3;;Brasília;Brasília(+1), urbano(+2);;Coordenação-Geral de Estudos Regionais, Urbanos e Ambientais (CGRUR);https://oportunidades.sigepe.gov.br/oportunidades-portal/api/html/3553;21/08/2026;21/08/2026
3550;89.3/2025;2025;Ministério da Integração e do Desenvolvimento Regional;encerrado;Inscrições Encerradas;;0;;;desenvolvimento regional(+1), órgão-alvo(+2), gratificação técnica(-3);;2 vagas GSISTE de Nível Superior na Divisão de Atividades Auxiliares (DAA/CSG/CGSL/DA/SE);https://oportunidades.sigepe.gov.br/oportunidades-portal/api/html/3550;21/08/2026;21/08/2026
3549;96.2/2025;2025;Ministério da Fazenda;encerrado;Inscrições Encerradas;;2;;;órgão-alvo(+2);;-Perfil 7 - Análise de dados | -Perfil 8 - Sistemas | Perfil 13 - Fiscalização de Apostas | -Perfil 6 - Conformidade | Perfil 12 - Ação Sancionadora | -Perfil 1 - Comunicação Social | -Perfil 3 - Apoio Administrativo | -Perfil 4 - Regulação | Perfil 11 - Autorização | -Perfil 5 - Jogo Responsável | -Perfil 9 - Arrecadação e Repasses | Perfil 10 - Fiscalização | -Perfil 2 - Gestão de Pessoas;https://oportunidades.sigepe.gov.br/oportunidades-portal/api/html/3549;21/08/2026;21/08/2026
3547;85.1/2025;2025;Ministério do Turismo;encerrado;Inscrições Encerradas;;-5;;;órgão-alvo(+2), gratificação técnica(-3), nível médio/intermediário(-4);nível médio/intermediário;Composição de Força de Trabalho - GSISTE (NS) - CGRL/SAD | Composição de Força de Trabalho - CGRL/SAD;https://oportunidades.sigepe.gov.br/oportunidades-portal/api/html/3547;21/08/2026;21/08/2026
3546;84.4/2025;2025;Ministério do Turismo;encerrado;Inscrições Encerradas;;3;;Brasília;Brasília(+1), órgão-alvo(+2);;Composição de Força de Trabalho - CGTURES/DEQUA/SNPTUR | Composição de Força de Trabalho - CGQT/DEQUA/SNPTUR;https://oportunidades.sigepe.gov.br/oportunidades-portal/api/html/3546;21/08/2026;21/08/2026
3545;86/2025;2025;Ministério do Planejamento e Orçamento;encerrado;Inscrições Encerradas;;-1;;;órgão-alvo(+2), gratificação técnica(-3);;Vaga para atuar na Coordenação de Orçamento e Finanças com a percepção de GSISTE. | Vaga para atuar na Coordenação de Orçamento e Finanças com percepção de Gsiste;https://oportunidades.sigepe.gov.br/oportunidades-portal/api/html/3545;21/08/2026;21/08/2026
3544;82.1/2025;2025;Ministério do Turismo;encerrado;Inscrições Encerradas;;0;;Brasília;Brasília(+1), infraestrutura(+1), órgão-alvo(+2), graduação específica(-4);graduação específica;Composição de Força de Trabalho - CGINFRA/DIETU/SNINFRA;https://oportunidades.sigepe.gov.br/oportunidades-portal/api/html/3544;21/08/2026;21/08/2026
3543;83/2025;2025;Defensoria Pública da União;encerrado;Inscrições Encerradas;;1;;Brasília;Brasília(+1);;Assessoria Internacional da Defensoria Pública da União em Brasília - DF | Secretaria de Ações Estratégicas e Acesso à Justiça da Defensoria Pública da União em Brasília-DF | Observatório da Violência Contra as Mulheres na Defensoria Pública da União em Brasília - DF.;https://oportunidades.sigepe.gov.br/oportunidades-portal/api/html/3543;21/08/2026;21/08/2026
3542;87/2025;2025;Ministério da Defesa;encerrado;Inscrições Encerradas;;-3;;;gratificação técnica(-3);;GSISP- Nivel Superior - Transformação Digital;https://oportunidades.sigepe.gov.br/oportunidades-portal/api/html/3542;21/08/2026;21/08/2026
3541;80.1/2025;2025;Ministério do Turismo;encerrado;Inscrições Encerradas;;3;;Brasília;Brasília(+1), órgão-alvo(+2);;Composição de Força de Trabalho - CGCRED/DEINV/SNINFRA;https://oportunidades.sigepe.gov.br/oportunidades-portal/api/html/3541;21/08/2026;21/08/2026
3540;79.1/2025;2025;Ministério do Turismo;encerrado;Inscrições Encerradas;;3;;Brasília;Brasília(+1), órgão-alvo(+2);;Composição de Força de Trabalho - CGPC/DEINV/SNINFRA;https://oportunidades.sigepe.gov.br/oportunidades-portal/api/html/3540;21/08/2026;21/08/2026
3539;81.3/2025;2025;Ministério do Trabalho e Emprego;encerrado;Inscrições Encerradas;;-3;;São Luís/MA;São Luís/MA(-5), órgão-alvo(+2);;Gerência Regional do Trabalho e Emprego | Sede da Superintendência Regional do Trabalho e Emprego no Maranhão;https://oportunidades.sigepe.gov.br/oportunidades-portal/api/html/3539;21/08/2026;21/08/2026
3538;78.1/2025;2025;Ministério do Turismo;encerrado;Inscrições Encerradas;;-1;chefia baixa;;chefia baixa(-3), órgão-alvo(+2);;APOIO ADMINISTRATIVO - FCE 1.06;https://oportunidades.sigepe.gov.br/oportunidades-portal/api/html/3538;21/08/2026;21/08/2026
3537;97.2/2025;2025;Ministério do Trabalho e Emprego;encerrado;Inscrições Encerradas;;3;secretário/diretor;SRTE/MS;secretário/diretor(+6), SRTE/MS(-5), órgão-alvo(+2);;Serviço de Administração - SEAD/SRTE/MS | Agência Regional do Trabalho e Emprego em Corumbá -ARTE | Setor de Apoio ao Superintendente - SAS/SRTE/MS | Gerência Regional do Trabalho e Emprego em Dourados - GRTE | Serviços Gerais-SESG/SRTE/MS | Seção de Relações do Trabalho - SERET/SRTE/MS | Núcleo de Gestão de Pessoas - NGP/SRTE/MS | Seção de Políticas de Trabalho - SPT/SRTE/MS | Seção de Fiscalizaç;https://oportunidades.sigepe.gov.br/oportunidades-portal/api/html/3537;21/08/2026;21/08/2026
3536;74/2025;2025;Instituto do Patrimônio Histórico e Artístico Nacional;encerrado;Inscrições Encerradas;;-2;;Brasília;Brasília(+1), gratificação técnica(-3);;GSISTE - SIPEC/Nível Superior na DIVAPE/COAPE/COGEP/DPA, em Brasília/DF.;https://oportunidades.sigepe.gov.br/oportunidades-portal/api/html/3536;21/08/2026;21/08/2026
3535;75/2025;2025;Instituto do Patrimônio Histórico e Artístico Nacional;encerrado;Inscrições Encerradas;;-2;;Brasília;Brasília(+1), gratificação técnica(-3);;Gratificação: GSISTE - SIPEC/Nível Superior, na CODEP/COGEP/DPA, em Brasília/DF.;https://oportunidades.sigepe.gov.br/oportunidades-portal/api/html/3535;21/08/2026;21/08/2026
3534;73.1/2025;2025;Ministério do Turismo;encerrado;Inscrições Encerradas;;3;;Brasília;Brasília(+1), órgão-alvo(+2);;Profissional de Nível Superior - DMEX/SNPTUR;https://oportunidades.sigepe.gov.br/oportunidades-portal/api/html/3534;21/08/2026;21/08/2026
3531;88.1/2025;2025;Ministério do Desenvolvimento, Indústria, Comércio e Serviços;encerrado;Inscrições Encerradas;;0;;;infraestrutura(+1), órgão-alvo(+2), gratificação técnica(-3);;GSISP NS - Transformação Digital | GSISP NS - Infraestrutura e Serviços de TI | GSISP NS -  Governança de TI;https://oportunidades.sigepe.gov.br/oportunidades-portal/api/html/3531;21/08/2026;21/08/2026
3530;77.1/2025;2025;Ministério do Esporte;encerrado;Inscrições Encerradas;;-3;;;gratificação técnica(-3);;Gestão de Dados e Informações | Privacidade e Segurança da Informação;https://oportunidades.sigepe.gov.br/oportunidades-portal/api/html/3530;21/08/2026;21/08/2026
3529;67.1/2025;2025;Agência Espacial Brasileira;encerrado;Inscrições Encerradas;;-1;;;espacial(+2), gratificação técnica(-3);;GSISP de Nível Superior (NS) para Área de Transformação Digital da Agência Espacial Brasileira - AEB;https://oportunidades.sigepe.gov.br/oportunidades-portal/api/html/3529;21/08/2026;21/08/2026
3526;66/2025;2025;Ministério da Saúde;encerrado;Inscrições Encerradas;;5;coordenador (1.10);;coordenador (1.10)(+1), prospecção(+2), órgão-alvo(+2);;FCE 1.07 - Chefe de Divisão de Prospecção e Projetos de Inovação em Informática em Saúde - DIPIIS | FCE 1.11 - Coordenador de Padrões de Informática em Saúde - COPIS | FCE 4.03 - Assessor Técnico Especializado;https://oportunidades.sigepe.gov.br/oportunidades-portal/api/html/3526;21/08/2026;21/08/2026
3525;69.3/2025;2025;Ministério da Saúde;encerrado;Inscrições Encerradas;;-4;;;infraestrutura(+1), órgão-alvo(+2), gratificação técnica(-3), nível médio/intermediário(-4);nível médio/intermediário;INCA GSISP - NS - Transformação Digital - Governança | INCA GSISP - NI - Infraestrutura e Plataformas Digitais;https://oportunidades.sigepe.gov.br/oportunidades-portal/api/html/3525;21/08/2026;21/08/2026
3524;64/2025;2025;Fundação Nacional de Saúde;encerrado;Inscrições Encerradas;;-3;;;gratificação técnica(-3);;Agente de Contratação e Pregoeiro;https://oportunidades.sigepe.gov.br/oportunidades-portal/api/html/3524;21/08/2026;21/08/2026
3523;65.1/2025;2025;Agência Espacial Brasileira;encerrado;Inscrições Encerradas;;-5;;;espacial(+2), gratificação técnica(-3), nível médio/intermediário(-4);nível médio/intermediário;GSISP de Nível Intermediário (NI) para Área de Contratações de TI da Agência Espacial Brasileira - A;https://oportunidades.sigepe.gov.br/oportunidades-portal/api/html/3523;21/08/2026;21/08/2026
3519;58.1/2025;2025;Ministério da Integração e do Desenvolvimento Regional;encerrado;Inscrições Encerradas;;3;;;desenvolvimento regional(+1), órgão-alvo(+2);;2 vagas Coordenação de Monitoramento de Eventos Adversos (CMEA/CGMA/Cenad/Sedec);https://oportunidades.sigepe.gov.br/oportunidades-portal/api/html/3519;21/08/2026;21/08/2026
3518;57.1/2025;2025;Ministério da Integração e do Desenvolvimento Regional;encerrado;Inscrições Encerradas;;3;;;desenvolvimento regional(+1), órgão-alvo(+2);;2 vagas Coordenação de Alerta e Inovação (CAI/CGMA/CENAD/Sedec);https://oportunidades.sigepe.gov.br/oportunidades-portal/api/html/3518;21/08/2026;21/08/2026
3516;55.3/2025;2025;Ministério da Integração e do Desenvolvimento Regional;encerrado;Inscrições Encerradas;;3;;;desenvolvimento regional(+1), órgão-alvo(+2);;2 vagas Coordenação de Comunicação (CC/CGMA/Cenad/Sedec);https://oportunidades.sigepe.gov.br/oportunidades-portal/api/html/3516;21/08/2026;21/08/2026
3514;56.1/2025;2025;Fundação Escola Nacional de Administração Pública;encerrado;Inscrições Encerradas;;-5;;;órgão-alvo(+2), gratificação técnica(-3), nível médio/intermediário(-4);nível médio/intermediário;Gratificação Temporária de Atividade em Escola de Governo de Nível Intermediário - CGLOG;https://oportunidades.sigepe.gov.br/oportunidades-portal/api/html/3514;21/08/2026;21/08/2026
3511;63/2025;2025;Conselho Nacional de Desenvolvimento Científico e Tecnológico;encerrado;Inscrições Encerradas;;-7;;;gratificação técnica(-3), nível médio/intermediário(-4);nível médio/intermediário;GSISP/NI - Gestão e Planejamento de TI - Nível Médio | GSISP/NS - Transformação Digital - Nível Superior | GSISP/NS - Dados e Informações - Nível Superior | GSISP/NS - Privacidade e Segurança da Informação - Nível Superior;https://oportunidades.sigepe.gov.br/oportunidades-portal/api/html/3511;21/08/2026;21/08/2026
3509;50.2/2025;2025;Fundação Escola Nacional de Administração Pública;encerrado;Inscrições Encerradas;;-1;;;órgão-alvo(+2), gratificação técnica(-3);;Gratificação Temporária de Atividade em Escola de Governo de Nível Superior - CGLOG;https://oportunidades.sigepe.gov.br/oportunidades-portal/api/html/3509;21/08/2026;21/08/2026
3508;70.1/2025;2025;Agência Nacional de Aviação Civil;encerrado;Inscrições Encerradas;;0;;;;;Gestão e Fiscalização de Contratos;https://oportunidades.sigepe.gov.br/oportunidades-portal/api/html/3508;21/08/2026;21/08/2026
3507;102.1/2025;2025;Departamento Nacional de Infraestrutura de Transportes;encerrado;Inscrições Encerradas;;-6;;;infraestrutura(+1), gratificação técnica(-3), nível médio/intermediário(-4);nível médio/intermediário;01 (uma) GSISP de nível superior para a área de Privacidade e Segurança da Informação | 01 (uma) GSISP de nível intermediário para a área de Infraestrutura e Plataformas Digitais | 01 (uma) GSISP de nível superior para a área de Transformação Digital;https://oportunidades.sigepe.gov.br/oportunidades-portal/api/html/3507;21/08/2026;21/08/2026
3502;52.1/2025;2025;Ministério da Gestão e da Inovação em Serviços Públicos;encerrado;Inscrições Encerradas;;7;coordenador-geral;;coordenador-geral(+5), órgão-alvo(+2);;FCE 1.13 para liderar a Coordenação-Geral de Ecossistemas de Dados da Secretaria de Governo Digital;https://oportunidades.sigepe.gov.br/oportunidades-portal/api/html/3502;21/08/2026;21/08/2026
3501;45.1/2025;2025;Ministério do Trabalho e Emprego;encerrado;Inscrições Encerradas;;-3;;SRTE/BA;SRTE/BA(-5), órgão-alvo(+2);;Superitendência Regional do Trabalho e Emprego na Bahia | Agência Regional do Trabalho e Emprego em Bom Jesus da Lapa | Agência Regional do Trabalho e Emprego em Paulo Afonso | Agência Regional do Trabalho e Emprego em Itabuna | Agência Regional do Trabalho e Emprego em Irecê | Gerência Regional do Trabalho e Emprego em Eunápolis | Gerência Regional do Trabalho e Emprego em Feira de Santana | Agên;https://oportunidades.sigepe.gov.br/oportunidades-portal/api/html/3501;21/08/2026;21/08/2026
3500;44/2025;2025;Instituto do Patrimônio Histórico e Artístico Nacional;encerrado;Inscrições Encerradas;;2;coordenador (1.10);Brasília;coordenador (1.10)(+1), Brasília(+1);;FCE 1.10 na Coordenação de Produção de Conteúdo e Canais Digitais - CPD.;https://oportunidades.sigepe.gov.br/oportunidades-portal/api/html/3500;21/08/2026;21/08/2026
3497;49/2025;2025;Ministério do Trabalho e Emprego;encerrado;Inscrições Encerradas;;-3;;Serviço de Administração SRTE/AP;Serviço de Administração SRTE/AP(-5), órgão-alvo(+2);;1 (uma) vaga para atuar no Serviço de Administração SRTE/AP | 1 (uma) vaga para atuar na Seção de Relações do Trabalho SRTE/AP | 2 (duas) vagas para atuar no Setor de Serviços Gerais SRTE/AP | 1 (uma) vaga para atuar no Setor de Execução Orçamentária e Financeira SRTE/AP | 2 (duas) vagas para atuar no Núcleo de Gestão de Pessoas SRTE/AP | 1 (uma) vaga para atuar como MOTORISTA - SEAD/SRTE/AP | 1 (;https://oportunidades.sigepe.gov.br/oportunidades-portal/api/html/3497;21/08/2026;21/08/2026
3496;38/2025;2025;Ministério da Gestão e da Inovação em Serviços Públicos;encerrado;Inscrições Encerradas;;-1;chefia baixa;;chefia baixa(-3), órgão-alvo(+2);;FCE 2.07 - Assistente - CGORC/DOGES/SEST;https://oportunidades.sigepe.gov.br/oportunidades-portal/api/html/3496;21/08/2026;21/08/2026
3492;37.1/2025;2025;Ministério da Gestão e da Inovação em Serviços Públicos;encerrado;Inscrições Encerradas;;-1;;;órgão-alvo(+2), gratificação técnica(-3);;GSISP nível superior para projetos de transformação digital.;https://oportunidades.sigepe.gov.br/oportunidades-portal/api/html/3492;21/08/2026;21/08/2026
3491;36/2025;2025;Ministério da Gestão e da Inovação em Serviços Públicos;encerrado;Inscrições Encerradas;;-5;;;órgão-alvo(+2), gratificação técnica(-3), nível médio/intermediário(-4);nível médio/intermediário;GSISTE - Inovação e Estudos, Nível Intermediário | GSISTE - Inovação e Estudos - Níveis Superior;https://oportunidades.sigepe.gov.br/oportunidades-portal/api/html/3491;21/08/2026;21/08/2026
3489;72/2025;2025;Ministério do Trabalho e Emprego;encerrado;Inscrições Encerradas;;2;;;órgão-alvo(+2);;Sede da Superintendência Regional do Trabalho e Emprego no Estado de Rondônia | Agência Regional do Trabalho e Emprego em Guajará Mirim | Agência Regional do Trabalho e Emprego em Ji Paraná | Agência Regional do Trabalho e Emprego em Ariquemes | Agência Regional do Trabalho e Emprego em Vilhena;https://oportunidades.sigepe.gov.br/oportunidades-portal/api/html/3489;21/08/2026;21/08/2026
3488;76.1/2025;2025;Ministério da Gestão e da Inovação em Serviços Públicos;encerrado;Inscrições Encerradas;;-2;;;órgão-alvo(+2), nível médio/intermediário(-4);nível médio/intermediário;Gestão de Processos / Gestão Documental / Gestão Interna | Gestão de Dados / Gestão do Conhecimento em DFT | Gestão de Dados / Gestão de Sistemas Informatizados / Gestão do Conhecimento em DFT;https://oportunidades.sigepe.gov.br/oportunidades-portal/api/html/3488;21/08/2026;21/08/2026
3485;54.1/2025;2025;Ministério do Trabalho e Emprego;encerrado;Inscrições Encerradas;;3;secretário/diretor;SRTE/RN;secretário/diretor(+6), SRTE/RN(-5), órgão-alvo(+2);;Vagas para atuar no Setor de Apoio ao Superintendente - SAS/SRTE/RN | Vagas para atuar na Gerência Regional do Trabalho e Emprego em Mossoró - GRTE/RN | Vagas para atuar no Setor de Benefícios - SEB/SRTE/RN | Vagas para atuar no Núcleo de Atendimento ao Cidadão - NAC/SRTE/RN | Vagas para o Serviço de Administração - SEAD/SRTE/RN | Vagas para atuar no Núcleo de Economia Popular e Solidária - NEPS/S;https://oportunidades.sigepe.gov.br/oportunidades-portal/api/html/3485;21/08/2026;21/08/2026
3480;31.1/2025;2025;Ministério dos Povos Indígenas;encerrado;Inscrições Encerradas;;-7;;;gratificação técnica(-3), nível médio/intermediário(-4);nível médio/intermediário;GSISP NS - Coordenação de Tecnologia da Informação | GSISP NI - Coordenação de Tecnologia da Informação;https://oportunidades.sigepe.gov.br/oportunidades-portal/api/html/3480;21/08/2026;21/08/2026
3475;29.1/2025;2025;Fundação Escola Nacional de Administração Pública;encerrado;Inscrições Encerradas;;-1;;;órgão-alvo(+2), gratificação técnica(-3);;GAEG Nível Superior CGDEA - ENAP;https://oportunidades.sigepe.gov.br/oportunidades-portal/api/html/3475;21/08/2026;21/08/2026
3474;34.2/2025;2025;Conselho de Controle de Atividades Financeiras;encerrado;Inscrições Encerradas;;-6;;;infraestrutura(+1), gratificação técnica(-3), nível médio/intermediário(-4);nível médio/intermediário;GSISP - Transformação Digital (Nível Superior) | GSISP - Infraestrutura e Plataformas Digitais (Nível Intermediário) | GSISP - Contratações de TI (Nível Intermediário);https://oportunidades.sigepe.gov.br/oportunidades-portal/api/html/3474;21/08/2026;21/08/2026
3472;26.1/2025;2025;Ministério da Agricultura e Pecuária;encerrado;Inscrições Encerradas;;-5;;SEPOF/SE;SEPOF/SE(-5);;Serviço de Planejamento Orçamentário e Financeiro (SEPOF/SE) | Serviço de Gestão de Pessoas (SeGP/SE) | Divisão de Aquisição e Logística (DIAL/SE) - MAPA;https://oportunidades.sigepe.gov.br/oportunidades-portal/api/html/3472;21/08/2026;21/08/2026
3471;25.2/2025;2025;Ministério do Trabalho e Emprego;encerrado;Inscrições Encerradas;;-2;;Afogados da Ingazeira/PE;Afogados da Ingazeira/PE(-5), políticas públicas(+1), órgão-alvo(+2);;02 (duas) vagas para atuar na Agência Regional do Trabalho e Emprego em Afogados da Ingazeira/PE | 03 (três) vagas para atuar na Agência Regional do Trabalho e Emprego em Salgueiro/PE | 03 (três) vagas para atuar na Agência Regional do Trabalho e Emprego em Goiana/PE | 01 (uma) vaga para atuar na Agência Regional do Trabalho e Emprego em São José do Egito/PE | 02 (duas) vagas para atuar na Agência;https://oportunidades.sigepe.gov.br/oportunidades-portal/api/html/3471;21/08/2026;21/08/2026
3466;23.1/2025;2025;Ministério da Gestão e da Inovação em Serviços Públicos;encerrado;Inscrições Encerradas;;-4;;;infraestrutura(+1), órgão-alvo(+2), gratificação técnica(-3), nível médio/intermediário(-4);"nível médio/intermediário; graduação específica";Cargo 08 - 1 GSISP - Plataformas Digitais - Nível Superior | Cargo 05 - 1 GSISP - Infraestrutura de TI - Nível Médio | Cargo 09 - 1 GSISP - Relacionamento em Serviços Tecnológicos - Nível Superior | Cargo 06 - 1 GSISP - Privacidade e Segurança da Informação - Nível Médio | Cargo 03 - 1 GSISP - Gestão de Dados e Informações - Nível Médio | Cargo 01 - 1 GSISP - Gestão e Planejamento de TI - Nível Mé;https://oportunidades.sigepe.gov.br/oportunidades-portal/api/html/3466;21/08/2026;21/08/2026
3461;21.2/2025;2025;Ministério do Trabalho e Emprego;encerrado;Inscrições Encerradas;;3;secretário/diretor;SRTE/MT;secretário/diretor(+6), SRTE/MT(-5), órgão-alvo(+2);;Agência Regional do Trabalho e Emprego em Sinop - ARTE | Agência Regional do Trabalho e Emprego em Cáceres - ARTE | Seção de Fiscalização do Trabalho - SFISC/SRTE/MT | Agência Regional do Trabalho e Emprego em Barra do Garças - ARTE | Setor de Apoio ao Superintendente - SAS/SRTE/MT | Gerência Regional do Trabalho e Emprego em Rondonópolis - GRTE | Serviço de Administração - SEAD/SRTE/MT | Serviços;https://oportunidades.sigepe.gov.br/oportunidades-portal/api/html/3461;21/08/2026;21/08/2026
3460;19/2025;2025;Ministério do Desenvolvimento, Indústria, Comércio e Serviços;encerrado;Inscrições Encerradas;;-1;chefia baixa;;chefia baixa(-3), órgão-alvo(+2);;Chefe de Divisão  de Articulação e Projetos - FCE 1.07;https://oportunidades.sigepe.gov.br/oportunidades-portal/api/html/3460;21/08/2026;21/08/2026
3459;27.3/2025;2025;Ministério da Fazenda;encerrado;Inscrições Encerradas;;3;;Brasília;Brasília(+1), órgão-alvo(+2);;Coordenação de Integridade - AECI - 001 | Coordenação de Gestão e Apoio - AECI - 002 | Coordenação-Geral de Riscos e Controle - AECI - 003;https://oportunidades.sigepe.gov.br/oportunidades-portal/api/html/3459;21/08/2026;21/08/2026
3454;17/2025;2025;Ministério da Saúde;encerrado;Inscrições Encerradas;;3;coordenador (1.10);;coordenador (1.10)(+1), órgão-alvo(+2);;FCE 1.11;https://oportunidades.sigepe.gov.br/oportunidades-portal/api/html/3454;21/08/2026;21/08/2026
3452;20/2025;2025;Ministério do Trabalho e Emprego;encerrado;Inscrições Encerradas;;-3;;SRTE/AL;SRTE/AL(-5), órgão-alvo(+2);;2 (duas) vaga para atuar na Agência Regional do Trabalho e Emprego em Arapiraca /SRTE/AL | 2 vagas para atuar na Superintendência Regional do Trabalho e Emprego em Alagoas SEAD/SRTE/AL | 4  vagas para atuar na Superintendência Regional do Trabalho e Emprego em Alagoas SEB/ SPT/SRTE/AL | 2 vagas para atuar na Superintendência Regional do Trabalho e Emprego em Alagoas SAS/SRTE/AL;https://oportunidades.sigepe.gov.br/oportunidades-portal/api/html/3452;21/08/2026;21/08/2026
3449;24.2/2025;2025;Ministério do Trabalho e Emprego;encerrado;Inscrições Encerradas;;-3;;Emprego no Ceará - SRTE/CE;Emprego no Ceará - SRTE/CE(-5), órgão-alvo(+2);;Vagas para Agência Regional do Trabalho e Emprego em Mombaça | Vagas para Superintendência Regional do Trabalho e Emprego no Ceará | Vagas para a Agência Regional do Trabalho em Itapipoca | Vaga para Agência Regional do Trabalho e Emprego em Maracanaú | Vagas para Agência Regional do Trabalho e Emprego Fortaleza II | Vagas para Agência Regional do Trabalho em Várzea Alegre | Vaga para Gerência Reg;https://oportunidades.sigepe.gov.br/oportunidades-portal/api/html/3449;21/08/2026;21/08/2026
3448;9.1/2025;2025;Fundação Escola Nacional de Administração Pública;encerrado;Inscrições Encerradas;;-1;;;órgão-alvo(+2), gratificação técnica(-3);;GAEG NS - Coordenação de Gestão Estratégica e Modernização - Enap;https://oportunidades.sigepe.gov.br/oportunidades-portal/api/html/3448;21/08/2026;21/08/2026
3447;12.2/2025;2025;Instituto Nacional de Tecnologia da Informação;encerrado;Inscrições Encerradas;;2;;;órgão-alvo(+2);;Coordenação de Licitações e Contratos;https://oportunidades.sigepe.gov.br/oportunidades-portal/api/html/3447;21/08/2026;21/08/2026
3445;8.1/2025;2025;Ministério do Desenvolvimento Agrário e Agricultura Familiar;encerrado;Inscrições Encerradas;;2;;;órgão-alvo(+2);;CGOFC: 01 (uma) vaga;https://oportunidades.sigepe.gov.br/oportunidades-portal/api/html/3445;21/08/2026;21/08/2026
3444;10.2/2025;2025;Ministério da Gestão e da Inovação em Serviços Públicos;encerrado;Inscrições Encerradas;;-8;;Serviços Públicos em Salvador/BA;Serviços Públicos em Salvador/BA(-5), urbano(+2), órgão-alvo(+2), gratificação técnica(-3), nível médio/intermediário(-4);nível médio/intermediário;3 (três) vagas para atuação na Divisão de Orçamento e Finanças - DIOF | 1 (uma) vaga para GSISTE de Nível Superior dos Sistemas Estruturadores | 1 (uma) vaga para GSISTE de Nível Superior dos Sistemas de Serviços Gerais - SISG | 2 (duas) vagas para atuação na Seção de Gestão Documental e de Transporte - SGDOT | 4 (quatro) vagas para atuação na Divisão de Administração e Logística - DIAL;https://oportunidades.sigepe.gov.br/oportunidades-portal/api/html/3444;21/08/2026;21/08/2026
3442;32.1/2025;2025;Ministério da Gestão e da Inovação em Serviços Públicos;encerrado;Inscrições Encerradas;;-1;chefia baixa;;chefia baixa(-3), órgão-alvo(+2);;FCE 1.07/Diretoria de Soluções Digitais;https://oportunidades.sigepe.gov.br/oportunidades-portal/api/html/3442;21/08/2026;21/08/2026
3441;68.4/2025;2025;Instituto Brasileiro do Meio Ambiente e dos Recursos Naturais Renováveis;encerrado;Inscrições Encerradas;;-7;;;gratificação técnica(-3), nível médio/intermediário(-4);nível médio/intermediário;GSISP CGTI Privacidade e Segurança da Informação | GSISP CGTI Transformação Digital | GSISP CGTI Gestão e Planejamento de Tecnologia da Informação;https://oportunidades.sigepe.gov.br/oportunidades-portal/api/html/3441;21/08/2026;21/08/2026
3437;13.2/2025;2025;Ministério da Gestão e da Inovação em Serviços Públicos;encerrado;Inscrições Encerradas;;2;;;órgão-alvo(+2);;01 (uma) vaga para pessoas servidoras públicas e empregadas públicas na Divisão de Apoio Executivo à | 01 (uma) vaga para pessoas servidoras públicas e empregadas públicas na Divisão de Apoio Executivo à;https://oportunidades.sigepe.gov.br/oportunidades-portal/api/html/3437;21/08/2026;21/08/2026
3434;11.1/2025;2025;Ministério da Gestão e da Inovação em Serviços Públicos;encerrado;Inscrições Encerradas;;-1;;;órgão-alvo(+2), gratificação técnica(-3);;Especialista em UX | Analista de Negócio;https://oportunidades.sigepe.gov.br/oportunidades-portal/api/html/3434;21/08/2026;21/08/2026
3433;1153.1/2024;2024;Ministério do Meio Ambiente e Mudança do Clima;encerrado;Inscrições Encerradas;;-1;chefia baixa;;chefia baixa(-3), órgão-alvo(+2);;Chefe de Divisão -  FCE 1.07 - Mais detalhes da oportunidade verificar edital SPOA Anexo;https://oportunidades.sigepe.gov.br/oportunidades-portal/api/html/3433;21/08/2026;21/08/2026
3432;1151/2024;2024;Ministério da Defesa;encerrado;Inscrições Encerradas;;-3;;;gratificação técnica(-3);;GSISTE-NS - CIPEF;https://oportunidades.sigepe.gov.br/oportunidades-portal/api/html/3432;21/08/2026;21/08/2026
3430;4.2/2025;2025;Ministério do Trabalho e Emprego;encerrado;Inscrições Encerradas;;-3;;Emprego em Parintins - SRTE/AM;Emprego em Parintins - SRTE/AM(-5), órgão-alvo(+2);;02 (duas) vagas para atuar na Agência Regional do Trabalho e Emprego em Parintins - SRTE/AM | 02 (duas) vagas para atuar na Agência Regional do Trabalho e Emprego em Humaitá - SRTE/AM | 02 (duas) vagas para atuar na Agência Regional do Trabalho e Emprego em Manacapuru - SRTE/AM | 02 (duas) vagas para atuar na Agência Regional do Trabalho e Emprego em Tabatinga - SRTE - AM | 02 (duas) vagas para at;https://oportunidades.sigepe.gov.br/oportunidades-portal/api/html/3430;21/08/2026;21/08/2026
3429;3.5/2025;2025;Ministério do Trabalho e Emprego;encerrado;Inscrições Encerradas;;-3;;Poços de Caldas/MG;Poços de Caldas/MG(-5), órgão-alvo(+2);;6 (seis) vagas para atuar em Poços de Caldas/MG | 01 (uma) vaga para atuar em Três Corações/MG | 04 (quatro) vagas para atuar em Sete Lagoas/MG | 02 (duas) vagas para atuar em Curvelo/MG | 04 (quatro) vagas para atuar em Unaí/MG | 8 (oito) vagas para atuar em Divinópolis/MG | 2 (duas) vagas para atuar em Montes Claros/MG | 8 (oito) vagas para atuar em Uberaba /MG | 02 (duas) vagas para atuar em Fo;https://oportunidades.sigepe.gov.br/oportunidades-portal/api/html/3429;21/08/2026;21/08/2026
3426;1148.1/2024;2024;Ministério do Trabalho e Emprego;encerrado;Inscrições Encerradas;;2;;;órgão-alvo(+2);;02 (duas) vagas para atuar na Agência Regional do Trabalho e Emprego em São Luiz - Roraima | 28 (vinte e oito) para atuar na Superintendência Regional do Trabalho e Emprego em Roraima | 02 (duas) vagas para atuar na Agência Regional do Trabalho e Emprego em Rorainópolis - Roraima | 02 (duas) vagas para atuar na Agência Regional do Trabalho e Emprego em Caracaraí - Roraima;https://oportunidades.sigepe.gov.br/oportunidades-portal/api/html/3426;21/08/2026;21/08/2026
3420;16.1/2025;2025;Instituto de Pesquisas Jardim Botânico do Rio de Janeiro;encerrado;Inscrições Encerradas;;1;chefia baixa;;chefia baixa(-3), modelagem(+3), geoprocessamento(+1);;Chefe de Divisão de Sistemas de Informação - FCE 1.07;https://oportunidades.sigepe.gov.br/oportunidades-portal/api/html/3420;21/08/2026;21/08/2026
3419;1154.1/2024;2024;Ministério do Trabalho e Emprego;encerrado;Inscrições Encerradas;;-3;;REGIONAL DO TRABALHO LAGARTO/SE;REGIONAL DO TRABALHO LAGARTO/SE(-5), órgão-alvo(+2);;01 (UMA) VAGA PARA ATUAR AGÊNCIA REGIONAL DO TRABALHO LAGARTO/SE | 01 (UMA) VAGA PARA ATUAR NA AGÊNCIA REGIONAL DO TRABALHO EM NOSSA SENHORA DA GLÓRIA/SE | 18 (DEZOITO) VAGAS PARA ATUAR NA SUPERINTENDÊNCIA REGIONAL DO TRABALHO EM ARACAJU | 01 (UMA) VAGA PARA ATUAR AGÊNCIA REGIONAL DO TRABALHO EM ITABAIANA/SE | 02 VAGAS DE MOTORISTA PARA ATUAR NA SUPERINTENDÊNCIA REGIONAL DO TRABALHO EM ARACAJU | 0;https://oportunidades.sigepe.gov.br/oportunidades-portal/api/html/3419;21/08/2026;21/08/2026
3418;1141/2024;2024;Instituto do Patrimônio Histórico e Artístico Nacional;encerrado;Inscrições Encerradas;;2;coordenador (1.10);Brasília;coordenador (1.10)(+1), Brasília(+1);;FCE 1.10 na Coordenação de Desenvolvimento de Pessoas - CODEP;https://oportunidades.sigepe.gov.br/oportunidades-portal/api/html/3418;21/08/2026;21/08/2026
3417;1142.1/2024;2024;Ministério do Desenvolvimento Agrário e Agricultura Familiar;encerrado;Inscrições Encerradas;;-1;;;órgão-alvo(+2), gratificação técnica(-3);;1 (uma) vaga de GSISTE - SIPEC, NS - CGGP/MDA;https://oportunidades.sigepe.gov.br/oportunidades-portal/api/html/3417;21/08/2026;21/08/2026
3415;1147.1/2024;2024;Ministério do Turismo;encerrado;Inscrições Encerradas;;4;coordenador (1.10);Brasília;coordenador (1.10)(+1), Brasília(+1), órgão-alvo(+2);;Coordenador de Relações Bilaterais e Projetos Internacionais;https://oportunidades.sigepe.gov.br/oportunidades-portal/api/html/3415;21/08/2026;21/08/2026
3413;1140.1/2024;2024;Ministério da Agricultura e Pecuária;encerrado;Inscrições Encerradas;;-3;;;gratificação técnica(-3);;Coordenação-Geral de Aquisições - GSISTE - Nível Superior;https://oportunidades.sigepe.gov.br/oportunidades-portal/api/html/3413;21/08/2026;21/08/2026
3410;1149.1/2024;2024;Ministério do Trabalho e Emprego;encerrado;Inscrições Encerradas;;-2;;SRTE/AC;SRTE/AC(-5), políticas públicas(+1), órgão-alvo(+2);;01 (uma) vaga para atuar no Núcleo de Gestão de Pessoas/SRTE-AC | 01 (uma) vaga para atuar no Setor de Apoio às Políticas Públicas/SRTE-AC | 01 (uma) vaga para atuar no Núcleo de Economia Popular e Solidária/SRTE-AC | 01 (uma) vaga para atuar na Agência Regional do Trabalho em Cruzeiro do Sul da SRTE-AC | 01 (uma) vaga para atuar no Setor de Execução Orçamentária e Financeira/SRTE-AC | 01 (uma) va;https://oportunidades.sigepe.gov.br/oportunidades-portal/api/html/3410;21/08/2026;21/08/2026
3407;7.2/2025;2025;Ministério do Trabalho e Emprego;encerrado;Inscrições Encerradas;;8;secretário/diretor;;secretário/diretor(+6), órgão-alvo(+2);;2 vagas para atuar na Seção de Fiscalização do Trabalho - SRT-ES - sede | 2 vagas para Agencia Regional em Vitoria-ES | 2 vagas para Agencia Regional em Aracruz-ES | 2 vagas para atuar no Serviço de Administração- SRT-ES - Tecnologia da Informacao | 4 vagas para Gerencia Regional em Cachoeiro de Itapemirim-ES | 2 vagas para Agencia Regional em Linhares-ES | 4 vagas para Gerencia Regional em Colati;https://oportunidades.sigepe.gov.br/oportunidades-portal/api/html/3407;21/08/2026;21/08/2026
3404;1137.1/2024;2024;Ministério da Saúde;encerrado;Inscrições Encerradas;;2;;;órgão-alvo(+2);;Gestão de Pessoas - Atuar no Programa de Gestão e Desempenho (PGD) | Gestão de Pessoas;https://oportunidades.sigepe.gov.br/oportunidades-portal/api/html/3404;21/08/2026;21/08/2026
3403;1146.2/2024;2024;Ministério do Trabalho e Emprego;encerrado;Inscrições Encerradas;;-3;;Fiscalização do Trabalho/SC;Fiscalização do Trabalho/SC(-5), órgão-alvo(+2);;1 (uma) vaga para atuar Seção de Fiscalização do Trabalho/SC | 1 (uma) vaga para atuar na Agência Regional do Trabalho e Emprego em Brusque/SC | 1 (uma) vaga para atuar na Gerência Regional do Trabalho e Emprego em Chapecó/SC | 1 (uma) vaga para atuar na Agência Regional do Trabalho e Emprego em São Miguel do Oeste/SC | 1 (uma) vaga para atuar na Agência Regional do Trabalho e Emprego em Caçador/S;https://oportunidades.sigepe.gov.br/oportunidades-portal/api/html/3403;21/08/2026;21/08/2026
3400;1136.2/2024;2024;Ministério do Trabalho e Emprego;encerrado;Inscrições Encerradas;;-2;;Relações do Trabalho na SRTE/SP;Relações do Trabalho na SRTE/SP(-5), políticas públicas(+1), órgão-alvo(+2);;01 (uma) vaga administrativa para atuar na ARTE-Cotia | 01 (uma) vaga administrativa para atuar na ARTE-Itapeva | 08 (oito) vagas para atuar na para atuar na GRTE-Guarulhos | 04 (quatro) vagas para atuar na GRTE-Araçatuba | 5 (cinco) vagas administrativas para atuar na Seção de Relações do Trabalho na SRTE/SP | 03 (três)  para atuar na GRTE-São Carlos | 02 (duas) vagas administrativas para a ARTE-;https://oportunidades.sigepe.gov.br/oportunidades-portal/api/html/3400;21/08/2026;21/08/2026
3399;1135.3/2024;2024;Ministério do Trabalho e Emprego;encerrado;Inscrições Encerradas;;-3;;SRTE/PR;SRTE/PR(-5), órgão-alvo(+2);;5 (cinco) vagas para atuar na Superintendência Regional do Trabalho e Emprego no Paraná/SRTE/PR | 1 (uma) vaga para atuar na Agência Regional do Trabalho e Emprego em Francisco Beltrão/SRTE/PR | 1 (uma) vaga para atuar na Agência Regional do Trabalho e Emprego em Apucarana/SRTE/PR | 2 (duas) vagas para atuar na Gerência Regional do Trabalho e Emprego em Ponta Grossa/SRTE/PR | 1 (uma) vaga para atu;https://oportunidades.sigepe.gov.br/oportunidades-portal/api/html/3399;21/08/2026;21/08/2026
3398;1131.2/2024;2024;Ministério do Desenvolvimento, Indústria, Comércio e Serviços;encerrado;Inscrições Encerradas;;-1;chefia baixa;;chefia baixa(-3), órgão-alvo(+2);;Chefe de Divisão - FCE 1.07;https://oportunidades.sigepe.gov.br/oportunidades-portal/api/html/3398;21/08/2026;21/08/2026
3395;1128.1/2024;2024;Ministério do Trabalho e Emprego;encerrado;Inscrições Encerradas;;-1;;;políticas públicas(+1), órgão-alvo(+2), nível médio/intermediário(-4);nível médio/intermediário;02 (duas) vaga para atuar no Setor de Serviços Gerais /SRTE-PB | 04 (quatro) vagas para atuar no Serviço de Políticas Públicas/SRTE-PB | 02 (duas) vaga para atuar na Agência Regional do Trabalho em Sousa/SRTE-PB | 01 (uma) vaga para atuar na Agência Regional do Trabalho em Cajazeiras/SRTE-PB | 02 (duas) vaga para atuar na Gerência Regional do Trabalho em Campina Grande/SRTE-PB | 01 (uma) vaga para;https://oportunidades.sigepe.gov.br/oportunidades-portal/api/html/3395;21/08/2026;21/08/2026
3393;1126.2/2024;2024;Ministério da Gestão e da Inovação em Serviços Públicos;encerrado;Inscrições Encerradas;;-5;;;órgão-alvo(+2), gratificação técnica(-3), nível médio/intermediário(-4);nível médio/intermediário;Gratificação Temporária Sistema de Administração dos Recursos de Tecnologia da Informação (GSISP NI);https://oportunidades.sigepe.gov.br/oportunidades-portal/api/html/3393;21/08/2026;21/08/2026
3390;1130.2/2024;2024;Ministério da Gestão e da Inovação em Serviços Públicos;encerrado;Inscrições Encerradas;;2;;;órgão-alvo(+2);;ACOMPANHAMENTO E COMUNICAÇÃO INSTITUCIONAL DA DIRETORIA DE PROVIMENTO E MOVIMENTAÇÃO DE PESSOAL | ASSESSORIA TÉCNICA NA GESTÃO DO GABINETE DA DIRETORIA DE PROVIMENTO E MOVIMENTAÇÃO DE PESSOAL;https://oportunidades.sigepe.gov.br/oportunidades-portal/api/html/3390;21/08/2026;21/08/2026
3388;1125/2024;2024;Fundação Cultural Palmares;encerrado;Inscrições Encerradas;;-3;;;gratificação técnica(-3);;GSISTE - SISG de Nível Superior;https://oportunidades.sigepe.gov.br/oportunidades-portal/api/html/3388;21/08/2026;21/08/2026
3386;1129.1/2024;2024;Ministério da Gestão e da Inovação em Serviços Públicos;encerrado;Inscrições Encerradas;;0;;Brasília;Brasília(+1), órgão-alvo(+2), gratificação técnica(-3);;GSISTE-NS, para atuar na Coordenação-Geral de Implantação de Soluções em Processos Eletrônicos-CGIMP;https://oportunidades.sigepe.gov.br/oportunidades-portal/api/html/3386;21/08/2026;21/08/2026
3385;2.1/2025;2025;Ministério do Meio Ambiente e Mudança do Clima;encerrado;Inscrições Encerradas;;-5;chefia baixa;;chefia baixa(-3), órgão-alvo(+2), nível médio/intermediário(-4);nível médio/intermediário;OPORTUNIDADE 2 -  Chefe de Seção de Qualidade da Água e do Solo | OPORTUNIDADE 1 - Chefe de Seção de Emergências Ambientais com Produtos Químicos Perigosos e Óleo | OPORTUNIDADE 3 - Chefe de Serviço de Gestão Ambientalmente Adequada de Substâncias Químicas e Conven | OPORTUNIDADE 4 - Chefe de Seção de Implementação da Convenção de Minamata | OPORTUNIDADE 5 - Chefe de Serviço de Projetos e Transfer;https://oportunidades.sigepe.gov.br/oportunidades-portal/api/html/3385;21/08/2026;21/08/2026
3382;1133.27/2024;2024;Ministério da Saúde;encerrado;Inscrições Encerradas;;-3;;DenaSUS/MS;DenaSUS/MS(-5), órgão-alvo(+2);;DenaSUS/MS - Vagas para Cadastro de Reserva;https://oportunidades.sigepe.gov.br/oportunidades-portal/api/html/3382;21/08/2026;21/08/2026
3376;1119.2/2024;2024;Instituto Nacional de Tecnologia da Informação;encerrado;Inscrições Encerradas;;1;coordenador (1.10);;coordenador (1.10)(+1);;Ouvidor - Função Comissionada Executiva,  código FCE 1.10;https://oportunidades.sigepe.gov.br/oportunidades-portal/api/html/3376;21/08/2026;21/08/2026
3375;1121.1/2024;2024;Ministério da Saúde;encerrado;Inscrições Encerradas;;5;coordenador (1.10);;coordenador (1.10)(+1), prospecção(+2), órgão-alvo(+2);;FCE 1.11 - Coordenador de Padrões de Informática em Saúde - COPIS | FCE 4.03 - Assessor Técnico Especializado | FCE 1.07 - Chefe de Divisão de Prospecção e Projetos de Inovação em Informática em Saúde - DIPIIS;https://oportunidades.sigepe.gov.br/oportunidades-portal/api/html/3375;21/08/2026;21/08/2026
3374;1116.1/2024;2024;Instituto Nacional de Tecnologia da Informação;encerrado;Inscrições Encerradas;;-3;;;gratificação técnica(-3);;Gratificação (GSISP) - Contratações de TI dos serviços do ITI;https://oportunidades.sigepe.gov.br/oportunidades-portal/api/html/3374;21/08/2026;21/08/2026
3373;1114.1/2024;2024;Instituto Nacional de Tecnologia da Informação;encerrado;Inscrições Encerradas;;-3;;;gratificação técnica(-3);;Gratificação (GSISP) - Gestão de Dados e Informações dos serviços do ITI.;https://oportunidades.sigepe.gov.br/oportunidades-portal/api/html/3373;21/08/2026;21/08/2026
3371;1124.1/2024;2024;Ministério do Planejamento e Orçamento;encerrado;Inscrições Encerradas;;-1;;;órgão-alvo(+2), gratificação técnica(-3);;GSISP - Privacidade e segurança da Informação | GSISP - Transformação Digital;https://oportunidades.sigepe.gov.br/oportunidades-portal/api/html/3371;21/08/2026;21/08/2026
3370;1122.1/2024;2024;Fundação Oswaldo Cruz;encerrado;Inscrições Encerradas;;-8;;Rio de Janeiro/RJ;Rio de Janeiro/RJ(-5), gratificação técnica(-3);;Gestão de Dados e Informações | Privacidade e Segurança da Informação;https://oportunidades.sigepe.gov.br/oportunidades-portal/api/html/3370;21/08/2026;21/08/2026
3368;1118.2/2024;2024;Ministério dos Transportes;encerrado;Inscrições Encerradas;;-1;;;órgão-alvo(+2), gratificação técnica(-3);;GSISP NS;https://oportunidades.sigepe.gov.br/oportunidades-portal/api/html/3368;21/08/2026;21/08/2026
3367;1120/2024;2024;Conselho Administrativo de Defesa Econômica;encerrado;Inscrições Encerradas;;-5;;;órgão-alvo(+2), gratificação técnica(-3), nível médio/intermediário(-4);nível médio/intermediário;Transformação Digital - GSISP de Nível Superior | Contratações de TI - GSISP de Nível Intermediário | Privacidade e Segurança da Informação - GSISP de Nível Superior;https://oportunidades.sigepe.gov.br/oportunidades-portal/api/html/3367;21/08/2026;21/08/2026
3365;1113.1/2024;2024;Instituto Nacional de Tecnologia da Informação;encerrado;Inscrições Encerradas;;-3;;;gratificação técnica(-3);;Gratificação (GSISP) - Transformação Digital dos serviços do ITI.;https://oportunidades.sigepe.gov.br/oportunidades-portal/api/html/3365;21/08/2026;21/08/2026
3362;1107.1/2024;2024;Ministério da Defesa;encerrado;Inscrições Encerradas;;-3;;;gratificação técnica(-3);;GSISP - Tecnologia da Informação (Nível Superior) - Gestão e Planejamento de TI | GSISP- Nivel Superior - Transformação Digital;https://oportunidades.sigepe.gov.br/oportunidades-portal/api/html/3362;21/08/2026;21/08/2026
3361;1111.2/2024;2024;Ministério da Saúde;encerrado;Inscrições Encerradas;;3;coordenador (1.10);;coordenador (1.10)(+1), órgão-alvo(+2);;Coordenador Setorial de Gestão de Riscos e Integridade (FCE 1.10) | Assessor Técnico Especializado (FCE 4.09);https://oportunidades.sigepe.gov.br/oportunidades-portal/api/html/3361;21/08/2026;21/08/2026
3360;5/2025;2025;Ministério da Fazenda;encerrado;Inscrições Encerradas;;3;coordenador (1.10);;coordenador (1.10)(+1), órgão-alvo(+2);;Apoio Administrativo da Coordenação Geral de Orçamento, Finanças e Contabilidade | Apoio Administrativo do Coordenador de Contabilidade e Custos;https://oportunidades.sigepe.gov.br/oportunidades-portal/api/html/3360;21/08/2026;21/08/2026
3359;1106/2024;2024;Ministério da Defesa;encerrado;Inscrições Encerradas;;-7;;;gratificação técnica(-3), nível médio/intermediário(-4);nível médio/intermediário;GSISTE-NI - Secretaria de Controle Interno;https://oportunidades.sigepe.gov.br/oportunidades-portal/api/html/3359;21/08/2026;21/08/2026
3358;1104.3/2024;2024;Ministério da Agricultura e Pecuária;encerrado;Inscrições Encerradas;;0;;;;;Seção de Gestão de Pessoas - SEGP/CAD/SFA-MT | Orçamento e Finanças - DIPOF/CAD/SFA-MT | Divisão de Aquisições e Logística - DIAL/CAD/SFA-MT;https://oportunidades.sigepe.gov.br/oportunidades-portal/api/html/3358;21/08/2026;21/08/2026
3356;1117.1/2024;2024;Ministério da Gestão e da Inovação em Serviços Públicos;encerrado;Inscrições Encerradas;;0;;Brasília;Brasília(+1), órgão-alvo(+2), gratificação técnica(-3);;GSISTE nível superior;https://oportunidades.sigepe.gov.br/oportunidades-portal/api/html/3356;21/08/2026;21/08/2026
3355;314.1/2025;2025;Ministério da Gestão e da Inovação em Serviços Públicos;encerrado;Inscrições Encerradas;;-5;;;órgão-alvo(+2), gratificação técnica(-3), nível médio/intermediário(-4);nível médio/intermediário;GSISP-NI para atuar na CGGOV da Secretaria de Governo Digital/MGI;https://oportunidades.sigepe.gov.br/oportunidades-portal/api/html/3355;21/08/2026;21/08/2026
3354;1101.3/2024;2024;Ministério dos Povos Indígenas;encerrado;Inscrições Encerradas;;1;coordenador (1.10);;coordenador (1.10)(+1);;Assessor Técnico FCE 2.10;https://oportunidades.sigepe.gov.br/oportunidades-portal/api/html/3354;21/08/2026;21/08/2026
3353;1099.1/2024;2024;Ministério da Agricultura e Pecuária;encerrado;Inscrições Encerradas;;-3;chefia baixa;;chefia baixa(-3);;Função Comissionada Executiva (FCE 1.05) - Coordenação de Boas Práticas Agropecuárias (CBPA);https://oportunidades.sigepe.gov.br/oportunidades-portal/api/html/3353;21/08/2026;21/08/2026
3352;1110.2/2024;2024;Instituto Federal de Educação, Ciência e Tecnologia do Triângulo Mineiro;encerrado;Inscrições Encerradas;;0;;;;;Cargo na ÁREA ADMINISTRATIVA | PSICÓLOGO (A) | Cargo na área de TECNOLOGIA DA INFORMAÇÃO E COMUNICAÇÃO;https://oportunidades.sigepe.gov.br/oportunidades-portal/api/html/3352;21/08/2026;21/08/2026
3350;1097.1/2024;2024;Ministério da Justiça e Segurança Pública;encerrado;Inscrições Encerradas;;-1;;;órgão-alvo(+2), gratificação técnica(-3);;GSISTE de Nível Superior na Coordenação-Geral de Licitações e Contratos do MJSP;https://oportunidades.sigepe.gov.br/oportunidades-portal/api/html/3350;21/08/2026;21/08/2026
3349;1103.2/2024;2024;Instituto Nacional de Metrologia, Qualidade e Tecnologia;encerrado;Inscrições Encerradas;;-4;;;nível médio/intermediário(-4);nível médio/intermediário;Nível superior para atuação na área de Regulamentação e Avaliação da Conformidade | Nível superior para atuação na área de Regulamentação - Vigilância de Mercado | Nível intermediário para atuação na área de Núcleo de Segurança de Produtos;https://oportunidades.sigepe.gov.br/oportunidades-portal/api/html/3349;21/08/2026;21/08/2026
3343;1095/2024;2024;Ministério da Gestão e da Inovação em Serviços Públicos;encerrado;Inscrições Encerradas;;3;coordenador (1.10);;coordenador (1.10)(+1), órgão-alvo(+2);;Coordenador de Políticas de Remuneração - CCE 1.10.;https://oportunidades.sigepe.gov.br/oportunidades-portal/api/html/3343;21/08/2026;21/08/2026
3342;1093.1/2024;2024;Fundação Nacional de Saúde;encerrado;Inscrições Encerradas;;-3;;;gratificação técnica(-3);;Dados e Informação;https://oportunidades.sigepe.gov.br/oportunidades-portal/api/html/3342;21/08/2026;21/08/2026
3341;1090.1/2024;2024;Ministério da Gestão e da Inovação em Serviços Públicos;encerrado;Inscrições Encerradas;;-1;;;órgão-alvo(+2), gratificação técnica(-3);;GSISTE Nível Superior - MGI/SGP - Coordenação de Gestão Administrativa;https://oportunidades.sigepe.gov.br/oportunidades-portal/api/html/3341;21/08/2026;21/08/2026
3340;1089.1/2024;2024;Ministério da Justiça e Segurança Pública;encerrado;Inscrições Encerradas;;3;;Brasília;Brasília(+1), órgão-alvo(+2);;Teletrabalho integral na Coordenação-Geral de Contencioso Judicial do MJSP;https://oportunidades.sigepe.gov.br/oportunidades-portal/api/html/3340;21/08/2026;21/08/2026
3336;1091.3/2024;2024;Ministério da Gestão e da Inovação em Serviços Públicos;encerrado;Inscrições Encerradas;;-1;;;órgão-alvo(+2), gratificação técnica(-3);;GSISTE-NS para atuar na sustentação das plataformas de automação de serviços públicos;https://oportunidades.sigepe.gov.br/oportunidades-portal/api/html/3336;21/08/2026;21/08/2026
3335;1087.1/2024;2024;Ministério da Justiça e Segurança Pública;encerrado;Inscrições Encerradas;;3;;Brasília;Brasília(+1), órgão-alvo(+2);;Apoio técnico e administrativo - CRI/CGRII/ANPD;https://oportunidades.sigepe.gov.br/oportunidades-portal/api/html/3335;21/08/2026;21/08/2026
3331;1083.2/2024;2024;Agência Nacional de Águas e Saneamento Básico;encerrado;Inscrições Encerradas;;1;;;infraestrutura(+1);;Gestão de Desenvolvimento de Sistemas | Gestão de Segurança de Tecnologia da Informação | Gestão de Infraestrutura de Tecnologia da Informação | Gestão de Dados | Governança de Tecnologia da Informação;https://oportunidades.sigepe.gov.br/oportunidades-portal/api/html/3331;21/08/2026;21/08/2026
3327;1102.1/2024;2024;Ministério da Gestão e da Inovação em Serviços Públicos;encerrado;Inscrições Encerradas;;-4;;Brasília;Brasília(+1), órgão-alvo(+2), gratificação técnica(-3), nível médio/intermediário(-4);nível médio/intermediário;GSISTE NS | GSISTE NI;https://oportunidades.sigepe.gov.br/oportunidades-portal/api/html/3327;21/08/2026;21/08/2026
3323;1134/2024;2024;Agência Nacional de Saúde Suplementar;encerrado;Inscrições Encerradas;;-7;;;gratificação técnica(-3), nível médio/intermediário(-4);nível médio/intermediário;GSISP - Nível Intermediário;https://oportunidades.sigepe.gov.br/oportunidades-portal/api/html/3323;21/08/2026;21/08/2026
3319;1084.1/2024;2024;Ministério da Justiça e Segurança Pública;encerrado;Inscrições Encerradas;;0;;Brasília;Brasília(+1), órgão-alvo(+2), gratificação técnica(-3);;GSISP - Nível Superior no MJSP;https://oportunidades.sigepe.gov.br/oportunidades-portal/api/html/3319;21/08/2026;21/08/2026
3318;1085.1/2024;2024;Defensoria Pública da União;encerrado;Inscrições Encerradas;;1;;Brasília;Brasília(+1);;Coordenação de Bens e Patrimônio da Defensoria Pública-Geral da União em Brasília;https://oportunidades.sigepe.gov.br/oportunidades-portal/api/html/3318;21/08/2026;21/08/2026
3315;1080/2024;2024;Instituto do Patrimônio Histórico e Artístico Nacional;encerrado;Inscrições Encerradas;;-2;chefia baixa;Brasília;chefia baixa(-3), Brasília(+1);;FCE 1.05 de Serviço de Acompanhamento de Almoxarifado e Patrimônio - SAAP/COREL/CGLOG/DPA;https://oportunidades.sigepe.gov.br/oportunidades-portal/api/html/3315;21/08/2026;21/08/2026
3314;1079/2024;2024;Instituto do Patrimônio Histórico e Artístico Nacional;encerrado;Inscrições Encerradas;;-2;chefia baixa;Brasília;chefia baixa(-3), Brasília(+1);;FCE 1.05 de Chefe de Serviço de Redação - na CGCOM em Brasília-DF.;https://oportunidades.sigepe.gov.br/oportunidades-portal/api/html/3314;21/08/2026;21/08/2026
3313;1105.4/2024;2024;Ministério do Trabalho e Emprego;encerrado;Inscrições Encerradas;;-1;;;órgão-alvo(+2), gratificação técnica(-3);;2 GSISTE NÍVEL SUPERIOR;https://oportunidades.sigepe.gov.br/oportunidades-portal/api/html/3313;21/08/2026;21/08/2026
3309;1078/2024;2024;Ministério da Justiça e Segurança Pública;encerrado;Inscrições Encerradas;;-1;;Brasília;Brasília(+1), órgão-alvo(+2), graduação específica(-4);graduação específica;Composição de Força de Trabalho na Coordenação-Geral de Contabilidade do MJSP;https://oportunidades.sigepe.gov.br/oportunidades-portal/api/html/3309;21/08/2026;21/08/2026
3308;1094/2024;2024;Instituto Brasileiro de Museus;encerrado;Inscrições Encerradas;;-4;;;nível médio/intermediário(-4);nível médio/intermediário;Arquivista | Analista Administrativo | Arquiteto | Assistente Administrativo;https://oportunidades.sigepe.gov.br/oportunidades-portal/api/html/3308;21/08/2026;21/08/2026
3305;1088.1/2024;2024;Ministério da Justiça e Segurança Pública;encerrado;Inscrições Encerradas;;3;;Brasília;Brasília(+1), órgão-alvo(+2);;Apoio técnico e administrativo - CAI/CGRII/ANPD;https://oportunidades.sigepe.gov.br/oportunidades-portal/api/html/3305;21/08/2026;21/08/2026
3302;1066/2024;2024;Ministério da Ciência, Tecnologia e Inovação;encerrado;Inscrições Encerradas;;-4;chefia baixa;Brasília;chefia baixa(-3), Brasília(+1), órgão-alvo(+2), nível médio/intermediário(-4);nível médio/intermediário;Assistente Técnico FCE 2.05 - Coordenação de Gestão de Riscos e Processos- MCTI;https://oportunidades.sigepe.gov.br/oportunidades-portal/api/html/3302;21/08/2026;21/08/2026
3294;1058.1/2024;2024;Ministério do Desenvolvimento Agrário e Agricultura Familiar;encerrado;Inscrições Encerradas;;2;;;órgão-alvo(+2);;1 (uma) vaga para a Coordenação-Geral de Orçamento, Finanças e Contabilidade (CGOFC);https://oportunidades.sigepe.gov.br/oportunidades-portal/api/html/3294;21/08/2026;21/08/2026
3293;1061.2/2024;2024;Ministério da Gestão e da Inovação em Serviços Públicos;encerrado;Inscrições Encerradas;;2;;;órgão-alvo(+2);;FCE 4.02 - Coordenação Geral de Governança de Dados;https://oportunidades.sigepe.gov.br/oportunidades-portal/api/html/3293;21/08/2026;21/08/2026
3292;1086.1/2024;2024;Ministério da Justiça e Segurança Pública;encerrado;Inscrições Encerradas;;3;;Brasília;Brasília(+1), órgão-alvo(+2);;Apoio técnico e administrativo - CGRII/ANPD;https://oportunidades.sigepe.gov.br/oportunidades-portal/api/html/3292;21/08/2026;21/08/2026
3291;1056.1/2024;2024;Fundação Escola Nacional de Administração Pública;encerrado;Inscrições Encerradas;;-5;;;órgão-alvo(+2), gratificação técnica(-3), nível médio/intermediário(-4);nível médio/intermediário;Uma vaga para GSISP de Nível Intermediário;https://oportunidades.sigepe.gov.br/oportunidades-portal/api/html/3291;21/08/2026;21/08/2026
3290;1074/2024;2024;Ministério da Gestão e da Inovação em Serviços Públicos;encerrado;Inscrições Encerradas;;-1;chefia baixa;;chefia baixa(-3), órgão-alvo(+2);;01 (uma) vaga para FCE 1.07 - Chefe de Divisão.;https://oportunidades.sigepe.gov.br/oportunidades-portal/api/html/3290;21/08/2026;21/08/2026
3289;1065.1/2024;2024;Ministério da Saúde;encerrado;Inscrições Encerradas;;-1;chefia baixa;;chefia baixa(-3), órgão-alvo(+2);;FCE 1.05 - Chefe do Serviço de Gestão de Pessoas;https://oportunidades.sigepe.gov.br/oportunidades-portal/api/html/3289;21/08/2026;21/08/2026
3288;1054/2024;2024;Ministério do Planejamento e Orçamento;encerrado;Inscrições Encerradas;;-1;chefia baixa;;chefia baixa(-3), órgão-alvo(+2);;Função Comissionada Executiva - FCE 1.07;https://oportunidades.sigepe.gov.br/oportunidades-portal/api/html/3288;21/08/2026;21/08/2026
3287;1055.2/2024;2024;Fundação Escola Nacional de Administração Pública;encerrado;Inscrições Encerradas;;-1;;;órgão-alvo(+2), gratificação técnica(-3);;Uma vaga para GSISP de Nível Superior;https://oportunidades.sigepe.gov.br/oportunidades-portal/api/html/3287;21/08/2026;21/08/2026
3286;1059.1/2024;2024;Conselho de Controle de Atividades Financeiras;encerrado;Inscrições Encerradas;;0;;;;;Gestão de Pessoas;https://oportunidades.sigepe.gov.br/oportunidades-portal/api/html/3286;21/08/2026;21/08/2026
3283;1082.2/2024;2024;Ministério do Trabalho e Emprego;encerrado;Inscrições Encerradas;;2;;;órgão-alvo(+2);;Motorista | Apoio Administrativo - Execução Orçamentária e Financeira | Apoio Administrativo - Produção de Informações e Conhecimento | Apoio Administrativo - Suporte à Gestão de Unidades | Apoio Administrativo - Escola Nacional de Inspeção do Trabalho | Apoio Administrativo - Coordenação de Gestão da Informação;https://oportunidades.sigepe.gov.br/oportunidades-portal/api/html/3283;21/08/2026;21/08/2026
3280;1057.2/2024;2024;Ministério da Justiça e Segurança Pública;encerrado;Inscrições Encerradas;;3;;Brasília;Brasília(+1), órgão-alvo(+2);;TELETRABALHO INTEGRAL NA DIVISÃO DE SERVIÇOS EM GESTÃO DE PESSOAS DO MJSP;https://oportunidades.sigepe.gov.br/oportunidades-portal/api/html/3280;21/08/2026;21/08/2026
3271;1073.1/2024;2024;Ministério do Desenvolvimento Agrário e Agricultura Familiar;encerrado;Inscrições Encerradas;;-5;chefia baixa;;chefia baixa(-3), órgão-alvo(+2), nível médio/intermediário(-4);nível médio/intermediário;Chefe de Divisão de Monitoramento e Controle - Profissional de Nível Médio ou Superior;https://oportunidades.sigepe.gov.br/oportunidades-portal/api/html/3271;21/08/2026;21/08/2026
3270;1072/2024;2024;Ministério da Saúde;encerrado;Inscrições Encerradas;;3;coordenador (1.10);;coordenador (1.10)(+1), órgão-alvo(+2);;FCE 1.11;https://oportunidades.sigepe.gov.br/oportunidades-portal/api/html/3270;21/08/2026;21/08/2026
3269;1071.1/2024;2024;Ministério do Desenvolvimento Agrário e Agricultura Familiar;encerrado;Inscrições Encerradas;;-2;;;órgão-alvo(+2), nível médio/intermediário(-4);nível médio/intermediário;Apoio administrativo a Gestão - Profissional de Nível Médio ou Superior na área administrativa (SCDP | Gestão de Conflitos - Profissional de Nível Superior em Psicologia | Apoio administrativo a Gestão - Profissional de Nível Médio ou Superior na área administrativa | Comunicação institucional - Nível Superior em Comunicação Social. | Apoio administrativo a Gestão-Nível Médio ou Superior na área a;https://oportunidades.sigepe.gov.br/oportunidades-portal/api/html/3269;21/08/2026;21/08/2026
3268;1046.2/2024;2024;Ministério dos Direitos Humanos e da Cidadania;encerrado;Inscrições Encerradas;;-3;;;gratificação técnica(-3);;GSISP/NS para atuar junto a Coordenação-Geral de Tecnologia da Informação;https://oportunidades.sigepe.gov.br/oportunidades-portal/api/html/3268;21/08/2026;21/08/2026
3267;1070.1/2024;2024;Ministério do Desenvolvimento Agrário e Agricultura Familiar;encerrado;Inscrições Encerradas;;-1;;Brasília;Brasília(+1), órgão-alvo(+2), nível médio/intermediário(-4);nível médio/intermediário;54 vagas de nível médio- 26 Superintendências Federais (SFDAs) e no Distrito Federal (CAD-DF-MDA | 54 vagas de nível superior - 26 Superintendências Federais (SFDAs) e no Distrito Federal (CAD-DF-MDA;https://oportunidades.sigepe.gov.br/oportunidades-portal/api/html/3267;21/08/2026;21/08/2026
3266;1048.1/2024;2024;Ministério do Trabalho e Emprego;encerrado;Inscrições Encerradas;;3;coordenador (1.10);;coordenador (1.10)(+1), órgão-alvo(+2);;"""Assessor Técnico Especializado - FCE 4.03""";https://oportunidades.sigepe.gov.br/oportunidades-portal/api/html/3266;21/08/2026;21/08/2026
3265;1044.1/2024;2024;Ministério dos Transportes;encerrado;Inscrições Encerradas;;2;;;órgão-alvo(+2);;Cargo Comissionado Executivo - CCE-1.10;https://oportunidades.sigepe.gov.br/oportunidades-portal/api/html/3265;21/08/2026;21/08/2026
3264;1043.1/2024;2024;Defensoria Pública da União;encerrado;Inscrições Encerradas;;1;;Brasília;Brasília(+1);;Secretaria de Gestão de Pessoas da Defensoria Pública-Geral da União em Brasília;https://oportunidades.sigepe.gov.br/oportunidades-portal/api/html/3264;21/08/2026;21/08/2026
3263;1069/2024;2024;Ministério do Desenvolvimento, Indústria, Comércio e Serviços;encerrado;Inscrições Encerradas;;2;;;órgão-alvo(+2);;01 vaga para Chefia de Divisão - SDIC-MDIC;https://oportunidades.sigepe.gov.br/oportunidades-portal/api/html/3263;21/08/2026;21/08/2026
3258;143.1/2025;2025;Agência Nacional de Vigilância Sanitária;encerrado;Inscrições Encerradas;;0;;;;;Chefe de Posto Rio Grande;https://oportunidades.sigepe.gov.br/oportunidades-portal/api/html/3258;21/08/2026;21/08/2026
3256;1042.1/2024;2024;Defensoria Pública da União;encerrado;Inscrições Encerradas;;1;;Brasília;Brasília(+1);;Divisão de Suprimento de Fundos da Defensoria Pública-Geral da União em Brasília - DF;https://oportunidades.sigepe.gov.br/oportunidades-portal/api/html/3256;21/08/2026;21/08/2026
3254;1075.1/2024;2024;Ministério da Saúde;encerrado;Inscrições Encerradas;;2;;;órgão-alvo(+2);;Interoperabilidade em Saúde;https://oportunidades.sigepe.gov.br/oportunidades-portal/api/html/3254;21/08/2026;21/08/2026
3253;144.1/2025;2025;Agência Nacional de Vigilância Sanitária;encerrado;Inscrições Encerradas;;0;;;;;Chefe de Posto - Campos dos Goytacazes;https://oportunidades.sigepe.gov.br/oportunidades-portal/api/html/3253;21/08/2026;21/08/2026
3252;1034/2024;2024;Agência Nacional de Transportes Terrestres;encerrado;Inscrições Encerradas;;0;;;;;Coordenação de Contabilidade (CCONT);https://oportunidades.sigepe.gov.br/oportunidades-portal/api/html/3252;21/08/2026;21/08/2026
3250;1030.1/2024;2024;Ministério da Justiça e Segurança Pública;encerrado;Inscrições Encerradas;;3;;Brasília;Brasília(+1), órgão-alvo(+2);;Teletrabalho Parcial na Divisão de Qualidade de Vida do MJSP;https://oportunidades.sigepe.gov.br/oportunidades-portal/api/html/3250;21/08/2026;21/08/2026
3248;1028/2024;2024;Ministério da Agricultura e Pecuária;encerrado;Inscrições Encerradas;;0;;;;;Atuação na Área Administrativa;https://oportunidades.sigepe.gov.br/oportunidades-portal/api/html/3248;21/08/2026;21/08/2026
3246;1029.1/2024;2024;Ministério do Turismo;encerrado;Inscrições Encerradas;;-1;;;órgão-alvo(+2), gratificação técnica(-3);;GSISP - Área Gestão de Dados e Informações | GSISP - Área Transformação Digital;https://oportunidades.sigepe.gov.br/oportunidades-portal/api/html/3246;21/08/2026;21/08/2026
3245;1033.1/2024;2024;Ministério da Gestão e da Inovação em Serviços Públicos;encerrado;Inscrições Encerradas;;-5;;;órgão-alvo(+2), gratificação técnica(-3), nível médio/intermediário(-4);nível médio/intermediário;GSISTE Nível Intermediário - Aplicação da Legislação de Carreiras;https://oportunidades.sigepe.gov.br/oportunidades-portal/api/html/3245;21/08/2026;21/08/2026
3241;1022.1/2024;2024;Ministério dos Transportes;encerrado;Inscrições Encerradas;;-5;;;órgão-alvo(+2), gratificação técnica(-3), nível médio/intermediário(-4);nível médio/intermediário;GSISTE NS | GSISP NM;https://oportunidades.sigepe.gov.br/oportunidades-portal/api/html/3241;21/08/2026;21/08/2026
3240;1021.1/2024;2024;Presidência da República;encerrado;Inscrições Encerradas;;-1;;;órgão-alvo(+2), gratificação técnica(-3);;GSISP- NIVEL SUPERIOR;https://oportunidades.sigepe.gov.br/oportunidades-portal/api/html/3240;21/08/2026;21/08/2026
3239;1025.2/2024;2024;Ministério da Justiça e Segurança Pública;encerrado;Inscrições Encerradas;;0;;Brasília;Brasília(+1), órgão-alvo(+2), gratificação técnica(-3);;GSISTE - Nível Superior - NA COORDENAÇÃO-GERAL DE APOIO AO GABINETE DO MINISTRO DO MJSP;https://oportunidades.sigepe.gov.br/oportunidades-portal/api/html/3239;21/08/2026;21/08/2026
3237;1019/2024;2024;Departamento Nacional de Infraestrutura de Transportes;encerrado;Inscrições Encerradas;;1;;;infraestrutura(+1);;Técnico de Suporte de Infraestrutura de Transportes - Estradas /Ou Topografia;https://oportunidades.sigepe.gov.br/oportunidades-portal/api/html/3237;21/08/2026;21/08/2026
3236;1020.3/2024;2024;Departamento Nacional de Infraestrutura de Transportes;encerrado;Inscrições Encerradas;;1;;;infraestrutura(+1);;Analista - Coordenação-Geral de Construção Rodoviária | Analista - Coordenação-Geral de Manutenção e Restauração Rodoviária | Analista - Coordenação-Geral de Operações Rodoviárias;https://oportunidades.sigepe.gov.br/oportunidades-portal/api/html/3236;21/08/2026;21/08/2026
3235;1015.3/2024;2024;Departamento Nacional de Infraestrutura de Transportes;encerrado;Inscrições Encerradas;;-2;chefia baixa;;chefia baixa(-3), infraestrutura(+1);;Chefe do Setor de Apoio Administrativo - FCE 1.02 (CGMRR/DIR);https://oportunidades.sigepe.gov.br/oportunidades-portal/api/html/3235;21/08/2026;21/08/2026
3232;1016.2/2024;2024;Ministério do Trabalho e Emprego;encerrado;Inscrições Encerradas;;4;coordenador (1.10);;coordenador (1.10)(+1), ciência de dados(+1), órgão-alvo(+2);;Assessor Técnico Especializado - FCE 4.04;https://oportunidades.sigepe.gov.br/oportunidades-portal/api/html/3232;21/08/2026;21/08/2026
3231;1010/2024;2024;Instituto do Patrimônio Histórico e Artístico Nacional;encerrado;Inscrições Encerradas;;-3;chefia baixa;;chefia baixa(-3);;FCE 2.01 de Assistente Técnico, na Divisão Técnica da Superintendência do IPHAN no Paraná¿.;https://oportunidades.sigepe.gov.br/oportunidades-portal/api/html/3231;21/08/2026;21/08/2026
3229;1018.1/2024;2024;Ministério da Fazenda;encerrado;Inscrições Encerradas;;2;;;órgão-alvo(+2);;Serviço de Gestão de Riscos e Indicadores | Serviço de Recepção, Triagem, Classificação e Distribuição;https://oportunidades.sigepe.gov.br/oportunidades-portal/api/html/3229;21/08/2026;21/08/2026
3224;1007.3/2024;2024;Empresa Brasileira de Pesquisa Agropecuária;encerrado;Inscrições Encerradas;;0;;;;;Cargo em comissão de CHEFE DE ASSESSORIA DE AUDITORIA INTERNA da Embrapa;https://oportunidades.sigepe.gov.br/oportunidades-portal/api/html/3224;21/08/2026;21/08/2026
3223;1006.2/2024;2024;Ministério da Justiça e Segurança Pública;encerrado;Inscrições Encerradas;;-4;chefia baixa;Brasília;chefia baixa(-3), Brasília(+1), órgão-alvo(+2), nível médio/intermediário(-4);nível médio/intermediário;Chefe da Divisão de Qualidade de Vida (FCE 1.07) com PGD presencial no MJSP;https://oportunidades.sigepe.gov.br/oportunidades-portal/api/html/3223;21/08/2026;21/08/2026
3222;1014.1/2024;2024;Ministério da Gestão e da Inovação em Serviços Públicos;encerrado;Inscrições Encerradas;;-4;chefia baixa;;chefia baixa(-3), órgão-alvo(+2), gratificação técnica(-3);;Atuação em projetos de soluções para o Sistema de Carreiras (GSISTE NS) | Assistente na Coordenação-Geral de Arquitetura de Carreiras - CGCAR/Decar (FCE 2.07) | Atuação no desenho de soluções inovadoras para gestão de cargos, planos e carreiras (GSISTE NS);https://oportunidades.sigepe.gov.br/oportunidades-portal/api/html/3222;21/08/2026;21/08/2026
3220;1040.3/2024;2024;Ministério da Justiça e Segurança Pública;encerrado;Inscrições Encerradas;;3;;Brasília;Brasília(+1), órgão-alvo(+2);;Técnico Processual e Administrativo | Analista de Proteção de Dados;https://oportunidades.sigepe.gov.br/oportunidades-portal/api/html/3220;21/08/2026;21/08/2026
3219;1011.2/2024;2024;Ministério da Gestão e da Inovação em Serviços Públicos;encerrado;Inscrições Encerradas;;-2;;;prospecção(+2), infraestrutura(+1), órgão-alvo(+2), gratificação técnica(-3), nível médio/intermediário(-4);"nível médio/intermediário; graduação específica";CARGO 02 - Para atuar com Gestão e Planejamento de TI | CARGO 03 - Para trabalhar com Transformação Digital | CARGO 05 - Para trabalhar com Privacidade, Segurança da Informação e Infraestura de TI | CARGO 05 - Para trabalhar com Privacidade, Segurança da Informação e Infraestrutura de TI | CARGO 01:  Para atuar com Gestão e Planejamento de TI e Gestão de Dados e Informações | CARGO 10 - Para traba;https://oportunidades.sigepe.gov.br/oportunidades-portal/api/html/3219;21/08/2026;21/08/2026
3216;996.1/2024;2024;Ministério dos Transportes;encerrado;Inscrições Encerradas;;-6;;Tecnologia e Inovação/SE;Tecnologia e Inovação/SE(-5), órgão-alvo(+2), gratificação técnica(-3);;GSISP NS | GSISP NM;https://oportunidades.sigepe.gov.br/oportunidades-portal/api/html/3216;21/08/2026;21/08/2026
3213;999.1/2024;2024;Ministério da Gestão e da Inovação em Serviços Públicos;encerrado;Inscrições Encerradas;;-1;;;órgão-alvo(+2), gratificação técnica(-3);;GSISP - Tecnologia da Informação, Nível Superior;https://oportunidades.sigepe.gov.br/oportunidades-portal/api/html/3213;21/08/2026;21/08/2026
3211;998/2024;2024;Ministério da Gestão e da Inovação em Serviços Públicos;encerrado;Inscrições Encerradas;;-1;;;órgão-alvo(+2), gratificação técnica(-3);;GSISP Nível Superior para projetos de transformação digital.;https://oportunidades.sigepe.gov.br/oportunidades-portal/api/html/3211;21/08/2026;21/08/2026
3210;1045.2/2024;2024;Ministério da Saúde;encerrado;Inscrições Encerradas;;2;;;órgão-alvo(+2);;Assistente de Gestão - Serviço de Gestão Administrativa | Assistente de Gestão - Serviço de Gestão de Pessoas | Assistente de Gestão - Setor Orçamentário de Financeiro | Assistente de Gestão - Assessoria de Comunicação | Assistente de Gestão - Seção de Recursos Logísticos | Assistente de Gestão - Setor de Tecnologia e Inovação;https://oportunidades.sigepe.gov.br/oportunidades-portal/api/html/3210;21/08/2026;21/08/2026
3202;1000.2/2024;2024;Ministério da Gestão e da Inovação em Serviços Públicos;encerrado;Inscrições Encerradas;;-4;;Brasília;Brasília(+1), órgão-alvo(+2), gratificação técnica(-3), nível médio/intermediário(-4);nível médio/intermediário;GSISTE Nível Intermediário NI - SISG Órgão Central;https://oportunidades.sigepe.gov.br/oportunidades-portal/api/html/3202;21/08/2026;21/08/2026
3199;1037.2/2024;2024;Ministério da Justiça e Segurança Pública;encerrado;Inscrições Encerradas;;1;;Brasília;Brasília(+1), infraestrutura(+1), órgão-alvo(+2), gratificação técnica(-3);;Infraestrutura e Plataforma Digital;https://oportunidades.sigepe.gov.br/oportunidades-portal/api/html/3199;21/08/2026;21/08/2026
3198;1038.2/2024;2024;Ministério da Justiça e Segurança Pública;encerrado;Inscrições Encerradas;;0;;Brasília;Brasília(+1), órgão-alvo(+2), gratificação técnica(-3);;Privacidade e Segurança | Gestão de Dados e Informações;https://oportunidades.sigepe.gov.br/oportunidades-portal/api/html/3198;21/08/2026;21/08/2026
3197;1039.2/2024;2024;Ministério da Justiça e Segurança Pública;encerrado;Inscrições Encerradas;;0;;Brasília;Brasília(+1), órgão-alvo(+2), gratificação técnica(-3);;Transformação Digital;https://oportunidades.sigepe.gov.br/oportunidades-portal/api/html/3197;21/08/2026;21/08/2026
3195;988.3/2024;2024;Ministério da Justiça e Segurança Pública;encerrado;Inscrições Encerradas;;8;coordenador-geral;Brasília;coordenador-geral(+5), Brasília(+1), órgão-alvo(+2);;Coordenador-Geral, FCE 1.13, na Secretaria Nacional do Consumidor no MJSP;https://oportunidades.sigepe.gov.br/oportunidades-portal/api/html/3195;21/08/2026;21/08/2026
3194;1008/2024;2024;Ministério da Ciência, Tecnologia e Inovação;encerrado;Inscrições Encerradas;;-1;;;órgão-alvo(+2), gratificação técnica(-3);;GSISTE para a Coordenação de Avaliação e Análise Prospectiva;https://oportunidades.sigepe.gov.br/oportunidades-portal/api/html/3194;21/08/2026;21/08/2026
3192;1013.1/2024;2024;Universidade da Integração Internacional da Lusofonia Afro-Brasileira;encerrado;Inscrições Encerradas;;1;;;infraestrutura(+1);;ENGENHEIRO-ÁREA (Civil), nível E;https://oportunidades.sigepe.gov.br/oportunidades-portal/api/html/3192;21/08/2026;21/08/2026
3191;987.1/2024;2024;Ministério da Justiça e Segurança Pública;encerrado;Inscrições Encerradas;;3;;Brasília;Brasília(+1), órgão-alvo(+2);;ENGENHEIRO ELETRICISTA na Coordenação-Geral de Arquitetura e Engenharia do MJSP;https://oportunidades.sigepe.gov.br/oportunidades-portal/api/html/3191;21/08/2026;21/08/2026
3189;993.1/2024;2024;Ministério da Saúde;encerrado;Inscrições Encerradas;;2;;;órgão-alvo(+2);;(FCE 4.09) - 1 (uma) vaga para servidor(a) efetivo(a) de NÍVEL SUPERIOR;https://oportunidades.sigepe.gov.br/oportunidades-portal/api/html/3189;21/08/2026;21/08/2026
3188;983/2024;2024;Instituto do Patrimônio Histórico e Artístico Nacional;encerrado;Inscrições Encerradas;;-2;chefia baixa;Brasília;chefia baixa(-3), Brasília(+1);;FCE 2.01 de Assistente Técnico. CGFE/DAFE, em Brasília/DF.;https://oportunidades.sigepe.gov.br/oportunidades-portal/api/html/3188;21/08/2026;21/08/2026
3187;981/2024;2024;Ministério do Planejamento e Orçamento;encerrado;Inscrições Encerradas;;-1;;;órgão-alvo(+2), gratificação técnica(-3);;GSISP - Nível Superior - COTIC;https://oportunidades.sigepe.gov.br/oportunidades-portal/api/html/3187;21/08/2026;21/08/2026
3186;1017.1/2024;2024;Agência Nacional de Aviação Civil;encerrado;Inscrições Encerradas;;0;;;;;Analista Administrativo - GAPE | Analista - Recursos Humanos -GESP | Analista Administrativo - GTAS;https://oportunidades.sigepe.gov.br/oportunidades-portal/api/html/3186;21/08/2026;21/08/2026
3185;990.1/2024;2024;Ministério da Integração e do Desenvolvimento Regional;encerrado;Inscrições Encerradas;;-3;;Brasília;Brasília(+1), desenvolvimento regional(+1), órgão-alvo(+2), gratificação técnica(-3), nível médio/intermediário(-4);nível médio/intermediário;1 vaga GSISTE servidor federal de Nível Médio na  Coordenação de Planejamento (CPlan/CGPE/Digec/SE);https://oportunidades.sigepe.gov.br/oportunidades-portal/api/html/3185;21/08/2026;21/08/2026
3184;979.1/2024;2024;Ministério do Esporte;encerrado;Inscrições Encerradas;;0;;;;;Secretaria Nacional de Excelência Esportiva;https://oportunidades.sigepe.gov.br/oportunidades-portal/api/html/3184;21/08/2026;21/08/2026
3182;994.1/2024;2024;Empresa Brasileira de Pesquisa Agropecuária;encerrado;Inscrições Encerradas;;7;;;cenários(+3), avaliação de políticas(+2), inteligência artificial(+1), políticas públicas(+1);;CHEFE DE ASSESSORIA DE AUDITORIA INTERNA;https://oportunidades.sigepe.gov.br/oportunidades-portal/api/html/3182;21/08/2026;21/08/2026
3181;978.1/2024;2024;Instituto de Pesquisas Jardim Botânico do Rio de Janeiro;encerrado;Inscrições Encerradas;;-3;chefia baixa;;chefia baixa(-3);;Chefe de Seção de Manutenção Predial (CCE 1.04);https://oportunidades.sigepe.gov.br/oportunidades-portal/api/html/3181;21/08/2026;21/08/2026
3178;985.1/2024;2024;Departamento Nacional de Infraestrutura de Transportes;encerrado;Inscrições Encerradas;;-4;;UL de Teófilo Otoni - SRE/MG;UL de Teófilo Otoni - SRE/MG(-5), infraestrutura(+1);;Engenheiros Civis ou Analista de Infraestrutura de Transportes - UL de Teófilo Otoni - SRE/MG;https://oportunidades.sigepe.gov.br/oportunidades-portal/api/html/3178;21/08/2026;21/08/2026
3177;984.1/2024;2024;Departamento Nacional de Infraestrutura de Transportes;encerrado;Inscrições Encerradas;;-4;;CAF-SRE/SP;CAF-SRE/SP(-5), infraestrutura(+1);;Servidores com formação em Arquitetura ou Engenharia Civil  - SELOG/CAF-SRE/SP;https://oportunidades.sigepe.gov.br/oportunidades-portal/api/html/3177;21/08/2026;21/08/2026
3173;975.3/2024;2024;Ministério da Cultura;encerrado;Inscrições Encerradas;;-5;;STII/SE;STII/SE(-5);;EDITAL DE SELEÇÃO Nº 01/2024/STII/SE/MINC;https://oportunidades.sigepe.gov.br/oportunidades-portal/api/html/3173;21/08/2026;21/08/2026
3171;974.2/2024;2024;Ministério da Cultura;encerrado;Inscrições Encerradas;;-8;;STII/SE;STII/SE(-5), gratificação técnica(-3);;EDITAL DE SELEÇÃO Nº 01/2024/STII/SE/MINC;https://oportunidades.sigepe.gov.br/oportunidades-portal/api/html/3171;21/08/2026;21/08/2026
3169;973.3/2024;2024;Ministério da Gestão e da Inovação em Serviços Públicos;encerrado;Inscrições Encerradas;;-5;;;órgão-alvo(+2), gratificação técnica(-3), nível médio/intermediário(-4);nível médio/intermediário;GSISP - Nível intermediário;https://oportunidades.sigepe.gov.br/oportunidades-portal/api/html/3169;21/08/2026;21/08/2026
3168;986.1/2024;2024;Agência Nacional de Aviação Civil;encerrado;Inscrições Encerradas;;0;;;;;JORNALISTA;https://oportunidades.sigepe.gov.br/oportunidades-portal/api/html/3168;21/08/2026;21/08/2026
3167;967/2024;2024;Ministério da Defesa;encerrado;Inscrições Encerradas;;-3;;;gratificação técnica(-3);;GSISTE(NS)-SIPEC -;https://oportunidades.sigepe.gov.br/oportunidades-portal/api/html/3167;21/08/2026;21/08/2026
3166;966/2024;2024;Ministério da Agricultura e Pecuária;encerrado;Inscrições Encerradas;;1;;Brasília;Brasília(+1);;Coordenação de Cadastro e Aposentadoria, da Coordenação-Geral de Cadastro e Pagamento/SGP/MAPA;https://oportunidades.sigepe.gov.br/oportunidades-portal/api/html/3166;21/08/2026;21/08/2026
3162;962.2/2024;2024;Ministério da Justiça e Segurança Pública;encerrado;Inscrições Encerradas;;0;;Brasília;Brasília(+1), órgão-alvo(+2), gratificação técnica(-3);;GSISTE Nível Superior com PGD Presencial em Licitações e Contratos no MJSP;https://oportunidades.sigepe.gov.br/oportunidades-portal/api/html/3162;21/08/2026;21/08/2026
3159;959.2/2024;2024;Agência Nacional de Transportes Terrestres;encerrado;Inscrições Encerradas;;1;coordenador (1.10);;coordenador (1.10)(+1);;Coordenador(a) de Análise e Tratamento de Dados;https://oportunidades.sigepe.gov.br/oportunidades-portal/api/html/3159;21/08/2026;21/08/2026
3157;958.3/2024;2024;Ministério da Gestão e da Inovação em Serviços Públicos;encerrado;Inscrições Encerradas;;0;;Brasília;Brasília(+1), órgão-alvo(+2), gratificação técnica(-3);;GSISTE NÍVEL SUPERIOR;https://oportunidades.sigepe.gov.br/oportunidades-portal/api/html/3157;21/08/2026;21/08/2026
3154;957.1/2024;2024;Ministério do Planejamento e Orçamento;encerrado;Inscrições Encerradas;;2;;;órgão-alvo(+2);;Assessoria Técnica e Administrativa;https://oportunidades.sigepe.gov.br/oportunidades-portal/api/html/3154;21/08/2026;21/08/2026
3142;948/2024;2024;Instituto do Patrimônio Histórico e Artístico Nacional;encerrado;Inscrições Encerradas;;-2;;Brasília;Brasília(+1), gratificação técnica(-3);;01 (uma) Gratificação Temporária do Sistema de Administração de Recursos de Tecnologia da Informação;https://oportunidades.sigepe.gov.br/oportunidades-portal/api/html/3142;21/08/2026;21/08/2026
3141;950.1/2024;2024;Ministério da Gestão e da Inovação em Serviços Públicos;encerrado;Inscrições Encerradas;;0;;;inteligência artificial(+1), órgão-alvo(+2), gratificação técnica(-3);;GSISTE nível superior;https://oportunidades.sigepe.gov.br/oportunidades-portal/api/html/3141;21/08/2026;21/08/2026
3140;949.3/2024;2024;Ministério da Gestão e da Inovação em Serviços Públicos;encerrado;Inscrições Encerradas;;-1;;;órgão-alvo(+2), gratificação técnica(-3);;Gratificação Temporária para provimento de cargo de nível superior (GSISTE), 1 vaga.;https://oportunidades.sigepe.gov.br/oportunidades-portal/api/html/3140;21/08/2026;21/08/2026
3139;969.2/2024;2024;Ministério da Saúde;encerrado;Inscrições Encerradas;;2;;;órgão-alvo(+2);;04 vagas para Divisão de Transferência de Recursos | 02 vagas para Coordenação de Transferência de Recursos;https://oportunidades.sigepe.gov.br/oportunidades-portal/api/html/3139;21/08/2026;21/08/2026
3137;960/2024;2024;Ministério da Fazenda;encerrado;Inscrições Encerradas;;-5;;;órgão-alvo(+2), gratificação técnica(-3), nível médio/intermediário(-4);nível médio/intermediário;GSISTE Nível Superior / GSISTE Nível Intermediário;https://oportunidades.sigepe.gov.br/oportunidades-portal/api/html/3137;21/08/2026;21/08/2026
3136;946/2024;2024;Instituto do Patrimônio Histórico e Artístico Nacional;encerrado;Inscrições Encerradas;;-2;;Brasília;Brasília(+1), gratificação técnica(-3);;GSISTE - NÍVEL SUPERIOR - do Sistema de Serviços Gerais - SISG, no DPA, em Brasília/DF.;https://oportunidades.sigepe.gov.br/oportunidades-portal/api/html/3136;21/08/2026;21/08/2026
3135;1047.1/2024;2024;Fundação Casa de Rui Barbosa;encerrado;Inscrições Encerradas;;-3;chefia baixa;;chefia baixa(-3);;Chefe do Serviço de Apoio Logístico à Memória e Informação;https://oportunidades.sigepe.gov.br/oportunidades-portal/api/html/3135;21/08/2026;21/08/2026
3133;942/2024;2024;Ministério da Agricultura e Pecuária;encerrado;Inscrições Encerradas;;-3;chefia baixa;;chefia baixa(-3);;Chefe da Divisão de Aquisições e Logística (DIAL-AM);https://oportunidades.sigepe.gov.br/oportunidades-portal/api/html/3133;21/08/2026;21/08/2026
3132;941.2/2024;2024;Ministério do Turismo;encerrado;Inscrições Encerradas;;0;;Brasília;Brasília(+1), órgão-alvo(+2), gratificação técnica(-3);;GSISTE  COLIC/CGLC/SAD/SE/MTur;https://oportunidades.sigepe.gov.br/oportunidades-portal/api/html/3132;21/08/2026;21/08/2026
3131;939/2024;2024;Ministério da Defesa;encerrado;Inscrições Encerradas;;-3;;;gratificação técnica(-3);;GSISTE SISG Nível Superior;https://oportunidades.sigepe.gov.br/oportunidades-portal/api/html/3131;21/08/2026;21/08/2026
3130;938/2024;2024;Conselho Administrativo de Defesa Econômica;encerrado;Inscrições Encerradas;;2;;;órgão-alvo(+2);;Divisão de Compliance e Gestão de Riscos (Dicor) | Divisão de Compliance e Gestão de Riscos (Dicor);https://oportunidades.sigepe.gov.br/oportunidades-portal/api/html/3130;21/08/2026;21/08/2026
3129;937/2024;2024;Ministério dos Povos Indígenas;encerrado;Inscrições Encerradas;;1;coordenador (1.10);;coordenador (1.10)(+1);;Assessor Técnico Especializado - FCE 4.03;https://oportunidades.sigepe.gov.br/oportunidades-portal/api/html/3129;21/08/2026;21/08/2026
3128;945.1/2024;2024;Ministério da Saúde;encerrado;Inscrições Encerradas;;-2;;;órgão-alvo(+2), nível médio/intermediário(-4);nível médio/intermediário;Nível Médio ou Nível Superior | Nível Médio ou Nível Superior;https://oportunidades.sigepe.gov.br/oportunidades-portal/api/html/3128;21/08/2026;21/08/2026
3126;954.3/2024;2024;Ministério da Gestão e da Inovação em Serviços Públicos;encerrado;Inscrições Encerradas;;-1;;;órgão-alvo(+2), gratificação técnica(-3);;GSISP para atuar em projetos de transformação digital em gestão de pessoas | Vaga para atuar em Transformação Digital em Gestão de Pessoas com foco em projetos;https://oportunidades.sigepe.gov.br/oportunidades-portal/api/html/3126;21/08/2026;21/08/2026
3125;934.2/2024;2024;Ministério da Educação;encerrado;Inscrições Encerradas;;3;;Brasília;Brasília(+1), órgão-alvo(+2);;Função Comissionada Executiva  FCE-1.07;https://oportunidades.sigepe.gov.br/oportunidades-portal/api/html/3125;21/08/2026;21/08/2026
3124;933.1/2024;2024;Ministério da Ciência, Tecnologia e Inovação;encerrado;Inscrições Encerradas;;3;;Brasília;Brasília(+1), órgão-alvo(+2);;COORDENAÇÃO DE GESTÃO DE RISCOS E PROCESSOS do MCTI;https://oportunidades.sigepe.gov.br/oportunidades-portal/api/html/3124;21/08/2026;21/08/2026
3122;970.2/2024;2024;Ministério do Trabalho e Emprego;encerrado;Inscrições Encerradas;;3;chefia baixa;;chefia baixa(-3), cenários(+3), ciência de dados(+1), órgão-alvo(+2);;Chefe de Divisão de Análise de Riscos e Prevenção - FCE 1.07;https://oportunidades.sigepe.gov.br/oportunidades-portal/api/html/3122;21/08/2026;21/08/2026
3115;922.1/2024;2024;Departamento Nacional de Infraestrutura de Transportes;encerrado;Inscrições Encerradas;;-7;chefia baixa;Aquaviária - FCE 1.05 - SRE/SP;chefia baixa(-3), Aquaviária - FCE 1.05 - SRE/SP(-5), infraestrutura(+1);;Chefe do Serviço de Manutenção Aquaviária - FCE 1.05 - SRE/SP;https://oportunidades.sigepe.gov.br/oportunidades-portal/api/html/3115;21/08/2026;21/08/2026
3114;923.1/2024;2024;Departamento Nacional de Infraestrutura de Transportes;encerrado;Inscrições Encerradas;;-7;chefia baixa;Aquaviárias - FCE 1.05 - SRE/SP;chefia baixa(-3), Aquaviárias - FCE 1.05 - SRE/SP(-5), infraestrutura(+1);;Chefe do Serviço de Operações Aquaviárias - FCE 1.05 - SRE/SP;https://oportunidades.sigepe.gov.br/oportunidades-portal/api/html/3114;21/08/2026;21/08/2026
3113;921.1/2024;2024;Departamento Nacional de Infraestrutura de Transportes;encerrado;Inscrições Encerradas;;-7;chefia baixa;Aquaviária - FCE 1.05 - SRE/SP;chefia baixa(-3), Aquaviária - FCE 1.05 - SRE/SP(-5), infraestrutura(+1);;Chefe do Serviço de Construção Aquaviária - FCE 1.05 - SRE/SP;https://oportunidades.sigepe.gov.br/oportunidades-portal/api/html/3113;21/08/2026;21/08/2026
3112;920/2024;2024;Instituto do Patrimônio Histórico e Artístico Nacional;encerrado;Inscrições Encerradas;;-2;chefia baixa;Brasília;chefia baixa(-3), Brasília(+1);;FCE 1.05 de Chefe do Serviço de Escritório de Projetos e Processos¿ - DPA/IPHAN, em Brasília/DF.;https://oportunidades.sigepe.gov.br/oportunidades-portal/api/html/3112;21/08/2026;21/08/2026
3111;919/2024;2024;Instituto do Patrimônio Histórico e Artístico Nacional;encerrado;Inscrições Encerradas;;-2;chefia baixa;Brasília;chefia baixa(-3), Brasília(+1);;FCE 1.05 de Chefe do Serviço de Gestão, Monitoramento e Acompanhamento - DPA/IPHAN, em Brasília/DF.;https://oportunidades.sigepe.gov.br/oportunidades-portal/api/html/3111;21/08/2026;21/08/2026
3108;968.1/2024;2024;Ministério da Educação;encerrado;Inscrições Encerradas;;0;chefia baixa;Brasília;chefia baixa(-3), Brasília(+1), órgão-alvo(+2);;Vaga FCE 1.05 Função Comissionada Executiva;https://oportunidades.sigepe.gov.br/oportunidades-portal/api/html/3108;21/08/2026;21/08/2026
3106;928.1/2024;2024;Ministério da Justiça e Segurança Pública;encerrado;Inscrições Encerradas;;3;;Brasília;Brasília(+1), órgão-alvo(+2);;Compor Força de Trabalho em Gestão de Pessoas (Aposentadorias e Pensões);https://oportunidades.sigepe.gov.br/oportunidades-portal/api/html/3106;21/08/2026;21/08/2026
3105;932.2/2024;2024;Ministério dos Transportes;encerrado;Inscrições Encerradas;;-6;;SPOA/SE;SPOA/SE(-5), órgão-alvo(+2), gratificação técnica(-3);;GSISTE NS;https://oportunidades.sigepe.gov.br/oportunidades-portal/api/html/3105;21/08/2026;21/08/2026
3103;917/2024;2024;Ministério do Desenvolvimento, Indústria, Comércio e Serviços;encerrado;Inscrições Encerradas;;-1;;;órgão-alvo(+2), gratificação técnica(-3);;Servidor Público do Plano Geral de Cargos do Poder Executivo - PGPE, com gratificação (GSISTE);https://oportunidades.sigepe.gov.br/oportunidades-portal/api/html/3103;21/08/2026;21/08/2026
3100;910/2024;2024;Ministério da Agricultura e Pecuária;encerrado;Inscrições Encerradas;;-3;;;gratificação técnica(-3);;GSISTE NS - Coordenação de Desenvolvimento de Pessoas - CDP, da Escola Nacional de Gestão Agropecuár;https://oportunidades.sigepe.gov.br/oportunidades-portal/api/html/3100;21/08/2026;21/08/2026
3098;912.3/2024;2024;Ministério da Justiça e Segurança Pública;encerrado;Inscrições Encerradas;;-4;chefia baixa;Brasília;chefia baixa(-3), Brasília(+1), órgão-alvo(+2), nível médio/intermediário(-4);nível médio/intermediário;Chefe de Serviço, FCE 1.05, na Coordenação de Consumo, Seguro e Saúde (CSS-SENACON) do MJSP;https://oportunidades.sigepe.gov.br/oportunidades-portal/api/html/3098;21/08/2026;21/08/2026
3096;909.1/2024;2024;Fundação Escola Nacional de Administração Pública;encerrado;Inscrições Encerradas;;-1;;;órgão-alvo(+2), gratificação técnica(-3);;Ocupantes do cargo efetivo de JORNALISTA.;https://oportunidades.sigepe.gov.br/oportunidades-portal/api/html/3096;21/08/2026;21/08/2026
3095;913.1/2024;2024;Defensoria Pública da União;encerrado;Inscrições Encerradas;;7;secretário/diretor;Brasília;secretário/diretor(+6), Brasília(+1);;Secretário de Planejamento, Logística e Contratos da DPGU em Brasília/DF;https://oportunidades.sigepe.gov.br/oportunidades-portal/api/html/3095;21/08/2026;21/08/2026
3094;908.3/2024;2024;Ministério do Trabalho e Emprego;encerrado;Inscrições Encerradas;;-2;;;órgão-alvo(+2), nível médio/intermediário(-4);nível médio/intermediário;Dimensionamento da Força de Trabalho | Qualidade de Vida e Saúde do Servidor | Desenvolvimento de Pessoas | Cadastros e Acompanhamento Funcional | Reembolso e Orçamento | Legislação de Pessoas;https://oportunidades.sigepe.gov.br/oportunidades-portal/api/html/3094;21/08/2026;21/08/2026
3093;904.4/2024;2024;Departamento Nacional de Infraestrutura de Transportes;encerrado;Inscrições Encerradas;;-2;chefia baixa;;chefia baixa(-3), infraestrutura(+1);;Coordenação-Geral de Integridade - CGINT | Coordenação de Gestão de Riscos à Integridade - COGRI | Assistente Técnico  (FCE 2.01) - Coordenação de Gestão de Riscos à Integridade - COGRI;https://oportunidades.sigepe.gov.br/oportunidades-portal/api/html/3093;21/08/2026;21/08/2026
3091;914.3/2024;2024;Ministério da Gestão e da Inovação em Serviços Públicos;encerrado;Inscrições Encerradas;;5;;;cenários(+3), órgão-alvo(+2);;FCE 4.06;https://oportunidades.sigepe.gov.br/oportunidades-portal/api/html/3091;21/08/2026;21/08/2026
3087;902/2024;2024;Ministério da Cultura;encerrado;Inscrições Encerradas;;0;;;;;EDITAL DE SELEÇÃO DO GABINETE DA MINISTRA N° 02/2024 | EDITAL DE SELEÇÃO DO GABINETE DA MINISTRA N° 02/2024;https://oportunidades.sigepe.gov.br/oportunidades-portal/api/html/3087;21/08/2026;21/08/2026
3085;907.1/2024;2024;Ministério da Saúde;encerrado;Inscrições Encerradas;;-6;;DLOG/SE;DLOG/SE(-5), órgão-alvo(+2), gratificação técnica(-3);;Fiscal- GSISTE- Nível superior- 1 (uma) vaga;https://oportunidades.sigepe.gov.br/oportunidades-portal/api/html/3085;21/08/2026;21/08/2026
3084;899.1/2024;2024;Ministério da Defesa;encerrado;Inscrições Encerradas;;-3;;;gratificação técnica(-3);;GSISTE SISG Nível Superior - SISG;https://oportunidades.sigepe.gov.br/oportunidades-portal/api/html/3084;21/08/2026;21/08/2026
3082;924/2024;2024;Fundação Nacional de Artes;encerrado;Inscrições Encerradas;;1;coordenador (1.10);;coordenador (1.10)(+1);;Coordenador de Planejamento;https://oportunidades.sigepe.gov.br/oportunidades-portal/api/html/3082;21/08/2026;21/08/2026
3080;911.2/2024;2024;Ministério da Saúde;encerrado;Inscrições Encerradas;;-1;chefia baixa;;chefia baixa(-3), órgão-alvo(+2);;Chefe do Serviço de Gestão de Pessoas - SEGEP (FCE 1.05) da Superintendência Estadual do Ceará;https://oportunidades.sigepe.gov.br/oportunidades-portal/api/html/3080;21/08/2026;21/08/2026
3079;940.1/2024;2024;Fundação Nacional de Artes;encerrado;Inscrições Encerradas;;0;;;;;Analista Administrativo - Coordenação de Gestão de Pessoas;https://oportunidades.sigepe.gov.br/oportunidades-portal/api/html/3079;21/08/2026;21/08/2026
3078;906.1/2024;2024;Ministério da Saúde;encerrado;Inscrições Encerradas;;-6;;DLOG/SE;DLOG/SE(-5), órgão-alvo(+2), gratificação técnica(-3);;Pregoeiro-  GSISTE- Nível superior- 1 (uma) vaga;https://oportunidades.sigepe.gov.br/oportunidades-portal/api/html/3078;21/08/2026;21/08/2026
3077;894.2/2024;2024;Ministério da Gestão e da Inovação em Serviços Públicos;encerrado;Inscrições Encerradas;;-1;;;órgão-alvo(+2), gratificação técnica(-3);;GSISTE na Coordenação da Informação e Publicação;https://oportunidades.sigepe.gov.br/oportunidades-portal/api/html/3077;21/08/2026;21/08/2026
3075;891/2024;2024;Conselho Nacional de Desenvolvimento Científico e Tecnológico;encerrado;Inscrições Encerradas;;0;;;;;Coordenação-Geral de Engenharias e Tecnologias - CGETE;https://oportunidades.sigepe.gov.br/oportunidades-portal/api/html/3075;21/08/2026;21/08/2026
3073;895.2/2024;2024;Ministério do Desenvolvimento Agrário e Agricultura Familiar;encerrado;Inscrições Encerradas;;2;;;órgão-alvo(+2);;Equipe do Departamento de Mediação e Conciliação de Conflitos Agrários / MDA;https://oportunidades.sigepe.gov.br/oportunidades-portal/api/html/3073;21/08/2026;21/08/2026
3072;885.2/2024;2024;Agência Espacial Brasileira;encerrado;Inscrições Encerradas;;2;;;espacial(+2);;Composição de Força de Trabalho;https://oportunidades.sigepe.gov.br/oportunidades-portal/api/html/3072;21/08/2026;21/08/2026
3068;880.1/2024;2024;Ministério da Justiça e Segurança Pública;encerrado;Inscrições Encerradas;;3;;Brasília;Brasília(+1), órgão-alvo(+2);;Teletrabalho Parcial na Divisão de Qualidade de Vida do MJSP;https://oportunidades.sigepe.gov.br/oportunidades-portal/api/html/3068;21/08/2026;21/08/2026
3067;905.1/2024;2024;Ministério da Saúde;encerrado;Inscrições Encerradas;;-3;;SAA/SE;SAA/SE(-5), órgão-alvo(+2);;Agente Administrativo - SEAMI (COASS/COGEP/SAA/SE/MS) | Equipe de Análise e Acompanhamento das Relações de Trabalho (COASS/COGEP/SAA/SE/MS) | Cirurgião(ã)-Dentista - Unidade SIASS (COASS/COGEP/SAA/SE/MS) | Equipe de Análise e Acompanhamento das Relações de Trabalho - (COASS/COGEP/SAA/SE/MS) - Movimentação | Terapeuta Ocupacional - VIGIPRO (COASS/COGEP/SAA/SE/MS) | Técnico de Segurança do Trabalho ;https://oportunidades.sigepe.gov.br/oportunidades-portal/api/html/3067;21/08/2026;21/08/2026
3064;879.2/2024;2024;Ministério da Justiça e Segurança Pública;encerrado;Inscrições Encerradas;;3;;Brasília;Brasília(+1), órgão-alvo(+2);;Teletrabalho Integral na Divisão de Serviços em Gestão de Pessoas do MJSP;https://oportunidades.sigepe.gov.br/oportunidades-portal/api/html/3064;21/08/2026;21/08/2026
3063;929.1/2024;2024;Ministério da Justiça e Segurança Pública;encerrado;Inscrições Encerradas;;3;;Brasília;Brasília(+1), órgão-alvo(+2);;Compor Força de Trabalho em Gestão de Pessoas (Dimensionamento da Força de Trabalho);https://oportunidades.sigepe.gov.br/oportunidades-portal/api/html/3063;21/08/2026;21/08/2026
3061;877.1/2024;2024;Ministério da Cultura;encerrado;Inscrições Encerradas;;-3;coordenador (1.10);;coordenador (1.10)(+1), nível médio/intermediário(-4);nível médio/intermediário;Coordenador(a) de Articulação Federativa;https://oportunidades.sigepe.gov.br/oportunidades-portal/api/html/3061;21/08/2026;21/08/2026
3060;888/2024;2024;Conselho Administrativo de Defesa Econômica;encerrado;Inscrições Encerradas;;2;;;órgão-alvo(+2);;Serviço de Informação e Documentação - SIDOC | Protocolo - PROT | Serviço de Informação e Documentação - SIDOC (Cargo de nível técnico ou superior - Arquivista);https://oportunidades.sigepe.gov.br/oportunidades-portal/api/html/3060;21/08/2026;21/08/2026
3059;887.1/2024;2024;Ministério da Ciência, Tecnologia e Inovação;encerrado;Inscrições Encerradas;;-1;;;órgão-alvo(+2), gratificação técnica(-3);;2 Vagas para GSISTE - Coordenação de Orçamento e Coordenação de Finanças - MCTI;https://oportunidades.sigepe.gov.br/oportunidades-portal/api/html/3059;21/08/2026;21/08/2026
3058;882.1/2024;2024;Ministério da Gestão e da Inovação em Serviços Públicos;encerrado;Inscrições Encerradas;;-1;;;órgão-alvo(+2), gratificação técnica(-3);;GSISP para atuar em projetos da Identificação Civil;https://oportunidades.sigepe.gov.br/oportunidades-portal/api/html/3058;21/08/2026;21/08/2026
3056;875.1/2024;2024;Ministério da Saúde;encerrado;Inscrições Encerradas;;-3;;SAA/SE;SAA/SE(-5), órgão-alvo(+2);;Analista CDAM (COASS/COGEP/SAA/SE/MS);https://oportunidades.sigepe.gov.br/oportunidades-portal/api/html/3056;21/08/2026;21/08/2026
3055;889.1/2024;2024;Ministério da Justiça e Segurança Pública;encerrado;Inscrições Encerradas;;3;;Brasília;Brasília(+1), órgão-alvo(+2);;Composição de Força de Trabalho na Secretaria Nacional do Consumidor (SENACON);https://oportunidades.sigepe.gov.br/oportunidades-portal/api/html/3055;21/08/2026;21/08/2026
3052;871.2/2024;2024;Ministério dos Direitos Humanos e da Cidadania;encerrado;Inscrições Encerradas;;1;coordenador (1.10);;coordenador (1.10)(+1);;FCE 1.10 junto a Diretoria de Promoção dos Direitos da População em Situação de Rua;https://oportunidades.sigepe.gov.br/oportunidades-portal/api/html/3052;21/08/2026;21/08/2026
3050;868/2024;2024;Instituto do Patrimônio Histórico e Artístico Nacional;encerrado;Inscrições Encerradas;;-3;;;gratificação técnica(-3);;GSISTE - Nível Superior.;https://oportunidades.sigepe.gov.br/oportunidades-portal/api/html/3050;21/08/2026;21/08/2026
3049;874.2/2024;2024;Ministério da Gestão e da Inovação em Serviços Públicos;encerrado;Inscrições Encerradas;;-1;;;órgão-alvo(+2), gratificação técnica(-3);;GSISTE, Nível Superior - Divisão de Governança de Dados Pessoais;https://oportunidades.sigepe.gov.br/oportunidades-portal/api/html/3049;21/08/2026;21/08/2026
3048;870.1/2024;2024;Fundação Escola Nacional de Administração Pública;encerrado;Inscrições Encerradas;;4;;;políticas públicas(+1), infraestrutura(+1), órgão-alvo(+2);;Analista de Tecnologia da Informação - ATI;https://oportunidades.sigepe.gov.br/oportunidades-portal/api/html/3048;21/08/2026;21/08/2026
3047;867/2024;2024;Instituto do Patrimônio Histórico e Artístico Nacional;encerrado;Inscrições Encerradas;;-3;chefia baixa;;chefia baixa(-3);;FCE 1.07 de Chefe da Divisão de Editoração e Publicações do Patrimônio;https://oportunidades.sigepe.gov.br/oportunidades-portal/api/html/3047;21/08/2026;21/08/2026
3045;876.1/2024;2024;Ministério da Saúde;encerrado;Inscrições Encerradas;;-2;coordenador (1.10);SAA/SE;coordenador (1.10)(+1), SAA/SE(-5), órgão-alvo(+2);;Assessor(a) técnico(a) especializado(a) -  SEAMI - COASS/COGEP/SAA/SE/MS | Assessor(a) técnico(a) especializado(a)  - Unidade SIASS (COASS/COGEP/SAA/SE/MS);https://oportunidades.sigepe.gov.br/oportunidades-portal/api/html/3045;21/08/2026;21/08/2026
3044;866/2024;2024;Instituto do Patrimônio Histórico e Artístico Nacional;encerrado;Inscrições Encerradas;;-3;chefia baixa;;chefia baixa(-3);;FCE 2.01 de Assistente Técnico da Superintendência do IPHAN em Santa Catarina¿.;https://oportunidades.sigepe.gov.br/oportunidades-portal/api/html/3044;21/08/2026;21/08/2026
3041;865.2/2024;2024;Instituto Brasileiro de Museus;encerrado;Inscrições Encerradas;;0;;;;;Analista;https://oportunidades.sigepe.gov.br/oportunidades-portal/api/html/3041;21/08/2026;21/08/2026
3035;869.3/2024;2024;Ministério da Gestão e da Inovação em Serviços Públicos;encerrado;Inscrições Encerradas;;2;;;órgão-alvo(+2);;Analista de Negócio;https://oportunidades.sigepe.gov.br/oportunidades-portal/api/html/3035;21/08/2026;21/08/2026
3032;862/2024;2024;Presidência da República;encerrado;Inscrições Encerradas;;2;;;órgão-alvo(+2);;Divisão de Execução Orçamentária e Financeira de Pessoal (DEOPE);https://oportunidades.sigepe.gov.br/oportunidades-portal/api/html/3032;21/08/2026;21/08/2026
3029;893.2/2024;2024;Ministério da Gestão e da Inovação em Serviços Públicos;encerrado;Inscrições Encerradas;;-1;;;órgão-alvo(+2), gratificação técnica(-3);;Analista de Negócio | Especialista em UX;https://oportunidades.sigepe.gov.br/oportunidades-portal/api/html/3029;21/08/2026;21/08/2026
3027;860.2/2024;2024;Instituto Brasileiro de Museus;encerrado;Inscrições Encerradas;;-3;;;gratificação técnica(-3);;Equipe técnica da Coordenação de Gestão de Pessoas;https://oportunidades.sigepe.gov.br/oportunidades-portal/api/html/3027;21/08/2026;21/08/2026
3026;931.1/2024;2024;Ministério do Desenvolvimento, Indústria, Comércio e Serviços;encerrado;Inscrições Encerradas;;-1;chefia baixa;;chefia baixa(-3), órgão-alvo(+2);;Chefe da Divisão de Gestão Administrativa, FCE 1.07, da Secretaria-Executiva do CNDI/MDIC;https://oportunidades.sigepe.gov.br/oportunidades-portal/api/html/3026;21/08/2026;21/08/2026
3025;916/2024;2024;Ministério da Ciência, Tecnologia e Inovação;encerrado;Inscrições Encerradas;;-1;;;órgão-alvo(+2), gratificação técnica(-3);;GSISTE - Coordenação de Modernização Institucional - MCTI;https://oportunidades.sigepe.gov.br/oportunidades-portal/api/html/3025;21/08/2026;21/08/2026
3023;857.1/2024;2024;Presidência da República;encerrado;Inscrições Encerradas;;0;chefia baixa;Brasília;chefia baixa(-3), Brasília(+1), órgão-alvo(+2);;FCE 2.05 - Coordenação de Produção Gráfica (COGRAF);https://oportunidades.sigepe.gov.br/oportunidades-portal/api/html/3023;21/08/2026;21/08/2026
3016;855.1/2024;2024;Presidência da República;encerrado;Inscrições Encerradas;;-5;;;órgão-alvo(+2), gratificação técnica(-3), nível médio/intermediário(-4);nível médio/intermediário;GSISP Nível Intermediário - Coordenação de Sistemas, Dados e Inovação.;https://oportunidades.sigepe.gov.br/oportunidades-portal/api/html/3016;21/08/2026;21/08/2026
3015;896.2/2024;2024;Ministério do Desenvolvimento Agrário e Agricultura Familiar;encerrado;Inscrições Encerradas;;2;;;órgão-alvo(+2);;Equipe do Departamento de Mediação e Conciliação de Conflitos Agrários / MDA;https://oportunidades.sigepe.gov.br/oportunidades-portal/api/html/3015;21/08/2026;21/08/2026
3014;854/2024;2024;Comando do Exército;encerrado;Inscrições Encerradas;;-2;;Brasília;Brasília(+1), gratificação técnica(-3);;GSISTE - NÍVEL SUPERIOR;https://oportunidades.sigepe.gov.br/oportunidades-portal/api/html/3014;21/08/2026;21/08/2026
3013;859.2/2024;2024;Ministério da Justiça e Segurança Pública;encerrado;Inscrições Encerradas;;0;chefia baixa;Brasília;chefia baixa(-3), Brasília(+1), órgão-alvo(+2);;Chefe de Serviço, FCE 1.05 com PGD parcial na Diretoria de Gestão de Ativos e Justiça no MJSP;https://oportunidades.sigepe.gov.br/oportunidades-portal/api/html/3013;21/08/2026;21/08/2026
3012;853.1/2024;2024;Ministério da Defesa;encerrado;Inscrições Encerradas;;-6;chefia baixa;;chefia baixa(-3), gratificação técnica(-3);;GSISP - Tecnologia da Informação (Nível Superior | FCE 2.03;https://oportunidades.sigepe.gov.br/oportunidades-portal/api/html/3012;21/08/2026;21/08/2026
3011;852.1/2024;2024;Fundação Cultural Palmares;encerrado;Inscrições Encerradas;;-3;;;gratificação técnica(-3);;1 (uma) vaga de Gratificação Temporária das Unidades dos Sistemas Estruturadores da Administração Pú;https://oportunidades.sigepe.gov.br/oportunidades-portal/api/html/3011;21/08/2026;21/08/2026
3009;851/2024;2024;Ministério do Planejamento e Orçamento;encerrado;Inscrições Encerradas;;-5;;;órgão-alvo(+2), gratificação técnica(-3), nível médio/intermediário(-4);nível médio/intermediário;GSISTE NÍVEL SUPERIOR - CGLCD | GSISTE NÍVEL INTERMEDIÁRIO - CGLCD;https://oportunidades.sigepe.gov.br/oportunidades-portal/api/html/3009;21/08/2026;21/08/2026
3008;858.2/2024;2024;Ministério da Fazenda;encerrado;Inscrições Encerradas;;2;;;órgão-alvo(+2);;COGER - 004 | OUVIR - 006 | AECI - 003 | OUVIR - 005 | AECI - 001 | AECI - 002;https://oportunidades.sigepe.gov.br/oportunidades-portal/api/html/3008;21/08/2026;21/08/2026
3007;850/2024;2024;Ministério do Planejamento e Orçamento;encerrado;Inscrições Encerradas;;-5;;;órgão-alvo(+2), gratificação técnica(-3), nível médio/intermediário(-4);nível médio/intermediário;GSISTE NÍVEL SUPERIOR- CGLCD | GSISTE NÍVEL INTERMEDIÁRIO - CGLCD;https://oportunidades.sigepe.gov.br/oportunidades-portal/api/html/3007;21/08/2026;21/08/2026
3006;849/2024;2024;Ministério do Planejamento e Orçamento;encerrado;Inscrições Encerradas;;-5;;;órgão-alvo(+2), gratificação técnica(-3), nível médio/intermediário(-4);nível médio/intermediário;GSISTE NÍVEL INTERMEDIÁRIO - CGLCD | GSISTE NÍVEL SUPERIOR - CGLCD;https://oportunidades.sigepe.gov.br/oportunidades-portal/api/html/3006;21/08/2026;21/08/2026
3005;847/2024;2024;Instituto do Patrimônio Histórico e Artístico Nacional;encerrado;Inscrições Encerradas;;-2;chefia baixa;Brasília;chefia baixa(-3), Brasília(+1);;FCE 1.07 de Chefe da Divisão de Tratamento Documental. CDP/DAFE. Brasília/DF.;https://oportunidades.sigepe.gov.br/oportunidades-portal/api/html/3005;21/08/2026;21/08/2026
3003;842.2/2024;2024;Ministério da Integração e do Desenvolvimento Regional;encerrado;Inscrições Encerradas;;0;chefia baixa;;chefia baixa(-3), desenvolvimento regional(+1), órgão-alvo(+2);;1 vaga Chefe da Divisão de Registros da Diretoria de Orçamento e Finanças, FCE 1.07;https://oportunidades.sigepe.gov.br/oportunidades-portal/api/html/3003;21/08/2026;21/08/2026
3002;1041.3/2024;2024;Instituto Federal de Educação, Ciência e Tecnologia do Paraná;encerrado;Inscrições Encerradas;;0;;;;;ASSISTENTE EM ADMINISTRAÇÃO ou CARGO CORRELATO | ASSISTENTE EM ADMINISTRAÇÃO ou CARGO CORRELATO | ASSISTENTE EM ADMINISTRAÇÃO ou CARGO CORRELATO | TÉCNICO EM TECNOLOGIA DA INFORMAÇÃO | ASSISTENTE EM ADMINISTRAÇÃO ou CARGO CORRELATO | ENGENHEIRO/ÁREA ou CARGO CORRELATO | ENGENHEIRO DE SEGURANÇA DO TRABALHO ou CARGO CORRELATO | ASSISTENTE EM ADMINISTRAÇÃO ou CARGO CORRELATO | ASSISTENTE EM ADMINISTR;https://oportunidades.sigepe.gov.br/oportunidades-portal/api/html/3002;21/08/2026;21/08/2026
3000;843.3/2024;2024;Ministério da Saúde;encerrado;Inscrições Encerradas;;0;;Brasília;Brasília(+1), órgão-alvo(+2), gratificação técnica(-3);;Coordenação-Geral de Inovação de Processos e de Estruturas Organizacionais;https://oportunidades.sigepe.gov.br/oportunidades-portal/api/html/3000;21/08/2026;21/08/2026
2999;839/2024;2024;Ministério da Cultura;encerrado;Inscrições Encerradas;;0;;;;;EDITAL DE SELEÇÃO DO GABINETE DA MINISTRA N° 01/2024;https://oportunidades.sigepe.gov.br/oportunidades-portal/api/html/2999;21/08/2026;21/08/2026
2996;840.1/2024;2024;Fundação Escola Nacional de Administração Pública;encerrado;Inscrições Encerradas;;-5;;;órgão-alvo(+2), gratificação técnica(-3), nível médio/intermediário(-4);nível médio/intermediário;GAEG NI - Coordenação de Gestão Estratégica e Modernização - Enap;https://oportunidades.sigepe.gov.br/oportunidades-portal/api/html/2996;21/08/2026;21/08/2026
2995;845.2/2024;2024;Ministério da Justiça e Segurança Pública;encerrado;Inscrições Encerradas;;-1;;Brasília;Brasília(+1), órgão-alvo(+2), nível médio/intermediário(-4);nível médio/intermediário;Teletrabalho Parcial na Coordenação-Geral de Pessoas do MJSP;https://oportunidades.sigepe.gov.br/oportunidades-portal/api/html/2995;21/08/2026;21/08/2026
2993;838.2/2024;2024;Ministério do Trabalho e Emprego;encerrado;Inscrições Encerradas;;3;;;políticas públicas(+1), órgão-alvo(+2);;Coordenação-Geral de Registro Sindical | Coordenação-Geral de Relações do Trabalho;https://oportunidades.sigepe.gov.br/oportunidades-portal/api/html/2993;21/08/2026;21/08/2026
2990;831.2/2024;2024;Ministério da Justiça e Segurança Pública;encerrado;Inscrições Encerradas;;-1;coordenador (1.10);;coordenador (1.10)(+1), órgão-alvo(+2), graduação específica(-4);graduação específica;Servidor assessor (FCE 4.04) em Legislação de Pessoal no MJSP;https://oportunidades.sigepe.gov.br/oportunidades-portal/api/html/2990;21/08/2026;21/08/2026
2988;830.1/2024;2024;Ministério da Justiça e Segurança Pública;encerrado;Inscrições Encerradas;;3;;Brasília;Brasília(+1), órgão-alvo(+2);;Engenheiro Elétrico (servidor ou empregado público) no MJSP;https://oportunidades.sigepe.gov.br/oportunidades-portal/api/html/2988;21/08/2026;21/08/2026
2985;829.1/2024;2024;Ministério da Justiça e Segurança Pública;encerrado;Inscrições Encerradas;;3;;Brasília;Brasília(+1), órgão-alvo(+2);;PGD Presencial na Divisão de Projetos e Inovação em Gestão de Pessoas do MJSP;https://oportunidades.sigepe.gov.br/oportunidades-portal/api/html/2985;21/08/2026;21/08/2026
2984;828.1/2024;2024;Ministério dos Transportes;encerrado;Inscrições Encerradas;;-1;;;órgão-alvo(+2), gratificação técnica(-3);;GSISTE NS;https://oportunidades.sigepe.gov.br/oportunidades-portal/api/html/2984;21/08/2026;21/08/2026
2980;;;- Edital N°: 822/2024;encerrado;Inscrições Encerradas;;-3;;;gratificação técnica(-3);;GSISTE NS- Contabilidade;https://oportunidades.sigepe.gov.br/oportunidades-portal/api/html/2980;21/08/2026;21/08/2026
2974;820/2024;2024;Ministério dos Transportes;encerrado;Inscrições Encerradas;;-1;;;órgão-alvo(+2), gratificação técnica(-3);;GSISP;https://oportunidades.sigepe.gov.br/oportunidades-portal/api/html/2974;21/08/2026;21/08/2026
2967;823.2/2024;2024;Ministério do Turismo;encerrado;Inscrições Encerradas;;0;coordenador (1.10);Brasília;coordenador (1.10)(+1), Brasília(+1), órgão-alvo(+2), graduação específica(-4);graduação específica;Coordenador de Apoio Jurídico;https://oportunidades.sigepe.gov.br/oportunidades-portal/api/html/2967;21/08/2026;21/08/2026
2966;824.1/2024;2024;Ministério da Fazenda;encerrado;Inscrições Encerradas;;-4;chefia baixa;;chefia baixa(-3), órgão-alvo(+2), gratificação técnica(-3);;1 FCE 1.07 (Chefe de Divisão) + 1 GSISTE Nível Superior;https://oportunidades.sigepe.gov.br/oportunidades-portal/api/html/2966;21/08/2026;21/08/2026
2965;812.3/2024;2024;Ministério da Justiça e Segurança Pública;encerrado;Inscrições Encerradas;;4;coordenador (1.10);Brasília;coordenador (1.10)(+1), Brasília(+1), órgão-alvo(+2);;Coordenador, FCE 1.10, na Coordenação-Geral de Estatística e Análise no MJSP;https://oportunidades.sigepe.gov.br/oportunidades-portal/api/html/2965;21/08/2026;21/08/2026
2964;813.3/2024;2024;Departamento Nacional de Infraestrutura de Transportes;encerrado;Inscrições Encerradas;;-4;;Informática - CAF-SRE/RO;Informática - CAF-SRE/RO(-5), infraestrutura(+1);;Serviço de Recursos Logísticos e Informática - CAF-SRE/RO | Serviço de Contabilidade e Finanças -  - CAF-SRE/RO | Serviço de Gestão de Pessoas - CAF-SRE/RO;https://oportunidades.sigepe.gov.br/oportunidades-portal/api/html/2964;21/08/2026;21/08/2026
2963;819.1/2024;2024;Agência Espacial Brasileira;encerrado;Inscrições Encerradas;;2;;;espacial(+2);;Atuar na Diretoria de Gestão de Portfólio;https://oportunidades.sigepe.gov.br/oportunidades-portal/api/html/2963;21/08/2026;21/08/2026
2961;;;- Edital N°: 811/2024;encerrado;Inscrições Encerradas;;0;;;;;Composição de força de trabalho junto à Diretoria de Programa da Secretaria-Executiva;https://oportunidades.sigepe.gov.br/oportunidades-portal/api/html/2961;21/08/2026;21/08/2026
2958;806.2/2024;2024;Ministério do Turismo;encerrado;Inscrições Encerradas;;4;coordenador (1.10);Brasília;coordenador (1.10)(+1), Brasília(+1), órgão-alvo(+2);;Coordenador(a)-Geral de Gestão Estratégica de Pessoas;https://oportunidades.sigepe.gov.br/oportunidades-portal/api/html/2958;21/08/2026;21/08/2026
2957;805.1/2024;2024;Ministério da Justiça e Segurança Pública;encerrado;Inscrições Encerradas;;0;;Brasília;Brasília(+1), órgão-alvo(+2), gratificação técnica(-3);;GSISTE - Nível Superior - NA COORDENAÇÃO DE PAGAMENTO E EXECUÇÃO ORÇAMENTÁRIA E FINANCEIRA DO MJSP;https://oportunidades.sigepe.gov.br/oportunidades-portal/api/html/2957;21/08/2026;21/08/2026
2956;803.1/2024;2024;Ministério dos Direitos Humanos e da Cidadania;encerrado;Inscrições Encerradas;;0;;;;;Composição de força de trabalho junto ao Conselho Nacional dos Direitos das Pessoas LGBTQIA+ | Composição de força de trabalho junto à Coordenação de Programas e Projetos | Composição de força de trabalho junto à Diretoria de Promoção e Defesa dos Dir. das Pessoas LGBTQIA+ | Composição de força de trabalho junto ao Gabinete - SLGBTQIA+ | Composição de força de trabalho junto à Coordenação-Geral de;https://oportunidades.sigepe.gov.br/oportunidades-portal/api/html/2956;21/08/2026;21/08/2026
2954;802/2024;2024;Ministério da Ciência, Tecnologia e Inovação;encerrado;Inscrições Encerradas;;-1;;;órgão-alvo(+2), gratificação técnica(-3);;Coordenação de Contabilidade - MCTI;https://oportunidades.sigepe.gov.br/oportunidades-portal/api/html/2954;21/08/2026;21/08/2026
2952;841.2/2024;2024;Ministério da Gestão e da Inovação em Serviços Públicos;encerrado;Inscrições Encerradas;;-4;;Brasília;Brasília(+1), órgão-alvo(+2), gratificação técnica(-3), nível médio/intermediário(-4);nível médio/intermediário;GSISTE Nível Intermediário - Coordenação Geral de Normas e Processos (CGNOP) | GSISTE Nível Intermediário - Coordenação Geral de Capacitação (CGCAP) | GSISTE Nível Intermediário - Gabinete da Diretoria de Transferências e Parcerias da União | GSISTE Nível Superior - Coordenação Geral de Capacitação (CGCAP) | GSISTE Nível Superior - Coordenação Geral de Normas e Processos (CGNOP);https://oportunidades.sigepe.gov.br/oportunidades-portal/api/html/2952;21/08/2026;21/08/2026
2949;801/2024;2024;Ministério da Gestão e da Inovação em Serviços Públicos;encerrado;Inscrições Encerradas;;-1;chefia baixa;;chefia baixa(-3), órgão-alvo(+2);;01 (uma) vaga para FCE 2.07 - Assistente.;https://oportunidades.sigepe.gov.br/oportunidades-portal/api/html/2949;21/08/2026;21/08/2026
2947;844.3/2024;2024;Ministério da Saúde;encerrado;Inscrições Encerradas;;2;;;órgão-alvo(+2);;Serviço de Articulação Interfederativa e Participativa do Ministério da Saúde no Rio Grande do Sul;https://oportunidades.sigepe.gov.br/oportunidades-portal/api/html/2947;21/08/2026;21/08/2026
2946;804/2024;2024;Ministério do Desenvolvimento, Indústria, Comércio e Serviços;encerrado;Inscrições Encerradas;;-1;chefia baixa;;chefia baixa(-3), órgão-alvo(+2);;Chefe de Divisão - FCE 1.07;https://oportunidades.sigepe.gov.br/oportunidades-portal/api/html/2946;21/08/2026;21/08/2026
2945;795.2/2024;2024;Ministério da Cultura;encerrado;Inscrições Encerradas;;-3;;Brasília;Brasília(+1), nível médio/intermediário(-4);nível médio/intermediário;ÁREA  - ADMINISTRAÇÃO PÚBLICA FEDERAL;https://oportunidades.sigepe.gov.br/oportunidades-portal/api/html/2945;21/08/2026;21/08/2026
2944;;;- Edital N°: 794/2024;encerrado;Inscrições Encerradas;;-3;;;gratificação técnica(-3);;1 (uma) vaga de Gratificação Temporária das Unidades dos Sistemas Estruturadores da Administração Pú;https://oportunidades.sigepe.gov.br/oportunidades-portal/api/html/2944;21/08/2026;21/08/2026
2943;793.3/2024;2024;Ministério da Educação;encerrado;Inscrições Encerradas;;-8;chefia baixa;;chefia baixa(-3), órgão-alvo(+2), gratificação técnica(-3), nível médio/intermediário(-4);nível médio/intermediário;Gratificação Temporária das Unidades dos Sistemas Estruturadores da Administração Pública Federal ¿ | FCE 2.05;https://oportunidades.sigepe.gov.br/oportunidades-portal/api/html/2943;21/08/2026;21/08/2026
2942;825.2/2024;2024;Departamento Nacional de Infraestrutura de Transportes;encerrado;Inscrições Encerradas;;1;;;infraestrutura(+1);;Técnico Administrativo | Analistas em Infraestrutura de Transportes | Técnicos de Suporte em Infraestrutura de Transportes;https://oportunidades.sigepe.gov.br/oportunidades-portal/api/html/2942;21/08/2026;21/08/2026
2940;798.1/2024;2024;Conselho de Controle de Atividades Financeiras;encerrado;Inscrições Encerradas;;-3;chefia baixa;;chefia baixa(-3);;Chefe da Divisão de Administração e Logística - FCE 1.07;https://oportunidades.sigepe.gov.br/oportunidades-portal/api/html/2940;21/08/2026;21/08/2026
2939;800.1/2024;2024;Ministério da Justiça e Segurança Pública;encerrado;Inscrições Encerradas;;3;;Brasília;Brasília(+1), órgão-alvo(+2);;COMPOSIÇÃO DE FORÇA DE TRABALHO NA COORDENAÇÃO-GERAL DE ARQUITETURA E ENGENHARIA (ARQUITETO);https://oportunidades.sigepe.gov.br/oportunidades-portal/api/html/2939;21/08/2026;21/08/2026
2938;792.1/2024;2024;Ministério da Educação;encerrado;Inscrições Encerradas;;-1;;;órgão-alvo(+2), gratificação técnica(-3);;2 (duas) vagas GSISP de Nível Superior;https://oportunidades.sigepe.gov.br/oportunidades-portal/api/html/2938;21/08/2026;21/08/2026
2935;786/2024;2024;Instituto do Patrimônio Histórico e Artístico Nacional;encerrado;Inscrições Encerradas;;-3;chefia baixa;;chefia baixa(-3);;FCE 2.02 de Assistente Técnico da Superintendência do IPHAN na Bahia.;https://oportunidades.sigepe.gov.br/oportunidades-portal/api/html/2935;21/08/2026;21/08/2026
2934;;;- Edital N°: 785/2024;encerrado;Inscrições Encerradas;;-2;chefia baixa;Brasília;chefia baixa(-3), Brasília(+1);;FCE 2.01 de Assistente Técnico da Coordenação de Identificação - COIDE/CGIR/DPI, em Brasília/DF.;https://oportunidades.sigepe.gov.br/oportunidades-portal/api/html/2934;21/08/2026;21/08/2026
2932;783.2/2024;2024;Ministério da Cultura;encerrado;Inscrições Encerradas;;-3;chefia baixa;;chefia baixa(-3);;Divisão de Formalização de Projetos e Parcerias - FCE 1.07;https://oportunidades.sigepe.gov.br/oportunidades-portal/api/html/2932;21/08/2026;21/08/2026
2931;790/2024;2024;Ministério da Saúde;encerrado;Inscrições Encerradas;;-2;;;órgão-alvo(+2), nível médio/intermediário(-4);nível médio/intermediário;Seleção interna DCEBAS/SAES nível médio ou superior | Seleção interna DCEBAS/SAES nível médio ou superior;https://oportunidades.sigepe.gov.br/oportunidades-portal/api/html/2931;21/08/2026;21/08/2026
2926;781/2024;2024;Ministério da Agricultura e Pecuária;encerrado;Inscrições Encerradas;;1;coordenador (1.10);;coordenador (1.10)(+1);;Função Comissionada Executiva - FCE 1.10 (para servidor) - Coordenação de Desv. Pessoas;https://oportunidades.sigepe.gov.br/oportunidades-portal/api/html/2926;21/08/2026;21/08/2026
2925;780.1/2024;2024;Ministério da Agricultura e Pecuária;encerrado;Inscrições Encerradas;;-3;;;gratificação técnica(-3);;GSISTE NS - Coordenação de Desenvolvimento de Pessoas - CDP, da Escola Nacional de Gestão Agropecuár;https://oportunidades.sigepe.gov.br/oportunidades-portal/api/html/2925;21/08/2026;21/08/2026
2920;789.1/2024;2024;Ministério da Previdência Social;encerrado;Inscrições Encerradas;;-1;chefia baixa;;chefia baixa(-3), órgão-alvo(+2);;Chefe da Divisão de Transparência - FCE 1.07;https://oportunidades.sigepe.gov.br/oportunidades-portal/api/html/2920;21/08/2026;21/08/2026
2919;777.2/2024;2024;Ministério da Gestão e da Inovação em Serviços Públicos;encerrado;Inscrições Encerradas;;-5;;;órgão-alvo(+2), gratificação técnica(-3), nível médio/intermediário(-4);nível médio/intermediário;1 vaga para GSISTE - SIPEC - Nível Superior | 2 vagas para GSISTE - SIPEC - Nível Intermediário;https://oportunidades.sigepe.gov.br/oportunidades-portal/api/html/2919;21/08/2026;21/08/2026
2918;773.2/2024;2024;Ministério dos Povos Indígenas;encerrado;Inscrições Encerradas;;0;;;;;Composição de Força de Trabalho | Composição de Força de Trabalho;https://oportunidades.sigepe.gov.br/oportunidades-portal/api/html/2918;21/08/2026;21/08/2026
2914;770.1/2024;2024;Ministério do Desenvolvimento Agrário e Agricultura Familiar;encerrado;Inscrições Encerradas;;-4;chefia baixa;;chefia baixa(-3), órgão-alvo(+2), gratificação técnica(-3);;1 (uma) FCE 1.07 + 1 (uma) GSISTE - SIPEC, NIVEL SUPERIOR;https://oportunidades.sigepe.gov.br/oportunidades-portal/api/html/2914;21/08/2026;21/08/2026
2911;768/2024;2024;Ministério do Desenvolvimento Agrário e Agricultura Familiar;encerrado;Inscrições Encerradas;;2;;;órgão-alvo(+2);;1 vaga para a Coordenação de Prestação de Contas - COPREC.;https://oportunidades.sigepe.gov.br/oportunidades-portal/api/html/2911;21/08/2026;21/08/2026
2910;769.1/2024;2024;Defensoria Pública da União;encerrado;Inscrições Encerradas;;1;;Brasília;Brasília(+1);;Coordenação de Modernização Institucional da Defensoria Pública-Geral da União em Brasília/DF;https://oportunidades.sigepe.gov.br/oportunidades-portal/api/html/2910;21/08/2026;21/08/2026
2909;767.1/2024;2024;Instituto Federal de Educação, Ciência e Tecnologia de São Paulo;encerrado;Inscrições Encerradas;;1;;;políticas públicas(+1);;Administrador OU Assistente Social OU Bibliotecário OU Pedagogo OU Psicólogo | Assistente Social OU Pedagogo OU Técnico em Assuntos Educacionais | Administrador OU Assistente em Administração | Assistente alunos OU Assistente Administração OU Nutricionista OU Pedagogo OU Psicólogo OU TAE | Administrador OU Assistente em Administração | Assistente em Administração OU cargo correlato | Assistente Ad;https://oportunidades.sigepe.gov.br/oportunidades-portal/api/html/2909;21/08/2026;21/08/2026
2908;766.1/2024;2024;Ministério da Agricultura e Pecuária;encerrado;Inscrições Encerradas;;-7;;;gratificação técnica(-3), nível médio/intermediário(-4);nível médio/intermediário;GSISTE NI - Escola Nacional de Gestão Agropecuária;https://oportunidades.sigepe.gov.br/oportunidades-portal/api/html/2908;21/08/2026;21/08/2026
2906;765.1/2024;2024;Ministério da Justiça e Segurança Pública;encerrado;Inscrições Encerradas;;3;coordenador (1.10);;coordenador (1.10)(+1), órgão-alvo(+2);;Assessor Técnico Especializado, FCE 4.03, no Serviço de Mídia Digital e Audiovisual no MJSP;https://oportunidades.sigepe.gov.br/oportunidades-portal/api/html/2906;21/08/2026;21/08/2026
2905;775.2/2024;2024;Ministério da Integração e do Desenvolvimento Regional;encerrado;Inscrições Encerradas;;4;coordenador (1.10);;coordenador (1.10)(+1), desenvolvimento regional(+1), órgão-alvo(+2);;1 vaga FCE 2.10 para servidor de Nível Superior no Departamento de Irrigação de Irrigação;https://oportunidades.sigepe.gov.br/oportunidades-portal/api/html/2905;21/08/2026;21/08/2026
2903;776.1/2024;2024;Ministério da Fazenda;encerrado;Inscrições Encerradas;;-1;chefia baixa;;chefia baixa(-3), órgão-alvo(+2);;Chefe do Serviço de Proteção de Dados Pessoais (FCE 1.05);https://oportunidades.sigepe.gov.br/oportunidades-portal/api/html/2903;21/08/2026;21/08/2026
2897;760.3/2024;2024;Ministério da Fazenda;encerrado;Inscrições Encerradas;;3;coordenador (1.10);;coordenador (1.10)(+1), órgão-alvo(+2);;Função Comissionada Executiva - FCE 1.10 de Coordenador;https://oportunidades.sigepe.gov.br/oportunidades-portal/api/html/2897;21/08/2026;21/08/2026
2895;762/2024;2024;Ministério da Saúde;encerrado;Inscrições Encerradas;;3;coordenador (1.10);;coordenador (1.10)(+1), órgão-alvo(+2);;- FCE 4.04 - Assessor Técnico Especializado;https://oportunidades.sigepe.gov.br/oportunidades-portal/api/html/2895;21/08/2026;21/08/2026
2894;757.1/2024;2024;Ministério da Justiça e Segurança Pública;encerrado;Inscrições Encerradas;;-1;;Brasília;Brasília(+1), órgão-alvo(+2), nível médio/intermediário(-4);nível médio/intermediário;COMPOSIÇÃO DE FORÇA DE TRABALHO NA COORDENAÇÃO-GERAL DE CONTABILIDADE DO MJSP;https://oportunidades.sigepe.gov.br/oportunidades-portal/api/html/2894;21/08/2026;21/08/2026
2893;756/2024;2024;Instituto do Patrimônio Histórico e Artístico Nacional;encerrado;Inscrições Encerradas;;-2;chefia baixa;Brasília;chefia baixa(-3), Brasília(+1);;FCE 1.05 de Serviço de Acompanhamento de Almoxarifado e Patrimônio - SAAP/COREL/CGLOG/DPA;https://oportunidades.sigepe.gov.br/oportunidades-portal/api/html/2893;21/08/2026;21/08/2026
2892;755/2024;2024;Instituto do Patrimônio Histórico e Artístico Nacional;encerrado;Inscrições Encerradas;;6;coordenador-geral;Brasília;coordenador-geral(+5), Brasília(+1);;PROCESSO SELETIVO SIMPLIFICADO PARA CONCESSÃO DE UMA FUNÇÃO COMISSIONADA EXECUTIVA - FCE 1.13;https://oportunidades.sigepe.gov.br/oportunidades-portal/api/html/2892;21/08/2026;21/08/2026
2890;754.1/2024;2024;Ministério da Saúde;encerrado;Inscrições Encerradas;;-3;;DGIP/SE;DGIP/SE(-5), órgão-alvo(+2);;SELEÇÃO CGPN/DGIP - 1 VAGA NÍVEL SUPERIOR - FCE 4.09;https://oportunidades.sigepe.gov.br/oportunidades-portal/api/html/2890;21/08/2026;21/08/2026
2889;749.1/2024;2024;Ministério da Justiça e Segurança Pública;encerrado;Inscrições Encerradas;;3;;Brasília;Brasília(+1), órgão-alvo(+2);;COMPOSIÇÃO DE FORÇA DE TRABALHO NA COORDENAÇÃO-GERAL DE ARQUITETURA E ENGENHARIA DO MJSP;https://oportunidades.sigepe.gov.br/oportunidades-portal/api/html/2889;21/08/2026;21/08/2026
2888;759.1/2024;2024;Ministério do Trabalho e Emprego;encerrado;Inscrições Encerradas;;3;coordenador (1.10);;coordenador (1.10)(+1), órgão-alvo(+2);;Assessor Técnico Especializado - FCE 4.04 | Chefe de Divisão de Informações Estratégicas - FCE 1.07;https://oportunidades.sigepe.gov.br/oportunidades-portal/api/html/2888;21/08/2026;21/08/2026
2887;752.3/2024;2024;Ministério da Gestão e da Inovação em Serviços Públicos;encerrado;Inscrições Encerradas;;-2;;;órgão-alvo(+2), nível médio/intermediário(-4);nível médio/intermediário;Apoio administrativo a Gestão - Profissional de Nível Superior - Bacharel em Comunicação Social | Apoio a Gestão - Profissional de Nível Superior - Centro Nac. de Gerenciamento de Riscos e Desastres | Apoio a Gestão - Profissional de Nível Superior - Centro Nac. de Gerenciamento de Riscos e Desastres | Apoio à Gestão - Profissional de Nível Superior - Formação Engenharia Civil - DOP/SEDEC/MIDR | A;https://oportunidades.sigepe.gov.br/oportunidades-portal/api/html/2887;21/08/2026;21/08/2026
2885;745.1/2024;2024;Ministério do Desenvolvimento Agrário e Agricultura Familiar;encerrado;Inscrições Encerradas;;-1;;;órgão-alvo(+2), gratificação técnica(-3);;GSISTE, de Nível Superior, do Sistema de Planejamento e de Orçamento Federal - SPOF;https://oportunidades.sigepe.gov.br/oportunidades-portal/api/html/2885;21/08/2026;21/08/2026
2884;744.1/2024;2024;Ministério dos Transportes;encerrado;Inscrições Encerradas;;-1;;;órgão-alvo(+2), gratificação técnica(-3);;1 ( uma) vaga GSISP-Nível Superior - Ministério dos Transportes;https://oportunidades.sigepe.gov.br/oportunidades-portal/api/html/2884;21/08/2026;21/08/2026
2881;742.1/2024;2024;Ministério da Justiça e Segurança Pública;encerrado;Inscrições Encerradas;;0;;Brasília;Brasília(+1), órgão-alvo(+2), gratificação técnica(-3);;GSISTE nível Superior na Coordenação de Desenvolvimento Humano-Organizacional do MJSP;https://oportunidades.sigepe.gov.br/oportunidades-portal/api/html/2881;21/08/2026;21/08/2026
2880;741.1/2024;2024;Ministério da Justiça e Segurança Pública;encerrado;Inscrições Encerradas;;3;;Brasília;Brasília(+1), órgão-alvo(+2);;Teletrabalho Integral na Coordenação-Geral de Pessoas do MJSP;https://oportunidades.sigepe.gov.br/oportunidades-portal/api/html/2880;21/08/2026;21/08/2026
2877;740.1/2024;2024;Ministério da Justiça e Segurança Pública;encerrado;Inscrições Encerradas;;3;;Brasília;Brasília(+1), órgão-alvo(+2);;Teletrabalho Parcial na Coordenação-Geral de Pessoas do MJSP;https://oportunidades.sigepe.gov.br/oportunidades-portal/api/html/2877;21/08/2026;21/08/2026
2875;739.1/2024;2024;Ministério da Gestão e da Inovação em Serviços Públicos;encerrado;Inscrições Encerradas;;-1;;;órgão-alvo(+2), gratificação técnica(-3);;GSISTE NS na Coordenação de Diárias e Passagens;https://oportunidades.sigepe.gov.br/oportunidades-portal/api/html/2875;21/08/2026;21/08/2026
2874;735.2/2024;2024;Ministério da Justiça e Segurança Pública;encerrado;Inscrições Encerradas;;3;;Brasília;Brasília(+1), órgão-alvo(+2);;Teletrabalho Integral na Coordenação-Geral de Licitações e Contratos do MJSP;https://oportunidades.sigepe.gov.br/oportunidades-portal/api/html/2874;21/08/2026;21/08/2026
2873;734.2/2024;2024;Ministério da Gestão e da Inovação em Serviços Públicos;encerrado;Inscrições Encerradas;;-1;;;órgão-alvo(+2), gratificação técnica(-3);;GSISTE - ASSESSORIA DE COMUNICAÇÃO;https://oportunidades.sigepe.gov.br/oportunidades-portal/api/html/2873;21/08/2026;21/08/2026
2871;732.1/2024;2024;Ministério dos Povos Indígenas;encerrado;Inscrições Encerradas;;1;coordenador (1.10);;coordenador (1.10)(+1);;Assessor Técnico Especializado - FCE 4.03;https://oportunidades.sigepe.gov.br/oportunidades-portal/api/html/2871;21/08/2026;21/08/2026
2870;736.3/2024;2024;Defensoria Pública da União;encerrado;Inscrições Encerradas;;-5;;DPU em João Pessoa/PB;DPU em João Pessoa/PB(-5);;Assessoramento jurídico na DPU em João Pessoa/PB;https://oportunidades.sigepe.gov.br/oportunidades-portal/api/html/2870;21/08/2026;21/08/2026
2868;731/2024;2024;Ministério das Relações Exteriores;encerrado;Inscrições Encerradas;;-3;;;gratificação técnica(-3);;GSISTE Nível Superior - Sistema de Pessoal Civil da Administração Federal (SIPEC): 2 (duas) vagas;https://oportunidades.sigepe.gov.br/oportunidades-portal/api/html/2868;21/08/2026;21/08/2026
2867;778.1/2024;2024;Ministério da Gestão e da Inovação em Serviços Públicos;encerrado;Inscrições Encerradas;;-1;;;órgão-alvo(+2), gratificação técnica(-3);;GSISTE-NS para atuar na CGGOV da Secretaria de Governo Digital/MGI;https://oportunidades.sigepe.gov.br/oportunidades-portal/api/html/2867;21/08/2026;21/08/2026
2866;748.1/2024;2024;Ministério do Desenvolvimento, Indústria, Comércio e Serviços;encerrado;Inscrições Encerradas;;-1;chefia baixa;;chefia baixa(-3), órgão-alvo(+2);;Chefe da Divisão Administrativa do DECOM/SECEX/MDIC, FCE 1.07.;https://oportunidades.sigepe.gov.br/oportunidades-portal/api/html/2866;21/08/2026;21/08/2026
2865;727/2024;2024;Fundação Cultural Palmares;encerrado;Inscrições Encerradas;;-3;;;gratificação técnica(-3);;1 (uma) vaga de Gratificação Temporária das Unidades dos Sistemas Estruturadores da Administração Pú;https://oportunidades.sigepe.gov.br/oportunidades-portal/api/html/2865;21/08/2026;21/08/2026
2863;726/2024;2024;Instituto do Patrimônio Histórico e Artístico Nacional;encerrado;Inscrições Encerradas;;-2;chefia baixa;Brasília;chefia baixa(-3), Brasília(+1);;FCE 1.05 de Chefe do Serviço de Escritório de Projetos e Processos - DPA/IPHAN em Brasília;https://oportunidades.sigepe.gov.br/oportunidades-portal/api/html/2863;21/08/2026;21/08/2026
2862;725/2024;2024;Instituto do Patrimônio Histórico e Artístico Nacional;encerrado;Inscrições Encerradas;;-3;chefia baixa;;chefia baixa(-3);;FCE 1.07 de Chefe da Divisão Técnica Superintendência do Iphan em Roraima.;https://oportunidades.sigepe.gov.br/oportunidades-portal/api/html/2862;21/08/2026;21/08/2026
2860;724/2024;2024;Instituto do Patrimônio Histórico e Artístico Nacional;encerrado;Inscrições Encerradas;;-3;chefia baixa;;chefia baixa(-3);;CCE 1.07 de Chefe da Divisão Administrativa Superintendência do Iphan RR;https://oportunidades.sigepe.gov.br/oportunidades-portal/api/html/2860;21/08/2026;21/08/2026
2854;719/2024;2024;Ministério do Esporte;encerrado;Inscrições Encerradas;;-2;;Brasília;Brasília(+1), gratificação técnica(-3);;Coordenação-Geral de Prestação de Contas  e Tomada de Contas Especial;https://oportunidades.sigepe.gov.br/oportunidades-portal/api/html/2854;21/08/2026;21/08/2026
2853;716/2024;2024;Ministério das Comunicações;encerrado;Inscrições Encerradas;;0;;;;;Função Comissionada Executiva FCE 4.02;https://oportunidades.sigepe.gov.br/oportunidades-portal/api/html/2853;21/08/2026;21/08/2026
2851;764.1/2024;2024;Ministério do Desenvolvimento Agrário e Agricultura Familiar;encerrado;Inscrições Encerradas;;-1;chefia baixa;;chefia baixa(-3), órgão-alvo(+2);;Vaga para Chefe de  Divisão de Gestão de Segurança da Informação e Cibersegurança - FCE 1.07;https://oportunidades.sigepe.gov.br/oportunidades-portal/api/html/2851;21/08/2026;21/08/2026
2849;729/2024;2024;Ministério do Esporte;encerrado;Inscrições Encerradas;;-2;;Brasília;Brasília(+1), gratificação técnica(-3);;Coordenação-Geral de Orçamento, Finanças e Contabilidade;https://oportunidades.sigepe.gov.br/oportunidades-portal/api/html/2849;21/08/2026;21/08/2026
2848;710.2/2024;2024;Presidência da República;encerrado;Inscrições Encerradas;;-1;chefia baixa;;chefia baixa(-3), órgão-alvo(+2);;Chefe de Serviço do Serviço de Contabilidade (SECON/CGPOA/DPOA/ITI-MGI);https://oportunidades.sigepe.gov.br/oportunidades-portal/api/html/2848;21/08/2026;21/08/2026
2846;944.1/2024;2024;Ministério da Saúde;encerrado;Inscrições Encerradas;;5;;;planejamento estratégico(+2), infraestrutura(+1), órgão-alvo(+2);;CBO Pedagogo | Apoio administrativo a Gestão | Engenheiro Civil | Engenheiro Mecânico | Gestão de riscos | Analista de Gestão | Analista de Gestão de Pessoas | Relações Institucionais da Assessoria de Comunicação | Analista de Tecnologia da Informação - Analista de Sistema | Contador | Psicólogo do Trabalho com Ênfase no Desenvolvimento de Pessoas | Engenharia | Tecnologista ¿ Biologia molecular |;https://oportunidades.sigepe.gov.br/oportunidades-portal/api/html/2846;21/08/2026;21/08/2026
2845;709/2024;2024;Conselho Administrativo de Defesa Econômica;encerrado;Inscrições Encerradas;;2;;;órgão-alvo(+2);;Publicidade | Videomaker | Administrativo | Redes sociais;https://oportunidades.sigepe.gov.br/oportunidades-portal/api/html/2845;21/08/2026;21/08/2026
2843;707/2024;2024;Departamento Nacional de Infraestrutura de Transportes;encerrado;Inscrições Encerradas;;-7;chefia baixa;Unidade Local de Rondonópolis/MT;chefia baixa(-3), Unidade Local de Rondonópolis/MT(-5), infraestrutura(+1);;Chefe de Serviço da Unidade Local de Rondonópolis/MT;https://oportunidades.sigepe.gov.br/oportunidades-portal/api/html/2843;21/08/2026;21/08/2026
2842;706.2/2024;2024;Departamento Nacional de Infraestrutura de Transportes;encerrado;Inscrições Encerradas;;-2;chefia baixa;;chefia baixa(-3), infraestrutura(+1);;Chefe do Núcleo de Conformidade de Relatório Final (FCE 1.01);https://oportunidades.sigepe.gov.br/oportunidades-portal/api/html/2842;21/08/2026;21/08/2026
2841;705.1/2024;2024;Ministério da Cultura;encerrado;Inscrições Encerradas;;-3;;Brasília;Brasília(+1), nível médio/intermediário(-4);nível médio/intermediário;EDITAL DE SELEÇÃO N° 01/2024/DFD/SEFIC/MINC;https://oportunidades.sigepe.gov.br/oportunidades-portal/api/html/2841;21/08/2026;21/08/2026
2840;738/2024;2024;Ministério da Saúde;encerrado;Inscrições Encerradas;;-1;;;órgão-alvo(+2), gratificação técnica(-3);;Vaga de Contador Chefe substituto da Divisão de Contabilidade do Departamento de Logística em Saúde;https://oportunidades.sigepe.gov.br/oportunidades-portal/api/html/2840;21/08/2026;21/08/2026
2839;704/2024;2024;Ministério da Cultura;encerrado;Inscrições Encerradas;;-7;chefia baixa;;chefia baixa(-3), nível médio/intermediário(-4);nível médio/intermediário;Divisão de Formalização de Projetos e Parcerias - FCE 1.07;https://oportunidades.sigepe.gov.br/oportunidades-portal/api/html/2839;21/08/2026;21/08/2026
2837;733.3/2024;2024;Instituto Nacional da Propriedade Industrial;encerrado;Inscrições Encerradas;;0;;;;;Cientista de Dados;https://oportunidades.sigepe.gov.br/oportunidades-portal/api/html/2837;21/08/2026;21/08/2026
2835;708.2/2024;2024;Ministério da Gestão e da Inovação em Serviços Públicos;encerrado;Inscrições Encerradas;;-1;;;órgão-alvo(+2), gratificação técnica(-3);;GSISTE na Coordenação da Informação e Publicação;https://oportunidades.sigepe.gov.br/oportunidades-portal/api/html/2835;21/08/2026;21/08/2026
2834;701.1/2024;2024;Departamento Nacional de Infraestrutura de Transportes;encerrado;Inscrições Encerradas;;1;;;infraestrutura(+1);;Servidores para atuar no Serviço Especializado de Pagamento de Pessoal;https://oportunidades.sigepe.gov.br/oportunidades-portal/api/html/2834;21/08/2026;21/08/2026
2833;702/2024;2024;Ministério dos Transportes;encerrado;Inscrições Encerradas;;-1;;;órgão-alvo(+2), gratificação técnica(-3);;GSISTE-NS do SIPEC na Coordenação-Geral de Gestão de Pessoas no Ministério dos Transportes;https://oportunidades.sigepe.gov.br/oportunidades-portal/api/html/2833;21/08/2026;21/08/2026
2828;703.1/2024;2024;Ministério da Justiça e Segurança Pública;encerrado;Inscrições Encerradas;;5;;Brasília;Brasília(+1), ciência de dados(+1), inteligência artificial(+1), órgão-alvo(+2);;Especialista em Direito Administrativo | Especialista em proteção de Dados e Inteligência Artificial: Cientista de Dados | Especialista em proteção de Dados e Inteligência Artificial - Direito;https://oportunidades.sigepe.gov.br/oportunidades-portal/api/html/2828;21/08/2026;21/08/2026
2826;696/2024;2024;Ministério do Planejamento e Orçamento;encerrado;Inscrições Encerradas;;-1;;;órgão-alvo(+2), gratificação técnica(-3);;GSISTE NÍVEL SUPERIOR - COGEP;https://oportunidades.sigepe.gov.br/oportunidades-portal/api/html/2826;21/08/2026;21/08/2026
2824;;;- Edital N°: 695/2024;encerrado;Inscrições Encerradas;;-3;chefia baixa;;chefia baixa(-3);;Chefe da Divisão Acompanhamento Financeiro - FCE 1.07 | Chefe de Divisão de Recursos Logísticos - FCE 1.07 | Chefe de Divisão de Inovação e Design Estratégico - FCE 1.07 | Chefe de Divisão de Acompanhamento Funcional - FCE 1.07;https://oportunidades.sigepe.gov.br/oportunidades-portal/api/html/2824;21/08/2026;21/08/2026
2823;693.1/2024;2024;Ministério do Turismo;encerrado;Inscrições Encerradas;;-1;;;órgão-alvo(+2), gratificação técnica(-3);;GSISTE de Nível Superior -NS;https://oportunidades.sigepe.gov.br/oportunidades-portal/api/html/2823;21/08/2026;21/08/2026
2822;691.1/2024;2024;Ministério da Saúde;encerrado;Inscrições Encerradas;;-3;;DGIP/SE;DGIP/SE(-5), órgão-alvo(+2);;1 VAGA para nível SUPERIOR - PGD parcial - COAREG/CGPS/DGIP;https://oportunidades.sigepe.gov.br/oportunidades-portal/api/html/2822;21/08/2026;21/08/2026
2819;718.1/2024;2024;Ministério da Gestão e da Inovação em Serviços Públicos;encerrado;Inscrições Encerradas;;-1;;;órgão-alvo(+2), gratificação técnica(-3);;Oportunidade de GSISP para atuação na Diretoria de Identidade Digital do GOV.BR;https://oportunidades.sigepe.gov.br/oportunidades-portal/api/html/2819;21/08/2026;21/08/2026
2818;689/2024;2024;Conselho Administrativo de Defesa Econômica;encerrado;Inscrições Encerradas;;2;;;órgão-alvo(+2);;Coordenação-Geral de Gestão Estratégica de Pessoas - CGESP | Serviço de Administração de Pessoal - SEAPE | Seção de Apoio à Gestão Estratégica de Pessoas - SAGEP | Serviço de Treinamento e Desenvolvimento - SETED;https://oportunidades.sigepe.gov.br/oportunidades-portal/api/html/2818;21/08/2026;21/08/2026
2815;688/2024;2024;Ministério da Saúde;encerrado;Inscrições Encerradas;;-3;;DGIP/SE;DGIP/SE(-5), órgão-alvo(+2);;1 vaga de nível superior - FCE 4.09 - SE-CIT/DGIP/SE/MS - Presencial ou Parcial;https://oportunidades.sigepe.gov.br/oportunidades-portal/api/html/2815;21/08/2026;21/08/2026
2813;686.1/2024;2024;Fundação Escola Nacional de Administração Pública;encerrado;Inscrições Encerradas;;-1;;;órgão-alvo(+2), gratificação técnica(-3);;GAEG NS - Coordenação-Geral de Articulação Institucional - Enap;https://oportunidades.sigepe.gov.br/oportunidades-portal/api/html/2813;21/08/2026;21/08/2026
2812;713.1/2024;2024;Ministério da Justiça e Segurança Pública;encerrado;Inscrições Encerradas;;3;;Brasília;Brasília(+1), órgão-alvo(+2);;COMPOSIÇÃO DE FORÇA DE TRABALHO NA COORDENAÇÃO-GERAL DE ARQUITETURA E ENGENHARIA;https://oportunidades.sigepe.gov.br/oportunidades-portal/api/html/2812;21/08/2026;21/08/2026
2811;684.1/2024;2024;Ministério da Ciência, Tecnologia e Inovação;encerrado;Inscrições Encerradas;;0;chefia baixa;;chefia baixa(-3), infraestrutura(+1), órgão-alvo(+2);;FCE 1.05 - Chefe do Serviço de Compras, Infraestrutura e Logística;https://oportunidades.sigepe.gov.br/oportunidades-portal/api/html/2811;21/08/2026;21/08/2026
2810;721.1/2024;2024;Ministério da Gestão e da Inovação em Serviços Públicos;encerrado;Inscrições Encerradas;;-1;;;órgão-alvo(+2), gratificação técnica(-3);;GSISTE NS - Divisão de Arquivo e Protocolo;https://oportunidades.sigepe.gov.br/oportunidades-portal/api/html/2810;21/08/2026;21/08/2026
2808;683.1/2024;2024;Ministério da Ciência, Tecnologia e Inovação;encerrado;Inscrições Encerradas;;-1;chefia baixa;;chefia baixa(-3), órgão-alvo(+2);;Chefe do Serviço de Orçamento e Finanças - FCE 1.05;https://oportunidades.sigepe.gov.br/oportunidades-portal/api/html/2808;21/08/2026;21/08/2026
2806;679/2024;2024;Fundação Cultural Palmares;encerrado;Inscrições Encerradas;;-3;;;gratificação técnica(-3);;1 (uma) vaga de Gratificação Temporária das Unidades dos Sistemas Estruturadores da Administração Pú;https://oportunidades.sigepe.gov.br/oportunidades-portal/api/html/2806;21/08/2026;21/08/2026
2805;687.1/2024;2024;Ministério da Gestão e da Inovação em Serviços Públicos;encerrado;Inscrições Encerradas;;2;;;órgão-alvo(+2);;Assessoria técnica na gestão do Gabinete da Diretoria de Provimento e Movimentação de Pessoal;https://oportunidades.sigepe.gov.br/oportunidades-portal/api/html/2805;21/08/2026;21/08/2026
2804;714/2024;2024;Ministério da Saúde;encerrado;Inscrições Encerradas;;-1;;;órgão-alvo(+2), gratificação técnica(-3);;Gratificação do Sistema de Administração dos Recursos de Informação e Informática - GSISP;https://oportunidades.sigepe.gov.br/oportunidades-portal/api/html/2804;21/08/2026;21/08/2026
2801;673.1/2024;2024;Ministério do Planejamento e Orçamento;encerrado;Inscrições Encerradas;;-1;;;órgão-alvo(+2), gratificação técnica(-3);;GSISP Nível Superior - Coordenação de Tecnologia da Informação;https://oportunidades.sigepe.gov.br/oportunidades-portal/api/html/2801;21/08/2026;21/08/2026
2800;675/2024;2024;Instituto do Patrimônio Histórico e Artístico Nacional;encerrado;Inscrições Encerradas;;-2;chefia baixa;Brasília;chefia baixa(-3), Brasília(+1);;FCE 1.05 de Chefe de Serviço de Articulação nos Territórios - SAT/DAEI/IPHAN;https://oportunidades.sigepe.gov.br/oportunidades-portal/api/html/2800;21/08/2026;21/08/2026
2799;1096.2/2024;2024;Ministério da Saúde;encerrado;Inscrições Encerradas;;-2;;;órgão-alvo(+2), nível médio/intermediário(-4);"nível médio/intermediário; área da saúde";Assistente Administrativo (Cargo de Nível Médio) | Assistente Administrativo (Cargo de Nível Médio) | Assistente Administrativo (Cargo de Nível Médio) | Técnico em análises clínicas (Cargo de Nível Médio) | Assistente Administrativo (Cargo de Nível Médio) | Assistente Administrativo (Cargo de Nível Médio) | Técnico de laboratório (Cargo de Nível Médio) | Técnico de laboratórios em análises clínica;https://oportunidades.sigepe.gov.br/oportunidades-portal/api/html/2799;21/08/2026;21/08/2026
2798;674/2024;2024;Instituto do Patrimônio Histórico e Artístico Nacional;encerrado;Inscrições Encerradas;;2;coordenador (1.10);Brasília;coordenador (1.10)(+1), Brasília(+1);;FCE 1.10 de Coordenador de Planejamento e Controle - CPLAC/DAEI¿;https://oportunidades.sigepe.gov.br/oportunidades-portal/api/html/2798;21/08/2026;21/08/2026
2795;678.1/2024;2024;Ministério da Justiça e Segurança Pública;encerrado;Inscrições Encerradas;;4;coordenador (1.10);Brasília;coordenador (1.10)(+1), Brasília(+1), órgão-alvo(+2);;FUNÇÃO COMISSIONADA NA SENACON/MJSP - FCE 4.04 (Assessor Técnico Especializado) | FUNÇÃO COMISSIONADA NA SENACON/MJSP - FCE 1.07 (Chefe de Divisão);https://oportunidades.sigepe.gov.br/oportunidades-portal/api/html/2795;21/08/2026;21/08/2026
2793;676.3/2024;2024;Ministério da Justiça e Segurança Pública;encerrado;Inscrições Encerradas;;3;;Brasília;Brasília(+1), órgão-alvo(+2);;Teletrabalho Integral - Gestão de Pessoas no MJSP - Aposentadorias e Pensões;https://oportunidades.sigepe.gov.br/oportunidades-portal/api/html/2793;21/08/2026;21/08/2026
2792;669.1/2024;2024;Ministério dos Transportes;encerrado;Inscrições Encerradas;;2;;;órgão-alvo(+2);;composição de força de trabalho sem oferta de incentivo;https://oportunidades.sigepe.gov.br/oportunidades-portal/api/html/2792;21/08/2026;21/08/2026
2790;698.3/2024;2024;Ministério da Saúde;encerrado;Inscrições Encerradas;;-1;chefia baixa;;chefia baixa(-3), órgão-alvo(+2);;DIASI-CE SERVIDOR EFETIVO - NÍVEL SUPERIOR EM QUALQUER ÁREA DE FORMAÇÃO (1 vaga) | SEPAT-CE SERVIDOR EFETIVO-NÍVEL SUPERIOR EM QUALQUER ÁREA DE FORMAÇÃO (1 vaga) | SELOG-CE SERVIDOR EFETIVO-NÍVEL SUPERIOR EM QUALQUER ÁREA DE FORMAÇÃO (2 vagas Ceará) | SELOG-CE SERVIDOR EFETIVO - NÍVEL SUPERIOR EM QUALQUER ÁREA DE FORMAÇÃO (1 vaga, Piauí) | SEOFI-CE SERVIDOR EFETIVO - NÍVEL SUPERIOR EM QUALQUER ÁRE;https://oportunidades.sigepe.gov.br/oportunidades-portal/api/html/2790;21/08/2026;21/08/2026
2789;668/2024;2024;Conselho Administrativo de Defesa Econômica;encerrado;Inscrições Encerradas;;2;;;órgão-alvo(+2);;Serviço de Gestão de Contratos - SEGEC | Coordenação de Finanças - COF | Serviço de Materiais e Patrimônio - SEMAP | Coordenação de Finanças - COF (cargo de nível superior - Ciências Contábeis) | Serviço de Atendimento e Administração Predial - SEAAP;https://oportunidades.sigepe.gov.br/oportunidades-portal/api/html/2789;21/08/2026;21/08/2026
2785;667.2/2024;2024;Ministério da Gestão e da Inovação em Serviços Públicos;encerrado;Inscrições Encerradas;;-8;chefia baixa;;chefia baixa(-3), órgão-alvo(+2), gratificação técnica(-3), nível médio/intermediário(-4);nível médio/intermediário;GSISTE, Nível Intermediário | FCE 2.06, Assistente (Nível Superior ou Intermediário);https://oportunidades.sigepe.gov.br/oportunidades-portal/api/html/2785;21/08/2026;21/08/2026
2780;658/2024;2024;Ministério do Desenvolvimento Agrário e Agricultura Familiar;encerrado;Inscrições Encerradas;;-1;;;órgão-alvo(+2), gratificação técnica(-3);;1 (uma) vaga de GSISTE - SIPEC, nível superior, na CGGP/MDA.;https://oportunidades.sigepe.gov.br/oportunidades-portal/api/html/2780;21/08/2026;21/08/2026
2774;671.1/2024;2024;Ministério da Justiça e Segurança Pública;encerrado;Inscrições Encerradas;;4;coordenador (1.10);Brasília;coordenador (1.10)(+1), Brasília(+1), órgão-alvo(+2);;Coordenador de Obras e Serviços de Engenharia (CCE 1.10) no MJSP;https://oportunidades.sigepe.gov.br/oportunidades-portal/api/html/2774;21/08/2026;21/08/2026
2772;655.2/2024;2024;Ministério da Gestão e da Inovação em Serviços Públicos;encerrado;Inscrições Encerradas;;0;;Brasília;Brasília(+1), órgão-alvo(+2), gratificação técnica(-3);;GSISTE Nível Superior ¿ Coordenação-Geral de Governança Colaborativa e Gestão;https://oportunidades.sigepe.gov.br/oportunidades-portal/api/html/2772;21/08/2026;21/08/2026
2770;662.1/2024;2024;Ministério da Justiça e Segurança Pública;encerrado;Inscrições Encerradas;;0;;Brasília;Brasília(+1), órgão-alvo(+2), gratificação técnica(-3);;GSISTE - Nível Superior - Gestão Estratégica no MJSP;https://oportunidades.sigepe.gov.br/oportunidades-portal/api/html/2770;21/08/2026;21/08/2026
2769;680.1/2024;2024;Ministério da Fazenda;encerrado;Inscrições Encerradas;;2;;;órgão-alvo(+2);;Atuação na Coordenação Técnica do CRSFN/CRSNSP;https://oportunidades.sigepe.gov.br/oportunidades-portal/api/html/2769;21/08/2026;21/08/2026
2767;690/2024;2024;AMAZONIA AZUL TECNOLOGIAS DE DEFESA SA;encerrado;Inscrições Encerradas;;0;;;;;Analista de Recursos Humanos;https://oportunidades.sigepe.gov.br/oportunidades-portal/api/html/2767;21/08/2026;21/08/2026
2763;649.3/2024;2024;Fundação Escola Nacional de Administração Pública;encerrado;Inscrições Encerradas;;-1;;;órgão-alvo(+2), gratificação técnica(-3);;GAEG NS - Coordenação-Geral de Tecnologia da Informação;https://oportunidades.sigepe.gov.br/oportunidades-portal/api/html/2763;21/08/2026;21/08/2026
2760;1081.3/2024;2024;Ministério da Previdência Social;encerrado;Inscrições Encerradas;;4;coordenador (1.10);Brasília;coordenador (1.10)(+1), Brasília(+1), órgão-alvo(+2);;Oportunidade para função de Assessor Técnico Especializado;https://oportunidades.sigepe.gov.br/oportunidades-portal/api/html/2760;21/08/2026;21/08/2026
2759;648.1/2024;2024;Ministério da Ciência, Tecnologia e Inovação;encerrado;Inscrições Encerradas;;-1;;;órgão-alvo(+2), gratificação técnica(-3);;GSISTE-SIGA - Serviço de Arquivo e Gestão Documental do MCTI;https://oportunidades.sigepe.gov.br/oportunidades-portal/api/html/2759;21/08/2026;21/08/2026
2758;657.2/2024;2024;Presidência da República;encerrado;Inscrições Encerradas;;-4;;Brasília;Brasília(+1), órgão-alvo(+2), gratificação técnica(-3), nível médio/intermediário(-4);nível médio/intermediário;Gsisp-Nível Intermediário;https://oportunidades.sigepe.gov.br/oportunidades-portal/api/html/2758;21/08/2026;21/08/2026
2755;644.2/2024;2024;Ministério da Justiça e Segurança Pública;encerrado;Inscrições Encerradas;;3;;Brasília;Brasília(+1), órgão-alvo(+2);;Composição de Força de Trabalho na Secretaria Nacional do Consumidor (SENACON);https://oportunidades.sigepe.gov.br/oportunidades-portal/api/html/2755;21/08/2026;21/08/2026
2754;646.1/2024;2024;Ministério da Saúde;encerrado;Inscrições Encerradas;;2;;;órgão-alvo(+2);;Aposentadoria e Pensões - 2 vagas | Setor de ações judiciais - 1 vaga | Área de cadastro de ativos - 2 vagas;https://oportunidades.sigepe.gov.br/oportunidades-portal/api/html/2754;21/08/2026;21/08/2026
2753;639.1/2024;2024;Ministério dos Transportes;encerrado;Inscrições Encerradas;;-1;;;órgão-alvo(+2), gratificação técnica(-3);;GSISTE NS | GSISTE NS | GSISTE NS;https://oportunidades.sigepe.gov.br/oportunidades-portal/api/html/2753;21/08/2026;21/08/2026
2752;645.3/2024;2024;Ministério da Gestão e da Inovação em Serviços Públicos;encerrado;Inscrições Encerradas;;-1;;;órgão-alvo(+2), gratificação técnica(-3);;GSISTE na Coordenação de Diárias e Passagens;https://oportunidades.sigepe.gov.br/oportunidades-portal/api/html/2752;21/08/2026;21/08/2026
2751;637/2024;2024;Ministério da Gestão e da Inovação em Serviços Públicos;encerrado;Inscrições Encerradas;;-4;;Brasília;Brasília(+1), órgão-alvo(+2), gratificação técnica(-3), nível médio/intermediário(-4);nível médio/intermediário;GSISTE Nível Intermediário | GSISTEs Nível Superior;https://oportunidades.sigepe.gov.br/oportunidades-portal/api/html/2751;21/08/2026;21/08/2026
2746;;;- Edital N°: 635/2024;encerrado;Inscrições Encerradas;;-1;chefia baixa;;chefia baixa(-3), órgão-alvo(+2);;Chefe de Divisão;https://oportunidades.sigepe.gov.br/oportunidades-portal/api/html/2746;21/08/2026;21/08/2026
2744;636.2/2024;2024;Ministério dos Direitos Humanos e da Cidadania;encerrado;Inscrições Encerradas;;1;coordenador (1.10);;coordenador (1.10)(+1);;Coordenador (FCE 1.10) junto à Assessoria Especial de Assuntos Internacionais;https://oportunidades.sigepe.gov.br/oportunidades-portal/api/html/2744;21/08/2026;21/08/2026
2740;630.1/2024;2024;Ministério dos Transportes;encerrado;Inscrições Encerradas;;3;coordenador (1.10);;coordenador (1.10)(+1), órgão-alvo(+2);;FCE 4..7 - Função Comissionada Executiva Assessor Técnico;https://oportunidades.sigepe.gov.br/oportunidades-portal/api/html/2740;21/08/2026;21/08/2026
2737;628/2024;2024;Ministério da Gestão e da Inovação em Serviços Públicos;encerrado;Inscrições Encerradas;;2;;;órgão-alvo(+2);;1 (vaga) para Área Administrativa - Composição de Força de Trabalho - Trabalho remoto Parcial;https://oportunidades.sigepe.gov.br/oportunidades-portal/api/html/2737;21/08/2026;21/08/2026
2735;651.2/2024;2024;Ministério da Gestão e da Inovação em Serviços Públicos;encerrado;Inscrições Encerradas;;-6;chefia baixa;Atendimento de Pessoal - CAPE/RO;chefia baixa(-3), Atendimento de Pessoal - CAPE/RO(-5), órgão-alvo(+2);;Chefe de Serviço da Central de Atendimento de Pessoal - CAPE/RO (FCE 1.05);https://oportunidades.sigepe.gov.br/oportunidades-portal/api/html/2735;21/08/2026;21/08/2026
2732;623.1/2024;2024;Ministério da Agricultura e Pecuária;encerrado;Inscrições Encerradas;;-3;;;gratificação técnica(-3);;GSISTE NS - Coordenação de Desenvolvimento de Pessoas - CDP, da Escola Nacional de Gestão Agropecuár;https://oportunidades.sigepe.gov.br/oportunidades-portal/api/html/2732;21/08/2026;21/08/2026
2731;621/2024;2024;Instituto do Patrimônio Histórico e Artístico Nacional;encerrado;Inscrições Encerradas;;-2;chefia baixa;Brasília;chefia baixa(-3), Brasília(+1);;FCE 2.01 DAFE-IPHAN;https://oportunidades.sigepe.gov.br/oportunidades-portal/api/html/2731;21/08/2026;21/08/2026
2730;652.5/2024;2024;Ministério da Gestão e da Inovação em Serviços Públicos;encerrado;Inscrições Encerradas;;6;;;prospecção(+2), inteligência artificial(+1), políticas públicas(+1), órgão-alvo(+2);;Perfil 2: Elaboração de normativos que tratam sobre Inteligência Artificial e correlatos | Perfil 1 - prospecção e estruturação de projetos em Inteligência Artificial e correlatos;https://oportunidades.sigepe.gov.br/oportunidades-portal/api/html/2730;21/08/2026;21/08/2026
2729;620.1/2024;2024;Ministério da Agricultura e Pecuária;encerrado;Inscrições Encerradas;;1;coordenador (1.10);;coordenador (1.10)(+1);;FCE 1.10 - Coordenação de Desenvolvimento de Pessoas - CDP, da Escola Nacional de Gestão Agropec;https://oportunidades.sigepe.gov.br/oportunidades-portal/api/html/2729;21/08/2026;21/08/2026
2728;640.2/2024;2024;Ministério da Gestão e da Inovação em Serviços Públicos;encerrado;Inscrições Encerradas;;2;;;órgão-alvo(+2);;Uma oportunidade para servidoras/es públicas/os federais efetivas/os.;https://oportunidades.sigepe.gov.br/oportunidades-portal/api/html/2728;21/08/2026;21/08/2026
2727;625.2/2024;2024;Ministério da Ciência, Tecnologia e Inovação;encerrado;Inscrições Encerradas;;-1;;;órgão-alvo(+2), gratificação técnica(-3);;GSISTE - Nível Superior - Coordenação de Orçamento;https://oportunidades.sigepe.gov.br/oportunidades-portal/api/html/2727;21/08/2026;21/08/2026
2724;622.1/2024;2024;Ministério dos Direitos Humanos e da Cidadania;encerrado;Inscrições Encerradas;;0;;;;;Composição de força de trabalho junto à Diretoria de Defesa dos Direitos Humanos;https://oportunidades.sigepe.gov.br/oportunidades-portal/api/html/2724;21/08/2026;21/08/2026
2722;617.1/2024;2024;Ministério do Turismo;encerrado;Inscrições Encerradas;;8;;Brasília;Brasília(+1), avaliação de políticas(+2), monitoramento e avaliação(+2), políticas públicas(+1), órgão-alvo(+2);;Coordenação de Monitoramento e Avaliação de Políticas Públicas - COMAP;https://oportunidades.sigepe.gov.br/oportunidades-portal/api/html/2722;21/08/2026;21/08/2026
2721;616.1/2024;2024;Ministério do Turismo;encerrado;Inscrições Encerradas;;-1;;;órgão-alvo(+2), gratificação técnica(-3);;GSISP-NS para atuar na CGTI do MTur;https://oportunidades.sigepe.gov.br/oportunidades-portal/api/html/2721;21/08/2026;21/08/2026
2720;614.1/2024;2024;Ministério dos Direitos Humanos e da Cidadania;encerrado;Inscrições Encerradas;;0;;;;;Composição de força de trabalho junto à Coordenação-Geral de Prom. do Registro Civil de Nascimento | Composição de força de trabalho junto à Coordenação de Promoção da Liberdade Religiosa;https://oportunidades.sigepe.gov.br/oportunidades-portal/api/html/2720;21/08/2026;21/08/2026
2718;615.3/2024;2024;Ministério dos Direitos Humanos e da Cidadania;encerrado;Inscrições Encerradas;;0;;;;;Composição de força de trabalho junto à Diretoria de Promoção dos Direitos da População em Situação;https://oportunidades.sigepe.gov.br/oportunidades-portal/api/html/2718;21/08/2026;21/08/2026
2716;;;- Edital N°: 612/2024;encerrado;Inscrições Encerradas;;-3;chefia baixa;;chefia baixa(-3);;FCE 1.05 - DPA - GESTAO;https://oportunidades.sigepe.gov.br/oportunidades-portal/api/html/2716;21/08/2026;21/08/2026
2715;;;- Edital N°: 611/2024;encerrado;Inscrições Encerradas;;0;;;;;FCE 1,05 Chefe Serviço Projetos e Processos- DPA/IPHAN;https://oportunidades.sigepe.gov.br/oportunidades-portal/api/html/2715;21/08/2026;21/08/2026
2714;610.3/2024;2024;Instituto do Patrimônio Histórico e Artístico Nacional;encerrado;Inscrições Encerradas;;-3;chefia baixa;;chefia baixa(-3);;CCE 1.07 - SR PB DIVADM;https://oportunidades.sigepe.gov.br/oportunidades-portal/api/html/2714;21/08/2026;21/08/2026
2713;608.2/2024;2024;Ministério dos Transportes;encerrado;Inscrições Encerradas;;-5;;;órgão-alvo(+2), gratificação técnica(-3), nível médio/intermediário(-4);nível médio/intermediário;GSISTE NI | GSISP NS;https://oportunidades.sigepe.gov.br/oportunidades-portal/api/html/2713;21/08/2026;21/08/2026
2711;604.2/2024;2024;Ministério do Turismo;encerrado;Inscrições Encerradas;;0;;Brasília;Brasília(+1), órgão-alvo(+2), gratificação técnica(-3);;GSISTE NS (SISG);https://oportunidades.sigepe.gov.br/oportunidades-portal/api/html/2711;21/08/2026;21/08/2026
2709;609.1/2024;2024;Ministério do Esporte;encerrado;Inscrições Encerradas;;-2;;Brasília;Brasília(+1), gratificação técnica(-3);;Coordenação-Geral de Orçamento, Finanças e Contabilidade;https://oportunidades.sigepe.gov.br/oportunidades-portal/api/html/2709;21/08/2026;21/08/2026
2708;606.1/2024;2024;Ministério da Justiça e Segurança Pública;encerrado;Inscrições Encerradas;;3;;Brasília;Brasília(+1), órgão-alvo(+2);;Arquiteto para Compor Força de Trabalho no MJSP;https://oportunidades.sigepe.gov.br/oportunidades-portal/api/html/2708;21/08/2026;21/08/2026
2705;;;- Edital N°: 601/2024;encerrado;Inscrições Encerradas;;-1;chefia baixa;;chefia baixa(-3), urbano(+2);;FCE 1.07 Chefe Escritório Técnico Ouro Preto - MG;https://oportunidades.sigepe.gov.br/oportunidades-portal/api/html/2705;21/08/2026;21/08/2026
2704;605.2/2024;2024;Ministério da Justiça e Segurança Pública;encerrado;Inscrições Encerradas;;3;;Brasília;Brasília(+1), órgão-alvo(+2);;Teletrabalho na Secretaria Nacional de Assuntos Legislativos;https://oportunidades.sigepe.gov.br/oportunidades-portal/api/html/2704;21/08/2026;21/08/2026
2703;600/2024;2024;Ministério da Gestão e da Inovação em Serviços Públicos;encerrado;Inscrições Encerradas;;-5;;;órgão-alvo(+2), gratificação técnica(-3), nível médio/intermediário(-4);nível médio/intermediário;GSISTE NI - Divisão de Gestão Administrativa | GSISTE NS - Divisão de Gestão Administrativa;https://oportunidades.sigepe.gov.br/oportunidades-portal/api/html/2703;21/08/2026;21/08/2026
2702;613/2024;2024;Ministério da Gestão e da Inovação em Serviços Públicos;encerrado;Inscrições Encerradas;;2;;;órgão-alvo(+2);;Arquivista - Composição de Força de Trabalho - Trabalho remoto parcial;https://oportunidades.sigepe.gov.br/oportunidades-portal/api/html/2702;21/08/2026;21/08/2026
2700;602.2/2024;2024;Ministério da Gestão e da Inovação em Serviços Públicos;encerrado;Inscrições Encerradas;;-5;;;órgão-alvo(+2), gratificação técnica(-3), nível médio/intermediário(-4);nível médio/intermediário;GSISTE Nível Intermediário - Arquitetura de Carreiras - CGCAR | FCE NÍVEL 1.10 - Arquitetura de Carreiras - CGCAR | GSISTE Nível Intermediário - Aplicação da Legislação de Carreiras - CGALC | GSISTE Nível Superior - Aplicação da Legislação de Carreiras - CGALC;https://oportunidades.sigepe.gov.br/oportunidades-portal/api/html/2700;21/08/2026;21/08/2026
2698;593.1/2024;2024;Ministério da Gestão e da Inovação em Serviços Públicos;encerrado;Inscrições Encerradas;;2;;;órgão-alvo(+2);;02 vagas na área de Planejamento, Orçamento e Finanças da SRA - MT;https://oportunidades.sigepe.gov.br/oportunidades-portal/api/html/2698;21/08/2026;21/08/2026
2697;592.1/2024;2024;Ministério da Gestão e da Inovação em Serviços Públicos;encerrado;Inscrições Encerradas;;2;;;órgão-alvo(+2);;01 vaga na área de Patrimônio e Almoxarifado da Sup. Reg. de Adm do Mato Grosso;https://oportunidades.sigepe.gov.br/oportunidades-portal/api/html/2697;21/08/2026;21/08/2026
2696;591.1/2024;2024;Ministério da Gestão e da Inovação em Serviços Públicos;encerrado;Inscrições Encerradas;;2;;;órgão-alvo(+2);;02 vagas na área de Licitações e Contratos na Superintendência Regional de Administração no estado d;https://oportunidades.sigepe.gov.br/oportunidades-portal/api/html/2696;21/08/2026;21/08/2026
2695;597.1/2024;2024;Ministério do Esporte;encerrado;Inscrições Encerradas;;-2;;Brasília;Brasília(+1), gratificação técnica(-3);;Coordenação-Geral de Orçamento, Finanças e Contabilidade;https://oportunidades.sigepe.gov.br/oportunidades-portal/api/html/2695;21/08/2026;21/08/2026
2690;624/2024;2024;Ministério da Saúde;encerrado;Inscrições Encerradas;;3;;Brasília;Brasília(+1), órgão-alvo(+2);;Comunicação Social - Habilitação em Jornalismo;https://oportunidades.sigepe.gov.br/oportunidades-portal/api/html/2690;21/08/2026;21/08/2026
2685;590/2024;2024;Conselho Administrativo de Defesa Econômica;encerrado;Inscrições Encerradas;;2;;;órgão-alvo(+2);;Corregedoria;https://oportunidades.sigepe.gov.br/oportunidades-portal/api/html/2685;21/08/2026;21/08/2026
2684;585/2024;2024;Ministério do Planejamento e Orçamento;encerrado;Inscrições Encerradas;;3;coordenador (1.10);;coordenador (1.10)(+1), órgão-alvo(+2);;Coordenador na CG da Receita Pública da SOF;https://oportunidades.sigepe.gov.br/oportunidades-portal/api/html/2684;21/08/2026;21/08/2026
2682;580.1/2024;2024;Ministério da Justiça e Segurança Pública;encerrado;Inscrições Encerradas;;3;;Brasília;Brasília(+1), órgão-alvo(+2);;Técnico Processual e Administrativo;https://oportunidades.sigepe.gov.br/oportunidades-portal/api/html/2682;21/08/2026;21/08/2026
2680;586.1/2024;2024;Ministério da Saúde;encerrado;Inscrições Encerradas;;2;;;órgão-alvo(+2);;Seleção Interna para recomposição do quadro de servidores da COGAD/SPO | Seleção Interna para recomposição do quadro de servidores da CGOR/SPO | Seleção Interna para recomposição do quadro de servidores da SPO | Seleção Interna para recomposição do quadro de servidores da CGFIC/SPO;https://oportunidades.sigepe.gov.br/oportunidades-portal/api/html/2680;21/08/2026;21/08/2026
2679;579.1/2024;2024;Ministério dos Transportes;encerrado;Inscrições Encerradas;;-1;;;órgão-alvo(+2), gratificação técnica(-3);;GSISP NS;https://oportunidades.sigepe.gov.br/oportunidades-portal/api/html/2679;21/08/2026;21/08/2026
2677;588.3/2024;2024;Presidência da República;encerrado;Inscrições Encerradas;;2;;;órgão-alvo(+2);;Apoio Administrativo | Pregoeiro(a);https://oportunidades.sigepe.gov.br/oportunidades-portal/api/html/2677;21/08/2026;21/08/2026
2676;572/2024;2024;Ministério da Defesa;encerrado;Inscrições Encerradas;;-6;chefia baixa;;chefia baixa(-3), gratificação técnica(-3);;GSISTE NS Contabilidade e CCE 2.05;https://oportunidades.sigepe.gov.br/oportunidades-portal/api/html/2676;21/08/2026;21/08/2026
2675;589.3/2024;2024;Presidência da República;encerrado;Inscrições Encerradas;;2;;;órgão-alvo(+2);;Apoio Administrativo | Pregoeiro(a);https://oportunidades.sigepe.gov.br/oportunidades-portal/api/html/2675;21/08/2026;21/08/2026
2674;583/2024;2024;Ministério da Saúde;encerrado;Inscrições Encerradas;;-1;;;órgão-alvo(+2), gratificação técnica(-3);;Fiscal de Contrato;https://oportunidades.sigepe.gov.br/oportunidades-portal/api/html/2674;21/08/2026;21/08/2026
2673;571.3/2024;2024;Ministério da Gestão e da Inovação em Serviços Públicos;encerrado;Inscrições Encerradas;;7;coordenador (1.10);;coordenador (1.10)(+1), planejamento estratégico(+2), políticas públicas(+1), infraestrutura(+1), órgão-alvo(+2);;FCE 2.10 para atuar na Diretoria de Infraestrutura de Dados da Secretaria de Governo Digital/MGI;https://oportunidades.sigepe.gov.br/oportunidades-portal/api/html/2673;21/08/2026;21/08/2026
2672;575.3/2024;2024;Instituto Brasileiro de Museus;encerrado;Inscrições Encerradas;;0;;;;;vaga de agente de contratação, conforme Lei 14.133/2021;https://oportunidades.sigepe.gov.br/oportunidades-portal/api/html/2672;21/08/2026;21/08/2026
2671;576.1/2024;2024;Defensoria Pública da União;encerrado;Inscrições Encerradas;;-5;;União em Belo Horizonte/MG;União em Belo Horizonte/MG(-5);;Atendimento ao público - Divisão de Atendimento | Atendimento ao público - Divisão de Estudos Socioeconômicos;https://oportunidades.sigepe.gov.br/oportunidades-portal/api/html/2671;21/08/2026;21/08/2026
2669;;;- Edital N°: 566/2024;encerrado;Inscrições Encerradas;;1;coordenador (1.10);;coordenador (1.10)(+1);;Coordenador de Colegiados (CGVOC/MAPA);https://oportunidades.sigepe.gov.br/oportunidades-portal/api/html/2669;21/08/2026;21/08/2026
2665;573.3/2024;2024;Ministério da Fazenda;encerrado;Inscrições Encerradas;;-1;;;órgão-alvo(+2), gratificação técnica(-3);;GSISTE Nível Superior-Sistema de Contabilidade Federal-SCF Ministério da Fazenda;https://oportunidades.sigepe.gov.br/oportunidades-portal/api/html/2665;21/08/2026;21/08/2026
2663;569.1/2024;2024;Ministério da Justiça e Segurança Pública;encerrado;Inscrições Encerradas;;3;;;infraestrutura(+1), órgão-alvo(+2);;ASSESSORES TÉCNICOS ESPECIALIZADOS (FCE 4.03 E FCE 4.06) NA COORD-GERAL DE INFRAESTRUTURA E SERVIÇOS;https://oportunidades.sigepe.gov.br/oportunidades-portal/api/html/2663;21/08/2026;21/08/2026
2662;568.1/2024;2024;Ministério da Justiça e Segurança Pública;encerrado;Inscrições Encerradas;;-1;;;órgão-alvo(+2), gratificação técnica(-3);;GSISTE - NÍVEL SUPERIOR - ÁREA FINANCEIRA DE LICITAÇÕES E CONTRATOS;https://oportunidades.sigepe.gov.br/oportunidades-portal/api/html/2662;21/08/2026;21/08/2026
2661;563.1/2024;2024;Ministério da Ciência, Tecnologia e Inovação;encerrado;Inscrições Encerradas;;-1;;;órgão-alvo(+2), gratificação técnica(-3);;GSISTE - Coordenação de Modernização Institucional - MCTI;https://oportunidades.sigepe.gov.br/oportunidades-portal/api/html/2661;21/08/2026;21/08/2026
2658;560.2/2024;2024;Ministério dos Transportes;encerrado;Inscrições Encerradas;;-1;;;órgão-alvo(+2), gratificação técnica(-3);;GSISTE NS;https://oportunidades.sigepe.gov.br/oportunidades-portal/api/html/2658;21/08/2026;21/08/2026
2657;565.2/2024;2024;Ministério da Gestão e da Inovação em Serviços Públicos;encerrado;Inscrições Encerradas;;2;;;órgão-alvo(+2);;FCE 4.05 (R$ 1.766,76);https://oportunidades.sigepe.gov.br/oportunidades-portal/api/html/2657;21/08/2026;21/08/2026
2656;564.2/2024;2024;Ministério da Gestão e da Inovação em Serviços Públicos;encerrado;Inscrições Encerradas;;-5;;;órgão-alvo(+2), gratificação técnica(-3), nível médio/intermediário(-4);nível médio/intermediário;GSISTE NÍvel Intermediário  (R$ 2.203,98);https://oportunidades.sigepe.gov.br/oportunidades-portal/api/html/2656;21/08/2026;21/08/2026
2655;555.3/2024;2024;Agência Nacional de Águas e Saneamento Básico;encerrado;Inscrições Encerradas;;1;coordenador (1.10);;coordenador (1.10)(+1);;Coordenador de Análise de Impacto Regulatório - CCT V;https://oportunidades.sigepe.gov.br/oportunidades-portal/api/html/2655;21/08/2026;21/08/2026
2654;557.3/2024;2024;Ministério do Desenvolvimento Agrário e Agricultura Familiar;encerrado;Inscrições Encerradas;;0;;;infraestrutura(+1), órgão-alvo(+2), gratificação técnica(-3);;1 (uma) vaga de GSISTE - NIVEL SUPERIOR, na  Coordenação de Patrimônio e Infraestrutura;https://oportunidades.sigepe.gov.br/oportunidades-portal/api/html/2654;21/08/2026;21/08/2026
2653;562/2024;2024;Conselho Administrativo de Defesa Econômica;encerrado;Inscrições Encerradas;;2;;;órgão-alvo(+2);;Coordenações-Geral de Análise Antitruste 1, 2, 3, 4, 5, 7, 8 e 11;https://oportunidades.sigepe.gov.br/oportunidades-portal/api/html/2653;21/08/2026;21/08/2026
2651;595/2024;2024;Ministério da Gestão e da Inovação em Serviços Públicos;encerrado;Inscrições Encerradas;;4;;;planejamento estratégico(+2), órgão-alvo(+2);;1 VAGA NA ÁREA ADMINISTRATIVA DA SRA PA;https://oportunidades.sigepe.gov.br/oportunidades-portal/api/html/2651;21/08/2026;21/08/2026
2650;554.1/2024;2024;Ministério da Agricultura e Pecuária;encerrado;Inscrições Encerradas;;-3;chefia baixa;;chefia baixa(-3);;Chefe do Serviço de Estágio de Estudantes (SEEST);https://oportunidades.sigepe.gov.br/oportunidades-portal/api/html/2650;21/08/2026;21/08/2026
2649;594/2024;2024;Ministério da Gestão e da Inovação em Serviços Públicos;encerrado;Inscrições Encerradas;;2;;;órgão-alvo(+2);;Fiscal de Contrato na Superintendência Regional de Administração no estado do Pará;https://oportunidades.sigepe.gov.br/oportunidades-portal/api/html/2649;21/08/2026;21/08/2026
2648;596/2024;2024;Ministério da Gestão e da Inovação em Serviços Públicos;encerrado;Inscrições Encerradas;;-3;;SRA/PA;SRA/PA(-5), órgão-alvo(+2);;Gestão orçamentária/financeira;https://oportunidades.sigepe.gov.br/oportunidades-portal/api/html/2648;21/08/2026;21/08/2026
2644;638.2/2024;2024;Ministério da Gestão e da Inovação em Serviços Públicos;encerrado;Inscrições Encerradas;;-5;;;órgão-alvo(+2), gratificação técnica(-3), nível médio/intermediário(-4);nível médio/intermediário;GSISTE para atuar no Serviço de Qualidade ao Usuário - CGEST/DELOG/MGI | Vaga para atuar em Catalogação - CGCOP/DELOG/MGI | GSISTE para atuar na Assessoria de Desenvolvimento de Gestão Contratual - CGCON/DELOG/MGI | GSISTE para atuar com a temática de Sustentabilidade - CGNOR/DELOG/MGI | GSISTE para atuar em normatização - CGNOR/DELOG/MGI | Vaga para atuar no Portal Nacional de Contratações Públic;https://oportunidades.sigepe.gov.br/oportunidades-portal/api/html/2644;21/08/2026;21/08/2026
2642;550/2024;2024;Ministério da Saúde;encerrado;Inscrições Encerradas;;-4;;Brasília;Brasília(+1), órgão-alvo(+2), gratificação técnica(-3), nível médio/intermediário(-4);nível médio/intermediário;FCE 1 10 - 3.750,42 | GSISTE NI - 2.246,00;https://oportunidades.sigepe.gov.br/oportunidades-portal/api/html/2642;21/08/2026;21/08/2026
2639;548.1/2024;2024;Ministério dos Direitos Humanos e da Cidadania;encerrado;Inscrições Encerradas;;-7;;;gratificação técnica(-3), nível médio/intermediário(-4);nível médio/intermediário;GSISTE/SIGA-Nível Intermediário junto a Divisão de Gestão Documental;https://oportunidades.sigepe.gov.br/oportunidades-portal/api/html/2639;21/08/2026;21/08/2026
2638;544.3/2024;2024;Ministério da Gestão e da Inovação em Serviços Públicos;encerrado;Inscrições Encerradas;;-1;;;órgão-alvo(+2), gratificação técnica(-3);;Uma vaga de GSISTE NS - análise de dados e gestão de projeto na SGD/MGI;https://oportunidades.sigepe.gov.br/oportunidades-portal/api/html/2638;21/08/2026;21/08/2026
2634;545.2/2024;2024;Ministério da Justiça e Segurança Pública;encerrado;Inscrições Encerradas;;0;chefia baixa;Brasília;chefia baixa(-3), Brasília(+1), órgão-alvo(+2);;Chefe do Serviço de Administração de RH;https://oportunidades.sigepe.gov.br/oportunidades-portal/api/html/2634;21/08/2026;21/08/2026
2631;;;- Edital N°: 536/2024;encerrado;Inscrições Encerradas;;0;;;;;Corregedoria Setorial do CNPq;https://oportunidades.sigepe.gov.br/oportunidades-portal/api/html/2631;21/08/2026;21/08/2026
2630;552.2/2024;2024;Departamento Nacional de Infraestrutura de Transportes;encerrado;Inscrições Encerradas;;1;;;infraestrutura(+1);;Corregedoria;https://oportunidades.sigepe.gov.br/oportunidades-portal/api/html/2630;21/08/2026;21/08/2026
2629;553.1/2024;2024;Ministério do Desenvolvimento Agrário e Agricultura Familiar;encerrado;Inscrições Encerradas;;-6;;SPOA/SE;SPOA/SE(-5), órgão-alvo(+2), gratificação técnica(-3);;1 (uma) vaga de GSISTE - SIPEC, NIVEL SUPERIOR, na CGGP/SPOA/SE/MDA;https://oportunidades.sigepe.gov.br/oportunidades-portal/api/html/2629;21/08/2026;21/08/2026
2628;534/2024;2024;Ministério da Ciência, Tecnologia e Inovação;encerrado;Inscrições Encerradas;;-2;;;órgão-alvo(+2), nível médio/intermediário(-4);nível médio/intermediário;Corregedoria do Ministério da Ciência, Tecnologia e Inovação (4 vagas);https://oportunidades.sigepe.gov.br/oportunidades-portal/api/html/2628;21/08/2026;21/08/2026
2621;559.1/2024;2024;Agência Nacional de Aviação Civil;encerrado;Inscrições Encerradas;;1;coordenador (1.10);;coordenador (1.10)(+1);;Assessor de Gerência;https://oportunidades.sigepe.gov.br/oportunidades-portal/api/html/2621;21/08/2026;21/08/2026
2619;547.3/2024;2024;Ministério da Justiça e Segurança Pública;encerrado;Inscrições Encerradas;;3;;Brasília;Brasília(+1), órgão-alvo(+2);;Psicologia (CRP ativo) | Capacitação e Desenvolvimento | Seleção de Pessoal | Saúde Ocupacional;https://oportunidades.sigepe.gov.br/oportunidades-portal/api/html/2619;21/08/2026;21/08/2026
2612;526/2024;2024;Ministério da Saúde;encerrado;Inscrições Encerradas;;-9;chefia baixa;DLOG/SE;chefia baixa(-3), DLOG/SE(-5), órgão-alvo(+2), gratificação técnica(-3);;Chefe da Divisão de Contabilidade;https://oportunidades.sigepe.gov.br/oportunidades-portal/api/html/2612;21/08/2026;21/08/2026
2610;522.1/2024;2024;Ministério da Agricultura e Pecuária;encerrado;Inscrições Encerradas;;0;;;;;Coordenação-Geral de Gestão de Adidos Agrícolas- CGAAG/SCRI;https://oportunidades.sigepe.gov.br/oportunidades-portal/api/html/2610;21/08/2026;21/08/2026
2606;516.1/2024;2024;Ministério dos Direitos Humanos e da Cidadania;encerrado;Inscrições Encerradas;;0;;;;;Composição de força de trabalho junto à Coordenação-Geral de Licitações e Contratos/MDHC;https://oportunidades.sigepe.gov.br/oportunidades-portal/api/html/2606;21/08/2026;21/08/2026
2602;518.2/2024;2024;Departamento Nacional de Infraestrutura de Transportes;encerrado;Inscrições Encerradas;;-7;chefia baixa;Unidade Local de Rondonópolis/MT;chefia baixa(-3), Unidade Local de Rondonópolis/MT(-5), infraestrutura(+1);;Chefe de Serviço da Unidade Local de Rondonópolis/MT;https://oportunidades.sigepe.gov.br/oportunidades-portal/api/html/2602;21/08/2026;21/08/2026
2601;;;- Edital N°: 519/2024;encerrado;Inscrições Encerradas;;1;;;infraestrutura(+1);;Analista em Infraestrutura de Transportes ou Engenheiro - Unidade Local de Joinville;https://oportunidades.sigepe.gov.br/oportunidades-portal/api/html/2601;21/08/2026;21/08/2026
2597;521.1/2024;2024;Ministério da Justiça e Segurança Pública;encerrado;Inscrições Encerradas;;3;;Brasília;Brasília(+1), órgão-alvo(+2);;COMPOSIÇÃO DE FORÇA DE TRABALHO NA COMISSÃO DE ÉTICA;https://oportunidades.sigepe.gov.br/oportunidades-portal/api/html/2597;21/08/2026;21/08/2026
2592;542.2/2024;2024;Ministério da Saúde;encerrado;Inscrições Encerradas;;4;coordenador (1.10);Brasília;coordenador (1.10)(+1), Brasília(+1), órgão-alvo(+2);;Seleção de 1 Vaga de servidor para Assessor Técnico Especializado (FCE 4.07);https://oportunidades.sigepe.gov.br/oportunidades-portal/api/html/2592;21/08/2026;21/08/2026
2590;510.1/2024;2024;Ministério da Ciência, Tecnologia e Inovação;encerrado;Inscrições Encerradas;;-1;;;órgão-alvo(+2), gratificação técnica(-3);;GSISTE de Nível superior (NS);https://oportunidades.sigepe.gov.br/oportunidades-portal/api/html/2590;21/08/2026;21/08/2026
2587;503/2024;2024;Ministério da Integração e do Desenvolvimento Regional;encerrado;Inscrições Encerradas;;0;;;desenvolvimento regional(+1), órgão-alvo(+2), gratificação técnica(-3);;2 (duas) vagas - Gratificação Temporária de Proteção e Defesa Civil - GDPEC;https://oportunidades.sigepe.gov.br/oportunidades-portal/api/html/2587;21/08/2026;21/08/2026
2586;504.1/2024;2024;Ministério da Justiça e Segurança Pública;encerrado;Inscrições Encerradas;;-1;;Brasília;Brasília(+1), órgão-alvo(+2), nível médio/intermediário(-4);"nível médio/intermediário; graduação específica";COMPOSIÇÃO  FORÇA DE TRABALHO NA DIACO - GRADUAÇÃO EM CIÊNCIAS CONTÁBEIS OU TÉCNICO EM CONTABILIDADE;https://oportunidades.sigepe.gov.br/oportunidades-portal/api/html/2586;21/08/2026;21/08/2026
2585;509/2024;2024;Conselho Administrativo de Defesa Econômica;encerrado;Inscrições Encerradas;;-1;chefia baixa;;chefia baixa(-3), órgão-alvo(+2);;Divisão de Planejamento e Projetos - DIPLAN | Divisão de Planejamento e Projetos - DIPLAN - FCE 1.07;https://oportunidades.sigepe.gov.br/oportunidades-portal/api/html/2585;21/08/2026;21/08/2026
2584;507.1/2024;2024;Ministério da Gestão e da Inovação em Serviços Públicos;encerrado;Inscrições Encerradas;;0;coordenador (1.10);;coordenador (1.10)(+1), órgão-alvo(+2), gratificação técnica(-3);;CARGO 01 FCE 1.10 | CARGO 02 - GSISP-NS;https://oportunidades.sigepe.gov.br/oportunidades-portal/api/html/2584;21/08/2026;21/08/2026
2583;501.1/2024;2024;Ministério da Gestão e da Inovação em Serviços Públicos;encerrado;Inscrições Encerradas;;-1;;;órgão-alvo(+2), gratificação técnica(-3);;Processo seletivo para atuar na Coordenação de Diárias e Passagens com concessão de GSISTE NS;https://oportunidades.sigepe.gov.br/oportunidades-portal/api/html/2583;21/08/2026;21/08/2026
2582;513.1/2024;2024;Ministério dos Direitos Humanos e da Cidadania;encerrado;Inscrições Encerradas;;-3;chefia baixa;;chefia baixa(-3);;Chefe de Divisão de Contratos (FCE 1.07) junto a Coordenação-Geral de Licitações e Contratos;https://oportunidades.sigepe.gov.br/oportunidades-portal/api/html/2582;21/08/2026;21/08/2026
2581;500.2/2024;2024;Ministério da Gestão e da Inovação em Serviços Públicos;encerrado;Inscrições Encerradas;;-5;;;órgão-alvo(+2), gratificação técnica(-3), nível médio/intermediário(-4);nível médio/intermediário;Processo seletivo para atuar no ConectaGente com concessão de GSISTE NI | Processo seletivo para atuar no ConectaGente com concessão de GSISTE NS;https://oportunidades.sigepe.gov.br/oportunidades-portal/api/html/2581;21/08/2026;21/08/2026
2580;498.2/2024;2024;Ministério da Pesca e Aquicultura;encerrado;Inscrições Encerradas;;-7;;;gratificação técnica(-3), nível médio/intermediário(-4);nível médio/intermediário;1 (uma) GSISTE - SISG (nível superior)   Coordenação de Logística | 1 (uma) GSISTE SGDA (nível superior) - Coordenação de Logística | 1 (uma) GSISTE SPOF (nível superior) -  Coordenação de Orçamento, Finanças e Contabilidade | 1 (uma) GSISTE/SPOF (nível intermediário) Coordenação de Orçamento, Finanças e Contabilidade;https://oportunidades.sigepe.gov.br/oportunidades-portal/api/html/2580;21/08/2026;21/08/2026
2579;497/2024;2024;Ministério da Cultura;encerrado;Inscrições Encerradas;;2;;;órgão-alvo(+2);;Edital n. 01/2024, de 10 de junho de 2024;https://oportunidades.sigepe.gov.br/oportunidades-portal/api/html/2579;21/08/2026;21/08/2026
2572;502.1/2024;2024;Ministério da Justiça e Segurança Pública;encerrado;Inscrições Encerradas;;0;chefia baixa;Brasília;chefia baixa(-3), Brasília(+1), órgão-alvo(+2);;Chefe de Serviço;https://oportunidades.sigepe.gov.br/oportunidades-portal/api/html/2572;21/08/2026;21/08/2026
2570;546.2/2024;2024;Ministério da Justiça e Segurança Pública;encerrado;Inscrições Encerradas;;3;;Brasília;Brasília(+1), órgão-alvo(+2);;Assistente de Folha de Pagamento | Assistente de Cadastro de Pessoal;https://oportunidades.sigepe.gov.br/oportunidades-portal/api/html/2570;21/08/2026;21/08/2026
2568;489.2/2024;2024;Ministério da Ciência, Tecnologia e Inovação;encerrado;Inscrições Encerradas;;2;;;órgão-alvo(+2);;Função Comissionada Executiva (FCE) 1.07;https://oportunidades.sigepe.gov.br/oportunidades-portal/api/html/2568;21/08/2026;21/08/2026
2566;496.1/2024;2024;Ministério do Turismo;encerrado;Inscrições Encerradas;;-1;chefia baixa;;chefia baixa(-3), órgão-alvo(+2);;FUNÇÃO COMISSIONADA EXECUTIVA - FCE 3.04;https://oportunidades.sigepe.gov.br/oportunidades-portal/api/html/2566;21/08/2026;21/08/2026
2562;517/2024;2024;Departamento Nacional de Infraestrutura de Transportes;encerrado;Inscrições Encerradas;;1;;;infraestrutura(+1);;Analista em Infraestrutura de Transportes ou Engenheiro - Unidade Local de Mafra;https://oportunidades.sigepe.gov.br/oportunidades-portal/api/html/2562;21/08/2026;21/08/2026
2561;490/2024;2024;Ministério da Gestão e da Inovação em Serviços Públicos;encerrado;Inscrições Encerradas;;-5;;;órgão-alvo(+2), gratificação técnica(-3), nível médio/intermediário(-4);nível médio/intermediário;1 GSISTE - NÍVEL SUPERIOR | 1 GSISTE - NÍVEL INTERMEDIÁRIO;https://oportunidades.sigepe.gov.br/oportunidades-portal/api/html/2561;21/08/2026;21/08/2026
2560;487.1/2024;2024;Ministério da Fazenda;encerrado;Inscrições Encerradas;;3;coordenador (1.10);;coordenador (1.10)(+1), órgão-alvo(+2);;Função Comissionada Executiva - FCE 4.04 - Assessor(a) Técnico(a) Especializado(a);https://oportunidades.sigepe.gov.br/oportunidades-portal/api/html/2560;21/08/2026;21/08/2026
2559;482.3/2024;2024;Fundação Escola Nacional de Administração Pública;encerrado;Inscrições Encerradas;;-5;;;órgão-alvo(+2), gratificação técnica(-3), nível médio/intermediário(-4);nível médio/intermediário;Vaga para percepção de Gratificação Temporária de Atividade em Escola de Governo Nível Intermediário;https://oportunidades.sigepe.gov.br/oportunidades-portal/api/html/2559;21/08/2026;21/08/2026
2555;481.1/2024;2024;Instituto Brasileiro de Museus;encerrado;Inscrições Encerradas;;-3;chefia baixa;;chefia baixa(-3);;Chefe de divisão, código FCE 1.05;https://oportunidades.sigepe.gov.br/oportunidades-portal/api/html/2555;21/08/2026;21/08/2026
2553;543.2/2024;2024;Ministério da Saúde;encerrado;Inscrições Encerradas;;-3;;INCA/RJ;INCA/RJ(-5), órgão-alvo(+2);;INCA/RJ - Comunicação Social - Produção Audiovisual | INCA/RJ - Comunicação Social - Publicidade | INCA/RJ - Comunicação Social - Programação Visual | INCA/RJ - Comunicação Social - Fotografia | INCA/RJ - Comunicação Social - Jornalismo | INCA/RJ - Comunicação Social - Revisão/Redação | INCA/RJ - Comunicação Social - Design Editorial | INCA/RJ - Comunicação Social - Relações Públicas;https://oportunidades.sigepe.gov.br/oportunidades-portal/api/html/2553;21/08/2026;21/08/2026
2548;483.1/2024;2024;Comando do Exército;encerrado;Inscrições Encerradas;;-7;;;gratificação técnica(-3), nível médio/intermediário(-4);nível médio/intermediário;GSISTE - NÍVEL SUPERIOR | GSISTE - NÍVEL INTERMEDIÁRIO;https://oportunidades.sigepe.gov.br/oportunidades-portal/api/html/2548;21/08/2026;21/08/2026
2547;491/2024;2024;Agência Nacional de Saúde Suplementar;encerrado;Inscrições Encerradas;;2;;;órgão-alvo(+2);;Coordenadoria de Saúde  e Qualidade de Vida (COSAQ) | Coordenadoria de Carreira e Desenvolvimento (CCADE) vaga 02 | Coordenadoria de Legislação e Benefícios (COLEB) | Coordenadoria de Administração de Pessoal (CODAP) | Coordenadoria de Carreira e Desenvolvimento (CCADE) vaga 01;https://oportunidades.sigepe.gov.br/oportunidades-portal/api/html/2547;21/08/2026;21/08/2026
2539;461.1/2024;2024;Ministério do Esporte;encerrado;Inscrições Encerradas;;0;;;;;Corregedoria do Ministério do Esporte - MESP;https://oportunidades.sigepe.gov.br/oportunidades-portal/api/html/2539;21/08/2026;21/08/2026
2532;484/2024;2024;Ministério da Fazenda;encerrado;Inscrições Encerradas;;2;;;órgão-alvo(+2);;Equipe do SEDIS.;https://oportunidades.sigepe.gov.br/oportunidades-portal/api/html/2532;21/08/2026;21/08/2026
2531;460.2/2024;2024;Ministério do Turismo;encerrado;Inscrições Encerradas;;4;coordenador (1.10);Brasília;coordenador (1.10)(+1), Brasília(+1), órgão-alvo(+2);;Coordenador de Tomada de Contas Especial (COTCE);https://oportunidades.sigepe.gov.br/oportunidades-portal/api/html/2531;21/08/2026;21/08/2026
2530;454.1/2024;2024;Instituto do Patrimônio Histórico e Artístico Nacional;encerrado;Inscrições Encerradas;;-3;chefia baixa;;chefia baixa(-3);;FCE 2.01 Assistente Técnico - ARQUEOLOGIA/ IPHAN;https://oportunidades.sigepe.gov.br/oportunidades-portal/api/html/2530;21/08/2026;21/08/2026
2529;462.2/2024;2024;Ministério da Gestão e da Inovação em Serviços Públicos;encerrado;Inscrições Encerradas;;-5;;;órgão-alvo(+2), gratificação técnica(-3), nível médio/intermediário(-4);nível médio/intermediário;COORDENAÇÃO GERAL DE LICITAÇÕES (CGLIC) - GSISTE- NS | COORDENAÇÃO-GERAL DE SERVIÇOS COMPARTILHADOS (CGSEC) | GABINETE DA CENTRAL DE COMPRAS - PERFIL 1 | COORDENAÇÃO GERAL DE LICITAÇÕES (CGLIC) - GSISTE NI | GABINETE DA CENTRAL DE COMPRAS - PERFIL 2;https://oportunidades.sigepe.gov.br/oportunidades-portal/api/html/2529;21/08/2026;21/08/2026
2527;452/2024;2024;Presidência da República;encerrado;Inscrições Encerradas;;-1;;;órgão-alvo(+2), gratificação técnica(-3);;GSISTE - Nível superior;https://oportunidades.sigepe.gov.br/oportunidades-portal/api/html/2527;21/08/2026;21/08/2026
2525;451.1/2024;2024;Ministério da Gestão e da Inovação em Serviços Públicos;encerrado;Inscrições Encerradas;;-5;;;órgão-alvo(+2), gratificação técnica(-3), nível médio/intermediário(-4);nível médio/intermediário;1 (uma) vaga para percepção de GSISTE (NI), órgão central, para atuar na COATA/SGD;https://oportunidades.sigepe.gov.br/oportunidades-portal/api/html/2525;21/08/2026;21/08/2026
2524;450.1/2024;2024;Ministério da Saúde;encerrado;Inscrições Encerradas;;-9;chefia baixa;DLOG/SE;chefia baixa(-3), DLOG/SE(-5), órgão-alvo(+2), gratificação técnica(-3);;Chefe da Divisão de Contabilidade;https://oportunidades.sigepe.gov.br/oportunidades-portal/api/html/2524;21/08/2026;21/08/2026
2522;475.1/2024;2024;Ministério da Saúde;encerrado;Inscrições Encerradas;;-1;chefia baixa;;chefia baixa(-3), órgão-alvo(+2);;CHEFIA DA DIASI/DSEI LITORAL SUL - FCE 1.07 | CHEFE DO SELOG/DSEI LITORAL SUL-FCE 1.05;https://oportunidades.sigepe.gov.br/oportunidades-portal/api/html/2522;21/08/2026;21/08/2026
2515;444.2/2024;2024;Ministério da Gestão e da Inovação em Serviços Públicos;encerrado;Inscrições Encerradas;;2;;;órgão-alvo(+2);;CARGO 16 | CARGO 05 | CARGO 10 | CARGO 02 | CARGO 03 | CARGO 09 | CARGO 13 | CARGO 06 | CARGO 07 | CARGO 01 | CARGO 04 | CARGO 12 | CARGO 08 | CARGO 14 | CARGO 15 | CARGO 11;https://oportunidades.sigepe.gov.br/oportunidades-portal/api/html/2515;21/08/2026;21/08/2026
2514;441.1/2024;2024;Ministério da Agricultura e Pecuária;encerrado;Inscrições Encerradas;;-3;chefia baixa;;chefia baixa(-3);;Chefe do Serviço de Estágio de Estudantes (SEEST);https://oportunidades.sigepe.gov.br/oportunidades-portal/api/html/2514;21/08/2026;21/08/2026
2513;440/2024;2024;Ministério da Agricultura e Pecuária;encerrado;Inscrições Encerradas;;-3;chefia baixa;;chefia baixa(-3);;Chefia da Divisão de Aquisições e Logística (DIAL/CAD/SFA-PR) - (FCE 1.07);https://oportunidades.sigepe.gov.br/oportunidades-portal/api/html/2513;21/08/2026;21/08/2026
2512;474.1/2024;2024;Ministério da Saúde;encerrado;Inscrições Encerradas;;2;;;órgão-alvo(+2);;Composição do Núcleo de Eventos | Apoio às ações estratégicas de Pesquisa Clínica | Apoio no Planejamento e Orçamento | Composição do Núcleo de Comunicação | Composição do Núcleo de Dados e Tecnologia da Informação | Composição do Serviço de Gestão Técnica e Administrativa | Apoio ao Fomento à Pesquisa em Saúde | Apoio na análise técnico-econômica de pesquisas em saúde;https://oportunidades.sigepe.gov.br/oportunidades-portal/api/html/2512;21/08/2026;21/08/2026
2511;434.1/2024;2024;Ministério do Planejamento e Orçamento;encerrado;Inscrições Encerradas;;-1;chefia baixa;;chefia baixa(-3), órgão-alvo(+2);;FCE 1.07 - Subsecretaria de Articulação Institucional;https://oportunidades.sigepe.gov.br/oportunidades-portal/api/html/2511;21/08/2026;21/08/2026
2510;435/2024;2024;Ministério do Planejamento e Orçamento;encerrado;Inscrições Encerradas;;-1;chefia baixa;;chefia baixa(-3), órgão-alvo(+2);;FCE 2.07 - Subsecretaria de Articulação com Estados e Municípios;https://oportunidades.sigepe.gov.br/oportunidades-portal/api/html/2510;21/08/2026;21/08/2026
2509;442.1/2024;2024;Agência Espacial Brasileira;encerrado;Inscrições Encerradas;;-1;chefia baixa;;chefia baixa(-3), espacial(+2);;Assistente FCE 2.07;https://oportunidades.sigepe.gov.br/oportunidades-portal/api/html/2509;21/08/2026;21/08/2026
2505;433.2/2024;2024;Ministério do Turismo;encerrado;Inscrições Encerradas;;3;coordenador (1.10);;coordenador (1.10)(+1), órgão-alvo(+2);;Coordenador de Inteligência, Estatísticas e Observatórios de Turismo - COINT;https://oportunidades.sigepe.gov.br/oportunidades-portal/api/html/2505;21/08/2026;21/08/2026
2503;446.2/2024;2024;Ministério da Justiça e Segurança Pública;encerrado;Inscrições Encerradas;;3;;Brasília;Brasília(+1), órgão-alvo(+2);;Especialista em Segurança da Informação;https://oportunidades.sigepe.gov.br/oportunidades-portal/api/html/2503;21/08/2026;21/08/2026
2498;463.1/2024;2024;Ministério da Pesca e Aquicultura;encerrado;Inscrições Encerradas;;-3;chefia baixa;;chefia baixa(-3);;Assistente - FCE 2.07;https://oportunidades.sigepe.gov.br/oportunidades-portal/api/html/2498;21/08/2026;21/08/2026
2497;439.1/2024;2024;Ministério do Meio Ambiente e Mudança do Clima;encerrado;Inscrições Encerradas;;-1;chefia baixa;;chefia baixa(-3), órgão-alvo(+2);;FCE 1.07;https://oportunidades.sigepe.gov.br/oportunidades-portal/api/html/2497;21/08/2026;21/08/2026
2495;427.2/2024;2024;Ministério da Justiça e Segurança Pública;encerrado;Inscrições Encerradas;;3;;Brasília;Brasília(+1), órgão-alvo(+2);;COMPOSIÇÃO DE FORÇA DE TRABALHO NA SECRETARIA DE DIREITOS DIGITAIS (PROGRAMA DE GESTÃO TOTAL);https://oportunidades.sigepe.gov.br/oportunidades-portal/api/html/2495;21/08/2026;21/08/2026
2494;424.1/2024;2024;Ministério da Ciência, Tecnologia e Inovação;encerrado;Inscrições Encerradas;;-1;;;órgão-alvo(+2), gratificação técnica(-3);;GSISTE de Nível superior (NS) - SIGA;https://oportunidades.sigepe.gov.br/oportunidades-portal/api/html/2494;21/08/2026;21/08/2026
2492;;;- Edital N°: 423/2024;encerrado;Inscrições Encerradas;;4;coordenador (1.10);Brasília;coordenador (1.10)(+1), Brasília(+1), órgão-alvo(+2);;Coordenador(a) de Assuntos Societários - FCE 1.10.;https://oportunidades.sigepe.gov.br/oportunidades-portal/api/html/2492;21/08/2026;21/08/2026
2491;422.1/2024;2024;Ministério dos Transportes;encerrado;Inscrições Encerradas;;-6;;Tecnologia e Inovação/SE;Tecnologia e Inovação/SE(-5), órgão-alvo(+2), gratificação técnica(-3);;GSISP;https://oportunidades.sigepe.gov.br/oportunidades-portal/api/html/2491;21/08/2026;21/08/2026
2484;425.3/2024;2024;Ministério da Gestão e da Inovação em Serviços Públicos;encerrado;Inscrições Encerradas;;-4;;Brasília;Brasília(+1), órgão-alvo(+2), gratificação técnica(-3), nível médio/intermediário(-4);nível médio/intermediário;GSISTE Nível Superior - Coordenação Administrativa e Gestão Interna - COADI | GSISTE Nível Intermediário - Coordenação Administrativa e Gestão Interna - COADI;https://oportunidades.sigepe.gov.br/oportunidades-portal/api/html/2484;21/08/2026;21/08/2026
2483;;;- Edital N°: 416/2024;encerrado;Inscrições Encerradas;;-3;;;gratificação técnica(-3);;01 (uma) vaga de GSISTE - Nível Superior (NS) - SIPEC;https://oportunidades.sigepe.gov.br/oportunidades-portal/api/html/2483;21/08/2026;21/08/2026
2471;437.1/2024;2024;Ministério da Saúde;encerrado;Inscrições Encerradas;;-2;;;órgão-alvo(+2), nível médio/intermediário(-4);nível médio/intermediário;Servidor de nível médio ou superior - Divisão de Contabilidade;https://oportunidades.sigepe.gov.br/oportunidades-portal/api/html/2471;21/08/2026;21/08/2026
2470;438.1/2024;2024;Ministério da Saúde;encerrado;Inscrições Encerradas;;-1;;;órgão-alvo(+2), gratificação técnica(-3);;Fiscal de Contrato;https://oportunidades.sigepe.gov.br/oportunidades-portal/api/html/2470;21/08/2026;21/08/2026
2468;409.2/2024;2024;Fundação Escola Nacional de Administração Pública;encerrado;Inscrições Encerradas;;-1;;;órgão-alvo(+2), gratificação técnica(-3);;01 vaga para percepção de Gratificação temporária de atividade em escola de governo, Nível Superior;https://oportunidades.sigepe.gov.br/oportunidades-portal/api/html/2468;21/08/2026;21/08/2026
2467;406/2024;2024;Instituto do Patrimônio Histórico e Artístico Nacional;encerrado;Inscrições Encerradas;;-2;chefia baixa;Brasília;chefia baixa(-3), Brasília(+1);;FCE 2.01 COTEC DF;https://oportunidades.sigepe.gov.br/oportunidades-portal/api/html/2467;21/08/2026;21/08/2026
2466;405.4/2024;2024;Instituto do Patrimônio Histórico e Artístico Nacional;encerrado;Inscrições Encerradas;;-8;chefia baixa;Escritório Técnico de Olinda/PE;chefia baixa(-3), Escritório Técnico de Olinda/PE(-5);;CCE 1.07 Chefe Escritório Técnico - Olinda - PE;https://oportunidades.sigepe.gov.br/oportunidades-portal/api/html/2466;21/08/2026;21/08/2026
2465;400.2/2024;2024;Ministério da Justiça e Segurança Pública;encerrado;Inscrições Encerradas;;3;;Brasília;Brasília(+1), órgão-alvo(+2);;COMPOSIÇÃO DE FORÇA DE TRABALHO NA COORDENAÇÃO-GERAL DE ARQUITETURA E ENGENHARIA (ELETRICISTA);https://oportunidades.sigepe.gov.br/oportunidades-portal/api/html/2465;21/08/2026;21/08/2026
2464;401.2/2024;2024;Ministério da Justiça e Segurança Pública;encerrado;Inscrições Encerradas;;2;;;órgão-alvo(+2);;COMPOSIÇÃO DE FORÇA DE TRABALHO NA SECRETARIA NACIONAL DE SEGURANÇA PÚBLICA;https://oportunidades.sigepe.gov.br/oportunidades-portal/api/html/2464;21/08/2026;21/08/2026
2463;402.2/2024;2024;Ministério da Justiça e Segurança Pública;encerrado;Inscrições Encerradas;;-1;chefia baixa;;chefia baixa(-3), órgão-alvo(+2);;CHEFE DE DIVISÃO NA DIVISÃO DE PRESTAÇÃO DE CONTAS E APURAÇÕES - FCE 1.07;https://oportunidades.sigepe.gov.br/oportunidades-portal/api/html/2463;21/08/2026;21/08/2026
2462;403.2/2024;2024;Ministério da Justiça e Segurança Pública;encerrado;Inscrições Encerradas;;3;;Brasília;Brasília(+1), órgão-alvo(+2);;COMPOSIÇÃO DE FORÇA DE TRABALHO NA COORDENAÇÃO-GERAL DE ARQUITETURA E ENGENHARIA (ARQUITETUTA);https://oportunidades.sigepe.gov.br/oportunidades-portal/api/html/2462;21/08/2026;21/08/2026
2457;398.1/2024;2024;Ministério dos Direitos Humanos e da Cidadania;encerrado;Inscrições Encerradas;;0;;;;;Composição de força de trabalho junto à Corregedoria/MDHC;https://oportunidades.sigepe.gov.br/oportunidades-portal/api/html/2457;21/08/2026;21/08/2026
2455;397/2024;2024;Agência Nacional de Aviação Civil;encerrado;Inscrições Encerradas;;1;coordenador (1.10);;coordenador (1.10)(+1);;Coordenador de Orçamento;https://oportunidades.sigepe.gov.br/oportunidades-portal/api/html/2455;21/08/2026;21/08/2026
2453;407.2/2024;2024;Ministério do Trabalho e Emprego;encerrado;Inscrições Encerradas;;3;coordenador (1.10);;coordenador (1.10)(+1), órgão-alvo(+2);;Assessor Técnico Especializado  FCE 4.04 | Chefe de Divisão de Análise Patrimonial - FCE 1.07 | Chefe de Divisão de Informações Estratégicas - FCE 1.07;https://oportunidades.sigepe.gov.br/oportunidades-portal/api/html/2453;21/08/2026;21/08/2026
2452;395.3/2024;2024;Fundação Escola Nacional de Administração Pública;encerrado;Inscrições Encerradas;;-1;;;órgão-alvo(+2), gratificação técnica(-3);;Gaeg NS para atuar na Escola Nacional de Administração Pública - Enap;https://oportunidades.sigepe.gov.br/oportunidades-portal/api/html/2452;21/08/2026;21/08/2026
2451;393.1/2024;2024;Ministério da Saúde;encerrado;Inscrições Encerradas;;-3;;DGIP/SE;DGIP/SE(-5), órgão-alvo(+2);;Secretaria-Executiva - Ensino superior - FCE e PGD;https://oportunidades.sigepe.gov.br/oportunidades-portal/api/html/2451;21/08/2026;21/08/2026
2445;459/2024;2024;Ministério da Gestão e da Inovação em Serviços Públicos;encerrado;Inscrições Encerradas;;2;;;órgão-alvo(+2);;Processo seletivo para ocupação de FCE 4.03 - Função Comissionada Executiva;https://oportunidades.sigepe.gov.br/oportunidades-portal/api/html/2445;21/08/2026;21/08/2026
2440;835.1/2024;2024;Agência Nacional de Transportes Aquaviários;encerrado;Inscrições Encerradas;;0;;;;;DICON - 01 vaga para composição de força de trabalho;https://oportunidades.sigepe.gov.br/oportunidades-portal/api/html/2440;21/08/2026;21/08/2026
2438;663.1/2024;2024;Ministério da Gestão e da Inovação em Serviços Públicos;encerrado;Inscrições Encerradas;;-5;;;órgão-alvo(+2), gratificação técnica(-3), nível médio/intermediário(-4);nível médio/intermediário;GSISTE - Nível Intermediário | GSISTE - Nível Superior;https://oportunidades.sigepe.gov.br/oportunidades-portal/api/html/2438;21/08/2026;21/08/2026
2437;385.2/2024;2024;Ministério da Gestão e da Inovação em Serviços Públicos;encerrado;Inscrições Encerradas;;-1;;Brasília;Brasília(+1), órgão-alvo(+2), nível médio/intermediário(-4);nível médio/intermediário;Profissional de Nível Superior - Experiência em Gestão Pública - Barcelos - AM | Profissional de Nível Intermediário - Experiência em Gestão Pública - Boa Vista - RR | Profissional de Nível Superior - Experiência em Orçamento e Finanças Públicas - Boa Vista - RR | Profissional de Nível Superior - Experiência em Gestão Pública - São Gabriel da Cachoeira - AM | Profissional de Nível Superior - Exper;https://oportunidades.sigepe.gov.br/oportunidades-portal/api/html/2437;21/08/2026;21/08/2026
2435;384.2/2024;2024;Ministério da Gestão e da Inovação em Serviços Públicos;encerrado;Inscrições Encerradas;;3;;Brasília;Brasília(+1), órgão-alvo(+2);;Apoio a Execução Orçamentária e Financeira - Brasília - DF | Apoio administrativo a Gestão - Experiência em Operações Aéreas - Brasília - DF | Apoio administrativo a Gestão - Experiência em Gestão Pública - Brasília - DF | Apoio administrativo a Gestão - Experiência em logística de transporte aéreo - Boa Vista - RR | Apoio a licitações e contratos - Experiência em licitações e contratos - Brasília;https://oportunidades.sigepe.gov.br/oportunidades-portal/api/html/2435;21/08/2026;21/08/2026
2434;390.2/2024;2024;Agência Nacional de Aviação Civil;encerrado;Inscrições Encerradas;;0;;;;;Analista Corregedoria;https://oportunidades.sigepe.gov.br/oportunidades-portal/api/html/2434;21/08/2026;21/08/2026
2433;386.2/2024;2024;Ministério da Gestão e da Inovação em Serviços Públicos;encerrado;Inscrições Encerradas;;4;coordenador (1.10);Brasília;coordenador (1.10)(+1), Brasília(+1), órgão-alvo(+2);;Coordenador(a)  FCE 1.10.;https://oportunidades.sigepe.gov.br/oportunidades-portal/api/html/2433;21/08/2026;21/08/2026
2432;380/2024;2024;Ministério da Agricultura e Pecuária;encerrado;Inscrições Encerradas;;0;;;;;Orçamento e finanças (Divisão de Planejamento Orçamentário e Financeiro - DIPOF-SC) | Gestão de pessoas (Serviço de Gestão de Pessoas - SEGP-SC) | Aquisições e gestão das contratações (Divisão de Aquisições e Logística -DIAL-SC);https://oportunidades.sigepe.gov.br/oportunidades-portal/api/html/2432;21/08/2026;21/08/2026
2427;388.1/2024;2024;Fundação Casa de Rui Barbosa;encerrado;Inscrições Encerradas;;-3;;;gratificação técnica(-3);;GSISTE - Nível Superior para Engenheiro Civil;https://oportunidades.sigepe.gov.br/oportunidades-portal/api/html/2427;21/08/2026;21/08/2026
2426;;;- Edital N°: 382/2024;encerrado;Inscrições Encerradas;;2;;;órgão-alvo(+2);;01 vaga para trabalho em PGD integral ou parcial;https://oportunidades.sigepe.gov.br/oportunidades-portal/api/html/2426;21/08/2026;21/08/2026
2425;;;- Edital N°: 392.1/2024;encerrado;Inscrições Encerradas;;-3;;;gratificação técnica(-3);;GSISTE NÍVEL SUPERIOR;https://oportunidades.sigepe.gov.br/oportunidades-portal/api/html/2425;21/08/2026;21/08/2026
2423;378.2/2024;2024;Ministério da Ciência, Tecnologia e Inovação;encerrado;Inscrições Encerradas;;-1;;;órgão-alvo(+2), gratificação técnica(-3);;GSISTE-SIGA (Sistema de Gestão de Documentos e Arquivos);https://oportunidades.sigepe.gov.br/oportunidades-portal/api/html/2423;21/08/2026;21/08/2026
2422;376.1/2024;2024;Departamento Nacional de Infraestrutura de Transportes;encerrado;Inscrições Encerradas;;-4;;Finanças - SRE/SP;Finanças - SRE/SP(-5), infraestrutura(+1);;Servidores para atuar na Coordenação de Administração e Finanças - SRE/SP;https://oportunidades.sigepe.gov.br/oportunidades-portal/api/html/2422;21/08/2026;21/08/2026
2421;375.1/2024;2024;Departamento Nacional de Infraestrutura de Transportes;encerrado;Inscrições Encerradas;;-4;;Engenharia Aquaviária - SRE/SP;Engenharia Aquaviária - SRE/SP(-5), infraestrutura(+1);;Servidores para atuar na Coordenação de Engenharia Aquaviária - SRE/SP;https://oportunidades.sigepe.gov.br/oportunidades-portal/api/html/2421;21/08/2026;21/08/2026
2420;374.1/2024;2024;Departamento Nacional de Infraestrutura de Transportes;encerrado;Inscrições Encerradas;;-4;;Engenharia Terrestre - SRE/SP;Engenharia Terrestre - SRE/SP(-5), infraestrutura(+1);;Servidores para atuar na Coordenação de Engenharia Terrestre - SRE/SP;https://oportunidades.sigepe.gov.br/oportunidades-portal/api/html/2420;21/08/2026;21/08/2026
2419;373.1/2024;2024;Departamento Nacional de Infraestrutura de Transportes;encerrado;Inscrições Encerradas;;-2;chefia baixa;;chefia baixa(-3), infraestrutura(+1);;Chefe do Serviço de Apoio Administrativo/Diretoria de Infraestrutura Ferroviária - FCE 1.02;https://oportunidades.sigepe.gov.br/oportunidades-portal/api/html/2419;21/08/2026;21/08/2026
2418;372.2/2024;2024;Departamento Nacional de Infraestrutura de Transportes;encerrado;Inscrições Encerradas;;2;coordenador (1.10);;coordenador (1.10)(+1), infraestrutura(+1);;Servidor para compor a COM/CGMGE e atuar como Coordenador de Modernização substituto - FCE 1.10;https://oportunidades.sigepe.gov.br/oportunidades-portal/api/html/2418;21/08/2026;21/08/2026
2417;495.2/2024;2024;Ministério da Saúde;encerrado;Inscrições Encerradas;;-3;;SAA/SE;SAA/SE(-5), órgão-alvo(+2);;FISCALIZAÇÃO DE CONTRATOS | FISCALIZAÇÃO DE CONTRATOS | APOIO TÉCNICO;https://oportunidades.sigepe.gov.br/oportunidades-portal/api/html/2417;21/08/2026;21/08/2026
2415;367/2024;2024;Ministério da Defesa;encerrado;Inscrições Encerradas;;-3;;;gratificação técnica(-3);;GSISTE/CIPEF -   nível superior;https://oportunidades.sigepe.gov.br/oportunidades-portal/api/html/2415;21/08/2026;21/08/2026
2413;364.3/2024;2024;Ministério da Pesca e Aquicultura;encerrado;Inscrições Encerradas;;1;coordenador (1.10);;coordenador (1.10)(+1);;FCE -1.11 (Coordenador de Aquisições, Licitações e Convênios);https://oportunidades.sigepe.gov.br/oportunidades-portal/api/html/2413;21/08/2026;21/08/2026
2412;361.2/2024;2024;Ministério do Desenvolvimento Agrário e Agricultura Familiar;encerrado;Inscrições Encerradas;;-6;;GAB/SE;GAB/SE(-5), órgão-alvo(+2), gratificação técnica(-3);;GAB/SE -  1 (uma) vaga de GSISTE - SIORG, NIVEL SUPERIOR;https://oportunidades.sigepe.gov.br/oportunidades-portal/api/html/2412;21/08/2026;21/08/2026
2411;360.2/2024;2024;Instituto do Patrimônio Histórico e Artístico Nacional;encerrado;Inscrições Encerradas;;-8;chefia baixa;Goiânia/GO;chefia baixa(-3), Goiânia/GO(-5);;FCE 2.01 Assistente Técnico - COADM-GO;https://oportunidades.sigepe.gov.br/oportunidades-portal/api/html/2411;21/08/2026;21/08/2026
2410;371.2/2024;2024;Agência Nacional de Águas e Saneamento Básico;encerrado;Inscrições Encerradas;;-7;;;gratificação técnica(-3), nível médio/intermediário(-4);nível médio/intermediário;GSISTE - NI | GSISTE - NS;https://oportunidades.sigepe.gov.br/oportunidades-portal/api/html/2410;21/08/2026;21/08/2026
2406;359.1/2024;2024;Ministério do Desenvolvimento Agrário e Agricultura Familiar;encerrado;Inscrições Encerradas;;-1;chefia baixa;;chefia baixa(-3), órgão-alvo(+2);;CGSOM -  1 (uma) vaga de Chefe de Divisão, código FCE 1.07, NÍVEL SUPERIOR.;https://oportunidades.sigepe.gov.br/oportunidades-portal/api/html/2406;21/08/2026;21/08/2026
2405;358.1/2024;2024;Ministério do Desenvolvimento Agrário e Agricultura Familiar;encerrado;Inscrições Encerradas;;-1;chefia baixa;;chefia baixa(-3), órgão-alvo(+2);;CGDTM -  1 (uma) vaga de Chefe de Divisão, código FCE 1.07, NÍVEL SUPERIOR.;https://oportunidades.sigepe.gov.br/oportunidades-portal/api/html/2405;21/08/2026;21/08/2026
2404;357.1/2024;2024;Ministério do Desenvolvimento Agrário e Agricultura Familiar;encerrado;Inscrições Encerradas;;3;coordenador (1.10);;coordenador (1.10)(+1), órgão-alvo(+2);;1 (uma) vaga de Coordenador da CGDTM, código FCE 1.10;https://oportunidades.sigepe.gov.br/oportunidades-portal/api/html/2404;21/08/2026;21/08/2026
2401;353.2/2024;2024;Ministério do Desenvolvimento Agrário e Agricultura Familiar;encerrado;Inscrições Encerradas;;-1;;;órgão-alvo(+2), gratificação técnica(-3);;GSISTE - Nível Superior - Coordenação de Contabilidade (01 vaga);https://oportunidades.sigepe.gov.br/oportunidades-portal/api/html/2401;21/08/2026;21/08/2026
2400;377.1/2024;2024;Ministério dos Povos Indígenas;encerrado;Inscrições Encerradas;;1;coordenador (1.10);;coordenador (1.10)(+1);;Assessor Técnico - FCE 2.10;https://oportunidades.sigepe.gov.br/oportunidades-portal/api/html/2400;21/08/2026;21/08/2026
2396;362/2024;2024;Ministério do Planejamento e Orçamento;encerrado;Inscrições Encerradas;;2;;Brasília;Brasília(+1), avaliação de políticas(+2), monitoramento e avaliação(+2), políticas públicas(+1), infraestrutura(+1), órgão-alvo(+2), gratificação técnica(-3), nível médio/intermediário(-4);nível médio/intermediário;SETRA/SOF - GSISTE Órgão Central;https://oportunidades.sigepe.gov.br/oportunidades-portal/api/html/2396;21/08/2026;21/08/2026
2393;366/2024;2024;Conselho Administrativo de Defesa Econômica;encerrado;Inscrições Encerradas;;0;;;;;Analista de Business Intelligence | Virtualização | DevOps | Governança de TI | Analista de Dados | Redes/Data Center | SOC (Security Operations Center) | Planejamento de Contratações TIC | Windows/Microsoft | Backup | Segurança em Microsoft/Windows/Azure | Analista de Processo de Negócio | Arquiteto de Software | Desenvolvimento de Sistemas | Auditoria de Segurança | Storage | Pentest;https://oportunidades.sigepe.gov.br/oportunidades-portal/api/html/2393;21/08/2026;21/08/2026
2390;;;- Edital N°: 355/2024;encerrado;Inscrições Encerradas;;2;;;órgão-alvo(+2);;01 vaga para Chefia de Divisão - SDIC-MDIC;https://oportunidades.sigepe.gov.br/oportunidades-portal/api/html/2390;21/08/2026;21/08/2026
2389;344.3/2024;2024;Ministério da Fazenda;encerrado;Inscrições Encerradas;;-5;;;órgão-alvo(+2), gratificação técnica(-3), nível médio/intermediário(-4);nível médio/intermediário;Administração Financeira Federal - Gsiste nível superior | Administração Financeira Federal - Gsiste nível intermediário;https://oportunidades.sigepe.gov.br/oportunidades-portal/api/html/2389;21/08/2026;21/08/2026
2387;342.6/2024;2024;Ministério da Fazenda;encerrado;Inscrições Encerradas;;0;coordenador (1.10);;coordenador (1.10)(+1), órgão-alvo(+2), gratificação técnica(-3);;Chefe da Divisão de Documentação - FCE 1.07 | Chefe da Divisão de Patrimônio - FCE 1.07 | Chefe do Serviço de Manutenção - FCE 1.05 | Coordenador de Gestão de Espaços Físicos - FCE 1.10 | Assistente Técnico - CCE 2.01 + GSISTE NS | Chefe da Divisão de Engenharia - FCE 1.07 | Chefe do Serviço de Apoio às contratações - FCE 1.05 | Chefe da Divisão de Compras - FCE 1.07 | Coordenador de Compras e Con;https://oportunidades.sigepe.gov.br/oportunidades-portal/api/html/2387;21/08/2026;21/08/2026
2386;339.1/2024;2024;Ministério da Agricultura e Pecuária;encerrado;Inscrições Encerradas;;0;;;;;CHEFIA DO NÚCLEO DE GESTÃO DE CONTRATOS DO LFDA-PE (SDA/DETEC/CGAL/LFDA-PE);https://oportunidades.sigepe.gov.br/oportunidades-portal/api/html/2386;21/08/2026;21/08/2026
2384;345.1/2024;2024;Ministério da Saúde;encerrado;Inscrições Encerradas;;3;;Brasília;Brasília(+1), órgão-alvo(+2);;Gestão Técnica e Administrativa;https://oportunidades.sigepe.gov.br/oportunidades-portal/api/html/2384;21/08/2026;21/08/2026
2383;335/2024;2024;Instituto do Patrimônio Histórico e Artístico Nacional;encerrado;Inscrições Encerradas;;7;secretário/diretor;Brasília;secretário/diretor(+6), Brasília(+1);;FCE 1.10 de Diretor do Centro de Documentação do Patrimônio - CDP/DAFE/IPHAN;https://oportunidades.sigepe.gov.br/oportunidades-portal/api/html/2383;21/08/2026;21/08/2026
2381;336/2024;2024;Ministério da Gestão e da Inovação em Serviços Públicos;encerrado;Inscrições Encerradas;;3;coordenador (1.10);;coordenador (1.10)(+1), órgão-alvo(+2);;FCE 1.10 - Coordenador para atuação na Coordenação-Geral de Qualidade do Gasto Público das Estatais;https://oportunidades.sigepe.gov.br/oportunidades-portal/api/html/2381;21/08/2026;21/08/2026
2380;333.1/2024;2024;Instituto do Patrimônio Histórico e Artístico Nacional;encerrado;Inscrições Encerradas;;-1;chefia baixa;;chefia baixa(-3), monitoramento e avaliação(+2);;FCE 2.01 Coordenação de Monitoramento e Avaliação da Salvaguarda de Bens Registrados;https://oportunidades.sigepe.gov.br/oportunidades-portal/api/html/2380;21/08/2026;21/08/2026
2379;332/2024;2024;Instituto do Patrimônio Histórico e Artístico Nacional;encerrado;Inscrições Encerradas;;-2;chefia baixa;Brasília;chefia baixa(-3), Brasília(+1);;FUNÇÃO COMISSIONADA EXECUTIVA - FCE 2.01;https://oportunidades.sigepe.gov.br/oportunidades-portal/api/html/2379;21/08/2026;21/08/2026
2378;356.1/2024;2024;Ministério da Gestão e da Inovação em Serviços Públicos;encerrado;Inscrições Encerradas;;-5;;;órgão-alvo(+2), gratificação técnica(-3), nível médio/intermediário(-4);nível médio/intermediário;GSISTE NI - Divisão de Arquivo e Protocolo do MGI | GSISTE NS - Divisão de Arquivo e Protocolo;https://oportunidades.sigepe.gov.br/oportunidades-portal/api/html/2378;21/08/2026;21/08/2026
2377;331.1/2024;2024;Ministério do Desenvolvimento Agrário e Agricultura Familiar;encerrado;Inscrições Encerradas;;3;coordenador (1.10);;coordenador (1.10)(+1), órgão-alvo(+2);;Coordenador FCE 1.10 - Coordenação de Administração e Desenvolvimento de Pessoas - CADPES/MDA;https://oportunidades.sigepe.gov.br/oportunidades-portal/api/html/2377;21/08/2026;21/08/2026
2376;340.1/2024;2024;Ministério da Fazenda;encerrado;Inscrições Encerradas;;-1;;;órgão-alvo(+2), gratificação técnica(-3);;01 GSISTE de nível superior;https://oportunidades.sigepe.gov.br/oportunidades-portal/api/html/2376;21/08/2026;21/08/2026
2375;329.3/2024;2024;Ministério da Cultura;encerrado;Inscrições Encerradas;;-3;;;gratificação técnica(-3);;GRATIFICACAO DE EXERCÍCIO - GSISTE - SIPEC - NS;https://oportunidades.sigepe.gov.br/oportunidades-portal/api/html/2375;21/08/2026;21/08/2026
2374;389.2/2024;2024;Ministério da Fazenda;encerrado;Inscrições Encerradas;;-1;chefia baixa;;chefia baixa(-3), órgão-alvo(+2);;Chefe da Divisão de Movimentação de Pessoal - FCE 1.07 | Assistente - FCE 2.07;https://oportunidades.sigepe.gov.br/oportunidades-portal/api/html/2374;21/08/2026;21/08/2026
2373;347.3/2024;2024;Departamento Nacional de Infraestrutura de Transportes;encerrado;Inscrições Encerradas;;-2;chefia baixa;;chefia baixa(-3), infraestrutura(+1);;Chefe do Setor de Apoio Técnico (FCE 1.02) - Coordenação-Geral de Obras Aquaviárias/DAQ | Chefe do Setor de Apoio Técnico (FCE 1.02) - DAQ | Chefe do Serviço de Apoio Administrativo (FCE 1.02) - DAQ;https://oportunidades.sigepe.gov.br/oportunidades-portal/api/html/2373;21/08/2026;21/08/2026
2372;330.2/2024;2024;Agência Espacial Brasileira;encerrado;Inscrições Encerradas;;3;coordenador (1.10);;coordenador (1.10)(+1), espacial(+2);;Coordenador (a) de Relações Institucionais - FCE 1.11;https://oportunidades.sigepe.gov.br/oportunidades-portal/api/html/2372;21/08/2026;21/08/2026
2371;328.2/2024;2024;Ministério dos Transportes;encerrado;Inscrições Encerradas;;7;coordenador-geral;;coordenador-geral(+5), órgão-alvo(+2);;Cargos Comissionados Executivos  CCE 1.13 | FUNÇÃO COMISSIONADA EXECUTIVA FCE 1.10 | FUNÇÃO COMISSIONADA EXECUTIVA FCE 1.10 | FUNÇÃO COMISSIONADA EXECUTIVA FCE 1.10;https://oportunidades.sigepe.gov.br/oportunidades-portal/api/html/2371;21/08/2026;21/08/2026
2370;326.2/2024;2024;Ministério da Fazenda;encerrado;Inscrições Encerradas;;3;coordenador (1.10);;coordenador (1.10)(+1), órgão-alvo(+2);;Assistente de Contabilidade FCE 2.10;https://oportunidades.sigepe.gov.br/oportunidades-portal/api/html/2370;21/08/2026;21/08/2026
2369;325.3/2024;2024;Instituto de Pesquisa Econômica Aplicada;encerrado;Inscrições Encerradas;;1;;Brasília;Brasília(+1);;Auditor Interno;https://oportunidades.sigepe.gov.br/oportunidades-portal/api/html/2369;21/08/2026;21/08/2026
2367;338.1/2024;2024;Ministério da Fazenda;encerrado;Inscrições Encerradas;;-5;;;órgão-alvo(+2), gratificação técnica(-3), nível médio/intermediário(-4);nível médio/intermediário;Contador -  5 - GSISTES de nível Superior | Contador -  5 - GSISTES de nível Médio;https://oportunidades.sigepe.gov.br/oportunidades-portal/api/html/2367;21/08/2026;21/08/2026
2365;324.1/2024;2024;Ministério da Saúde;encerrado;Inscrições Encerradas;;-2;;;órgão-alvo(+2), nível médio/intermediário(-4);nível médio/intermediário;1 VAGA 100% REMOTO | 1 VAGA FCE 4.05 - PGD PARCIAL;https://oportunidades.sigepe.gov.br/oportunidades-portal/api/html/2365;21/08/2026;21/08/2026
2364;319.1/2024;2024;Ministério da Justiça e Segurança Pública;encerrado;Inscrições Encerradas;;3;;Brasília;Brasília(+1), órgão-alvo(+2);;COMPOR FORÇA DE TRABALHO NA COORDENAÇÃO-GERAL DE ARQUITETURA E ENGENHARIA - ENGENHARIA ELÉTRICA;https://oportunidades.sigepe.gov.br/oportunidades-portal/api/html/2364;21/08/2026;21/08/2026
2363;320.3/2024;2024;Ministério da Saúde;encerrado;Inscrições Encerradas;;-3;;SEGEP/PR;SEGEP/PR(-5), órgão-alvo(+2);;SEGEP/PR | DITRE/PR | SEINP/PR | SELOA/PR;https://oportunidades.sigepe.gov.br/oportunidades-portal/api/html/2363;21/08/2026;21/08/2026
2362;337.2/2024;2024;Ministério do Meio Ambiente e Mudança do Clima;encerrado;Inscrições Encerradas;;-1;;;órgão-alvo(+2), gratificação técnica(-3);;GSISP de Nível Superior;https://oportunidades.sigepe.gov.br/oportunidades-portal/api/html/2362;21/08/2026;21/08/2026
2361;309.2/2024;2024;Departamento Nacional de Infraestrutura de Transportes;encerrado;Inscrições Encerradas;;-2;chefia baixa;;chefia baixa(-3), infraestrutura(+1);;Chefe do Serviço da Unidade Local de Bauru;https://oportunidades.sigepe.gov.br/oportunidades-portal/api/html/2361;21/08/2026;21/08/2026
2359;310.2/2024;2024;Departamento Nacional de Infraestrutura de Transportes;encerrado;Inscrições Encerradas;;-7;chefia baixa;Informática - SRE/SP;chefia baixa(-3), Informática - SRE/SP(-5), infraestrutura(+1);;Chefe de Serviço de Recursos Logísticos e Informática - SRE/SP;https://oportunidades.sigepe.gov.br/oportunidades-portal/api/html/2359;21/08/2026;21/08/2026
2357;306/2024;2024;Conselho Nacional de Desenvolvimento Científico e Tecnológico;encerrado;Inscrições Encerradas;;0;;;;;Coordenação-Geral de Administração e Logística;https://oportunidades.sigepe.gov.br/oportunidades-portal/api/html/2357;21/08/2026;21/08/2026
2354;;;- Edital N°: 302/2024;encerrado;Inscrições Encerradas;;-7;chefia baixa;;chefia baixa(-3), nível médio/intermediário(-4);nível médio/intermediário;Função Comissionada Executiva, código FCE 3.04;https://oportunidades.sigepe.gov.br/oportunidades-portal/api/html/2354;21/08/2026;21/08/2026
2352;365.1/2024;2024;Instituto Brasileiro de Museus;encerrado;Inscrições Encerradas;;0;;;;;NÍVEL SUPERIOR - ÁREA ADMINISTRATIVA | NÍVEL SUPERIOR - ÁREA DE COMUNICAÇÃO | NÍVEL SUPERIOR -  ÁREA TÉCNICA - MUSEÓLOGO | NÍVEL SUPERIOR -  ÁREA TÉCNICA - BIBLIOTECÁRIO | NÍVEL SUPERIOR - ÁREA TÉCNICA - TÉCNICO EM ASSUNTOS EDUCACIONAIS | NÍVEL SUPERIOR -  ÁREA TÉCNICA - CONSERVADOR E RESTAURADOR | NÍVEL SUPERIOR -  ÁREA TÉCNICA - ARQUIVOLOGIA;https://oportunidades.sigepe.gov.br/oportunidades-portal/api/html/2352;21/08/2026;21/08/2026
2351;316.7/2024;2024;Ministério da Gestão e da Inovação em Serviços Públicos;encerrado;Inscrições Encerradas;;2;;;órgão-alvo(+2);;Uma vaga para atuar no Gabinete da Secretaria de Governo Digital do MGI - trabalho remoto.;https://oportunidades.sigepe.gov.br/oportunidades-portal/api/html/2351;21/08/2026;21/08/2026
2349;350/2024;2024;COMPANHIA DE PESQUISA DE REC. MINERAIS;encerrado;Inscrições Encerradas;;0;;;;;Núcleo de Comunicação 07 | Núcleo de Comunicação 06 | Núcleo de Comunicação 01 | Núcleo de Comunicação 05 | Núcleo de Comunicação 03 | Núcleo de Comunicação 08 | Núcleo de Comunicação 02 | Núcleo de Comunicação 12 | Núcleo de Comunicação 04 | Núcleo de Comunicação 10 | Núcleo de Comunicação 09 | Núcleo de Comunicação 11;https://oportunidades.sigepe.gov.br/oportunidades-portal/api/html/2349;21/08/2026;21/08/2026
2342;298.1/2024;2024;Ministério da Justiça e Segurança Pública;encerrado;Inscrições Encerradas;;3;coordenador (1.10);;coordenador (1.10)(+1), órgão-alvo(+2);;ASSESSOR TÉCNICO ESPECIALIZADO, FCE 4.03, NO SERVIÇO DE MÍDIA DIGITAL E AUDIOVISUAL;https://oportunidades.sigepe.gov.br/oportunidades-portal/api/html/2342;21/08/2026;21/08/2026
2340;317.1/2024;2024;Ministério da Gestão e da Inovação em Serviços Públicos;encerrado;Inscrições Encerradas;;2;;;órgão-alvo(+2);;Apoio na Coordenação de Governança das Unidades Descentralizadas;https://oportunidades.sigepe.gov.br/oportunidades-portal/api/html/2340;21/08/2026;21/08/2026
2337;291/2024;2024;Ministério da Gestão e da Inovação em Serviços Públicos;encerrado;Inscrições Encerradas;;-1;;;órgão-alvo(+2), gratificação técnica(-3);;GSISTE NS;https://oportunidades.sigepe.gov.br/oportunidades-portal/api/html/2337;21/08/2026;21/08/2026
2335;289.2/2024;2024;Instituto de Pesquisa Econômica Aplicada;encerrado;Inscrições Encerradas;;2;;;órgão-alvo(+2);;Ouvidor;https://oportunidades.sigepe.gov.br/oportunidades-portal/api/html/2335;21/08/2026;21/08/2026
2334;292.1/2024;2024;Ministério da Saúde;encerrado;Inscrições Encerradas;;-1;;Brasília;Brasília(+1), órgão-alvo(+2), nível médio/intermediário(-4);nível médio/intermediário;Estágio - Nível médio ou Superior;https://oportunidades.sigepe.gov.br/oportunidades-portal/api/html/2334;21/08/2026;21/08/2026
2332;307.1/2024;2024;Departamento Nacional de Infraestrutura de Transportes;encerrado;Inscrições Encerradas;;1;;;infraestrutura(+1);;Assistente Técnico - Coordenação de Assuntos Parlamentares/Diretoria Geral do DNIT;https://oportunidades.sigepe.gov.br/oportunidades-portal/api/html/2332;21/08/2026;21/08/2026
2331;308.1/2024;2024;Departamento Nacional de Infraestrutura de Transportes;encerrado;Inscrições Encerradas;;-7;chefia baixa;SRE/SP;chefia baixa(-3), SRE/SP(-5), infraestrutura(+1);;Chefe do Serviço da Unidade Local de Presidente Epitácio - FCE 1.05 (SRE/SP);https://oportunidades.sigepe.gov.br/oportunidades-portal/api/html/2331;21/08/2026;21/08/2026
2329;313.2/2024;2024;Departamento Nacional de Infraestrutura de Transportes;encerrado;Inscrições Encerradas;;-7;chefia baixa;CEA-SRE/SP;chefia baixa(-3), CEA-SRE/SP(-5), infraestrutura(+1);;Chefe do Serviço de Operações Terrestres - FCE 1.05 (CEA-SRE/SP);https://oportunidades.sigepe.gov.br/oportunidades-portal/api/html/2329;21/08/2026;21/08/2026
2328;315.2/2024;2024;Departamento Nacional de Infraestrutura de Transportes;encerrado;Inscrições Encerradas;;1;;;infraestrutura(+1);;Serviço de Gestão de Pessoas - SGP/SRE TO;https://oportunidades.sigepe.gov.br/oportunidades-portal/api/html/2328;21/08/2026;21/08/2026
2327;314.2/2024;2024;Departamento Nacional de Infraestrutura de Transportes;encerrado;Inscrições Encerradas;;-4;;Unidade Local de Mafra - SRE/SC;Unidade Local de Mafra - SRE/SC(-5), infraestrutura(+1);;Técnico de Suporte em Infraestrutura de Transportes - Unidade Local de Mafra - SRE/SC;https://oportunidades.sigepe.gov.br/oportunidades-portal/api/html/2327;21/08/2026;21/08/2026
2326;283/2024;2024;Instituto do Patrimônio Histórico e Artístico Nacional;encerrado;Inscrições Encerradas;;-3;chefia baixa;;chefia baixa(-3);;FCE 1.07 COAPE/COGEP/DPA;https://oportunidades.sigepe.gov.br/oportunidades-portal/api/html/2326;21/08/2026;21/08/2026
2322;280/2024;2024;Instituto do Patrimônio Histórico e Artístico Nacional;encerrado;Inscrições Encerradas;;-3;chefia baixa;;chefia baixa(-3);;FCE 1.05 de Chefe do Serviço de Gestão, Monitoramento e Acompanhamento;https://oportunidades.sigepe.gov.br/oportunidades-portal/api/html/2322;21/08/2026;21/08/2026
2321;277.1/2024;2024;Ministério dos Transportes;encerrado;Inscrições Encerradas;;2;;;órgão-alvo(+2);;Composição de Força de Trabalho;https://oportunidades.sigepe.gov.br/oportunidades-portal/api/html/2321;21/08/2026;21/08/2026
2318;297.1/2024;2024;Ministério da Saúde;encerrado;Inscrições Encerradas;;3;;Brasília;Brasília(+1), órgão-alvo(+2);;Fiscal de Contrato - CGLAB/SVSA/MS;https://oportunidades.sigepe.gov.br/oportunidades-portal/api/html/2318;21/08/2026;21/08/2026
2315;279.1/2024;2024;Instituto do Patrimônio Histórico e Artístico Nacional;encerrado;Inscrições Encerradas;;-2;chefia baixa;Brasília;chefia baixa(-3), Brasília(+1);;FCE 1.05 de Chefe do Serviço de Escritório de Projetos e Processos - DPA/IPHAN;https://oportunidades.sigepe.gov.br/oportunidades-portal/api/html/2315;21/08/2026;21/08/2026
2312;272.2/2024;2024;Instituto do Patrimônio Histórico e Artístico Nacional;encerrado;Inscrições Encerradas;;-2;;Brasília;Brasília(+1), gratificação técnica(-3);;GSISTE SIPEC Nível Superior na Coordenação de Normas, Procedimentos Judiciais e Benefícios - IPHAN;https://oportunidades.sigepe.gov.br/oportunidades-portal/api/html/2312;21/08/2026;21/08/2026
2311;273.1/2024;2024;Ministério da Ciência, Tecnologia e Inovação;encerrado;Inscrições Encerradas;;-1;chefia baixa;;chefia baixa(-3), órgão-alvo(+2);;Chefe do Serviço de Orçamento e Finanças - FCE 1.05;https://oportunidades.sigepe.gov.br/oportunidades-portal/api/html/2311;21/08/2026;21/08/2026
2310;276/2024;2024;Conselho Nacional de Desenvolvimento Científico e Tecnológico;encerrado;Inscrições Encerradas;;0;;;;;Coordenação-Geral de Cooperação Nacional em C&T;https://oportunidades.sigepe.gov.br/oportunidades-portal/api/html/2310;21/08/2026;21/08/2026
2309;269.1/2024;2024;Fundação Cultural Palmares;encerrado;Inscrições Encerradas;;-3;coordenador (1.10);;coordenador (1.10)(+1), nível médio/intermediário(-4);nível médio/intermediário;Função Comissionada Executiva, código FCE 3.10;https://oportunidades.sigepe.gov.br/oportunidades-portal/api/html/2309;21/08/2026;21/08/2026
2308;295.2/2024;2024;Ministério da Saúde;encerrado;Inscrições Encerradas;;-3;;SEGEP/SC;SEGEP/SC(-5), órgão-alvo(+2);;SEGEP/SC - SIASS | SEGEP/SC - Ativos/Cadastro | SEGEP/SC - Frequência | SEGEP/SC - Inativos | SIASS - Médico Perito | SEGEP/SC - Pagamento | SEGEP/SC - Ações Judiciais;https://oportunidades.sigepe.gov.br/oportunidades-portal/api/html/2308;21/08/2026;21/08/2026
2307;341.2/2024;2024;Agência Brasileira de Inteligência;encerrado;Inscrições Encerradas;;0;;;;;Eventos e Cerimonial;https://oportunidades.sigepe.gov.br/oportunidades-portal/api/html/2307;21/08/2026;21/08/2026
2306;268.1/2024;2024;Ministério da Fazenda;encerrado;Inscrições Encerradas;;3;coordenador (1.10);;coordenador (1.10)(+1), órgão-alvo(+2);;Função Comissionada Executiva - FCE 4.04 - Assessor(a) Técnico(a) Especializado(a);https://oportunidades.sigepe.gov.br/oportunidades-portal/api/html/2306;21/08/2026;21/08/2026
2305;284/2024;2024;Agência Nacional de Saúde Suplementar;encerrado;Inscrições Encerradas;;0;;;;;GEEIQ;https://oportunidades.sigepe.gov.br/oportunidades-portal/api/html/2305;21/08/2026;21/08/2026
2302;265/2024;2024;Ministério da Gestão e da Inovação em Serviços Públicos;encerrado;Inscrições Encerradas;;2;;;órgão-alvo(+2);;COMPOSIÇÃO DE FORÇA DE TRABALHO NA CGGE/DOGES;https://oportunidades.sigepe.gov.br/oportunidades-portal/api/html/2302;21/08/2026;21/08/2026
2299;262.1/2024;2024;Ministério da Gestão e da Inovação em Serviços Públicos;encerrado;Inscrições Encerradas;;-1;;;órgão-alvo(+2), gratificação técnica(-3);;GSISTE NS;https://oportunidades.sigepe.gov.br/oportunidades-portal/api/html/2299;21/08/2026;21/08/2026
2295;264.2/2024;2024;Ministério da Gestão e da Inovação em Serviços Públicos;encerrado;Inscrições Encerradas;;-1;;;órgão-alvo(+2), gratificação técnica(-3);;GSISP-NS para atuar na CGGOV da Secretaria de Governo Digital/MGI;https://oportunidades.sigepe.gov.br/oportunidades-portal/api/html/2295;21/08/2026;21/08/2026
2294;266.8/2024;2024;Ministério da Gestão e da Inovação em Serviços Públicos;encerrado;Inscrições Encerradas;;-1;;;órgão-alvo(+2), gratificação técnica(-3);;FCE 4.04 | GSISTE de Nível superior | FCE 4.03;https://oportunidades.sigepe.gov.br/oportunidades-portal/api/html/2294;21/08/2026;21/08/2026
2292;260/2024;2024;Ministério da Gestão e da Inovação em Serviços Públicos;encerrado;Inscrições Encerradas;;2;;;órgão-alvo(+2);;DIVISÃO DE APURAÇÕES DE RESPONSABILIDADE DE LICITANTES - DIARE;https://oportunidades.sigepe.gov.br/oportunidades-portal/api/html/2292;21/08/2026;21/08/2026
2290;259.2/2024;2024;Ministério da Gestão e da Inovação em Serviços Públicos;encerrado;Inscrições Encerradas;;-5;;;órgão-alvo(+2), gratificação técnica(-3), nível médio/intermediário(-4);nível médio/intermediário;GSISTE NI, no valor de R$ 2.246,00 (dois mil, duzentos e quarenta e seis reais).;https://oportunidades.sigepe.gov.br/oportunidades-portal/api/html/2290;21/08/2026;21/08/2026
2289;261.3/2024;2024;Ministério da Gestão e da Inovação em Serviços Públicos;encerrado;Inscrições Encerradas;;-1;chefia baixa;;chefia baixa(-3), órgão-alvo(+2);;Chefe de Divisão de Pesquisa de Satisfação de Serviços;https://oportunidades.sigepe.gov.br/oportunidades-portal/api/html/2289;21/08/2026;21/08/2026
2287;274.3/2024;2024;Ministério da Gestão e da Inovação em Serviços Públicos;encerrado;Inscrições Encerradas;;-1;;;órgão-alvo(+2), gratificação técnica(-3);;GSISTE DE NIVEL SUPERIOR;https://oportunidades.sigepe.gov.br/oportunidades-portal/api/html/2287;21/08/2026;21/08/2026
2285;254.2/2024;2024;Ministério da Justiça e Segurança Pública;encerrado;Inscrições Encerradas;;-1;;;órgão-alvo(+2), gratificação técnica(-3);;GSISTE - NÍVEL SUPERIOR - ÁREA FINANCEIRA DE LICITAÇÕES E CONTRATOS;https://oportunidades.sigepe.gov.br/oportunidades-portal/api/html/2285;21/08/2026;21/08/2026
2284;311.1/2024;2024;Ministério da Gestão e da Inovação em Serviços Públicos;encerrado;Inscrições Encerradas;;-1;;;órgão-alvo(+2), gratificação técnica(-3);;GSISTE  - Analista de Dados - Secretaria de Relações de Trabalho | GSISTE  - Analista de Dados - Secretaria de Relações de Trabalho;https://oportunidades.sigepe.gov.br/oportunidades-portal/api/html/2284;21/08/2026;21/08/2026
2283;;;- Edital N°: 247/2024;encerrado;Inscrições Encerradas;;-7;;;gratificação técnica(-3), nível médio/intermediário(-4);nível médio/intermediário;GSISTE - Nível Intermediário - Assistente na Área de Capacitação e Treinamento;https://oportunidades.sigepe.gov.br/oportunidades-portal/api/html/2283;21/08/2026;21/08/2026
2281;251.2/2024;2024;Agência Espacial Brasileira;encerrado;Inscrições Encerradas;;-2;;;espacial(+2), nível médio/intermediário(-4);nível médio/intermediário;Apoio à Gestão - Área de Tecnologia da Informação;https://oportunidades.sigepe.gov.br/oportunidades-portal/api/html/2281;21/08/2026;21/08/2026
2280;244.1/2024;2024;Ministério do Planejamento e Orçamento;encerrado;Inscrições Encerradas;;-1;;;órgão-alvo(+2), gratificação técnica(-3);;GSISTE;https://oportunidades.sigepe.gov.br/oportunidades-portal/api/html/2280;21/08/2026;21/08/2026
2279;255.2/2024;2024;Ministério da Fazenda;encerrado;Inscrições Encerradas;;3;coordenador (1.10);;coordenador (1.10)(+1), órgão-alvo(+2);;Coordenador - FCE 1.10;https://oportunidades.sigepe.gov.br/oportunidades-portal/api/html/2279;21/08/2026;21/08/2026
2278;245.1/2024;2024;Ministério da Justiça e Segurança Pública;encerrado;Inscrições Encerradas;;3;;Brasília;Brasília(+1), órgão-alvo(+2);;COMPOSIÇÃO DE FORÇA DE TRABALHO NA COORDENAÇÃO-GERAL DE ARQUITETURA E ENGENHARIA (ENGENHARIA CIVIL);https://oportunidades.sigepe.gov.br/oportunidades-portal/api/html/2278;21/08/2026;21/08/2026
2277;252.1/2024;2024;Ministério do Desenvolvimento, Indústria, Comércio e Serviços;encerrado;Inscrições Encerradas;;3;coordenador (1.10);;coordenador (1.10)(+1), órgão-alvo(+2);;Coordenador(a) de Acompanhamento Legislativo;https://oportunidades.sigepe.gov.br/oportunidades-portal/api/html/2277;21/08/2026;21/08/2026
2276;271.1/2024;2024;Ministério dos Transportes;encerrado;Inscrições Encerradas;;0;;;infraestrutura(+1), órgão-alvo(+2), gratificação técnica(-3);;GSISTE NS (SISG);https://oportunidades.sigepe.gov.br/oportunidades-portal/api/html/2276;21/08/2026;21/08/2026
2266;;;- Edital N°: 238/2024;encerrado;Inscrições Encerradas;;0;;;;;Gestão e fiscalização de contratos | Planejamento de Contratações;https://oportunidades.sigepe.gov.br/oportunidades-portal/api/html/2266;21/08/2026;21/08/2026
2265;234.2/2024;2024;Ministério da Ciência, Tecnologia e Inovação;encerrado;Inscrições Encerradas;;-1;chefia baixa;;chefia baixa(-3), órgão-alvo(+2);;3 vagas de Assistentes Técnicos (FCE 2.05) - Subsecretaria de Ciência e Tecnologia da Amazônia;https://oportunidades.sigepe.gov.br/oportunidades-portal/api/html/2265;21/08/2026;21/08/2026
2264;248.1/2024;2024;Ministério da Gestão e da Inovação em Serviços Públicos;encerrado;Inscrições Encerradas;;-5;;;órgão-alvo(+2), gratificação técnica(-3), nível médio/intermediário(-4);nível médio/intermediário;3 (três) vagas para GSISTE - SIPEC - Nível Intermediário | 1 vaga para GSISTE - SIPEC - Nível Superior - Arquivologia;https://oportunidades.sigepe.gov.br/oportunidades-portal/api/html/2264;21/08/2026;21/08/2026
2263;230/2024;2024;Conselho Nacional de Desenvolvimento Científico e Tecnológico;encerrado;Inscrições Encerradas;;0;;;;;Coordenação de Execução e Difusão de Prêmios Nacionais e Internacionais em CT&I - COEDP;https://oportunidades.sigepe.gov.br/oportunidades-portal/api/html/2263;21/08/2026;21/08/2026
2262;229.2/2024;2024;Ministério da Gestão e da Inovação em Serviços Públicos;encerrado;Inscrições Encerradas;;-1;;;órgão-alvo(+2), gratificação técnica(-3);;Processo seletivo para atuar na Corregedoria do MGI com percepção de GSISTE Nível Superior;https://oportunidades.sigepe.gov.br/oportunidades-portal/api/html/2262;21/08/2026;21/08/2026
2258;227.1/2024;2024;Ministério do Desenvolvimento Agrário e Agricultura Familiar;encerrado;Inscrições Encerradas;;-4;chefia baixa;;chefia baixa(-3), órgão-alvo(+2), gratificação técnica(-3);;1 (uma) vaga de Chefe de Divisão, código FCE 1.07, em conjunto com  1 GSISTE - SIPEC, NIVEL;https://oportunidades.sigepe.gov.br/oportunidades-portal/api/html/2258;21/08/2026;21/08/2026
2251;235.1/2024;2024;Ministério da Justiça e Segurança Pública;encerrado;Inscrições Encerradas;;2;;;órgão-alvo(+2);;COMPOSIÇÃO DE FORÇA DE TRABALHO NA COORDENAÇÃO-GERAL DE ARQUITETURA E ENGENHARIA;https://oportunidades.sigepe.gov.br/oportunidades-portal/api/html/2251;21/08/2026;21/08/2026
2250;225/2024;2024;Ministério da Ciência, Tecnologia e Inovação;encerrado;Inscrições Encerradas;;-1;;;órgão-alvo(+2), gratificação técnica(-3);;GSISTE de Nível superior (NS) - Assessoria de Estratégia e Governança - MCTI;https://oportunidades.sigepe.gov.br/oportunidades-portal/api/html/2250;21/08/2026;21/08/2026
2249;236.1/2024;2024;Ministério da Justiça e Segurança Pública;encerrado;Inscrições Encerradas;;3;coordenador (1.10);;coordenador (1.10)(+1), órgão-alvo(+2);;ASSESSOR TECNICO ESPECIALIZADO - FCE 4.03 -  GESTÃO DA ÁREA DE TV ABERTA;https://oportunidades.sigepe.gov.br/oportunidades-portal/api/html/2249;21/08/2026;21/08/2026
2245;216.1/2024;2024;Ministério da Gestão e da Inovação em Serviços Públicos;encerrado;Inscrições Encerradas;;-5;;;órgão-alvo(+2), gratificação técnica(-3), nível médio/intermediário(-4);nível médio/intermediário;GSISTE/NI ou NS para Divisão de Gestão Administrativa;https://oportunidades.sigepe.gov.br/oportunidades-portal/api/html/2245;21/08/2026;21/08/2026
2244;215/2024;2024;Instituto do Patrimônio Histórico e Artístico Nacional;encerrado;Inscrições Encerradas;;-8;chefia baixa;Administrativa do Paraná/PR;chefia baixa(-3), Administrativa do Paraná/PR(-5);;FCE 1.05 de Chefe de Serviço Administrativo na Divisão Administrativa do Paraná/PR;https://oportunidades.sigepe.gov.br/oportunidades-portal/api/html/2244;21/08/2026;21/08/2026
2243;220.1/2024;2024;Ministério da Saúde;encerrado;Inscrições Encerradas;;2;;;órgão-alvo(+2);;Nivel superior - ASCER/GM/MS;https://oportunidades.sigepe.gov.br/oportunidades-portal/api/html/2243;21/08/2026;21/08/2026
2242;237.1/2024;2024;Ministério da Gestão e da Inovação em Serviços Públicos;encerrado;Inscrições Encerradas;;2;;;órgão-alvo(+2);;Composição de força de trabalho na DIPAS/SRT/MGI;https://oportunidades.sigepe.gov.br/oportunidades-portal/api/html/2242;21/08/2026;21/08/2026
2240;239/2024;2024;Agência Nacional de Saúde Suplementar;encerrado;Inscrições Encerradas;;0;;;;;GEASI;https://oportunidades.sigepe.gov.br/oportunidades-portal/api/html/2240;21/08/2026;21/08/2026
2239;212.1/2024;2024;Ministério da Agricultura e Pecuária;encerrado;Inscrições Encerradas;;-6;chefia baixa;;chefia baixa(-3), gratificação técnica(-3);;FCE 1.03 e GSISTE NS;https://oportunidades.sigepe.gov.br/oportunidades-portal/api/html/2239;21/08/2026;21/08/2026
2235;218.1/2024;2024;Ministério do Trabalho e Emprego;encerrado;Inscrições Encerradas;;3;coordenador (1.10);;coordenador (1.10)(+1), órgão-alvo(+2);;Assessor Técnico Especializado  - FCE 4.04 | Chefe de Serviço de Apoio Cartorário - FCE 1.05 | Chefe de Divisão de Análise Patrimonial - FCE 1.07 | Chefe de Divisão de Informações Estratégicas - FCE 1.07;https://oportunidades.sigepe.gov.br/oportunidades-portal/api/html/2235;21/08/2026;21/08/2026
2233;213.1/2024;2024;Ministério da Gestão e da Inovação em Serviços Públicos;encerrado;Inscrições Encerradas;;3;;Brasília;Brasília(+1), órgão-alvo(+2);;Apoio a licitações e contratos - Ampla formação - Experiência em licitações e contratos - São Gabrie | Apoio a Gestão - Analista de Dados e Tecnologia da Informação - Brasília - DF | Apoio administrativo a Gestão/Ampla formação - Experiência em Gestão Pública - Brasília - DF | Apoio a Execução Orçamentária e Financeira - Ampla formação - Brasília - DF | Apoio a licitações e contratos - Ampla forma;https://oportunidades.sigepe.gov.br/oportunidades-portal/api/html/2233;21/08/2026;21/08/2026
2231;208.1/2024;2024;Instituto do Patrimônio Histórico e Artístico Nacional;encerrado;Inscrições Encerradas;;1;coordenador (1.10);;coordenador (1.10)(+1);;FCE 1.10 de Coordenador(a) de Articulação e Integração da Coordenação-Geral de Comunicação Instituci;https://oportunidades.sigepe.gov.br/oportunidades-portal/api/html/2231;21/08/2026;21/08/2026
2229;210.1/2024;2024;Ministério da Justiça e Segurança Pública;encerrado;Inscrições Encerradas;;3;;Brasília;Brasília(+1), órgão-alvo(+2);;COMPOSIÇÃO DE FORÇA DE TRABALHO NA COMISSÃO DE ÉTICA;https://oportunidades.sigepe.gov.br/oportunidades-portal/api/html/2229;21/08/2026;21/08/2026
2228;250.1/2024;2024;Ministério da Saúde;encerrado;Inscrições Encerradas;;2;;;órgão-alvo(+2);;INCA - RJ Engenheiro em Segurança do Trabalho | INCA - RJ Técnico em Segurança do Trabalho;https://oportunidades.sigepe.gov.br/oportunidades-portal/api/html/2228;21/08/2026;21/08/2026
2227;209.1/2024;2024;Ministério do Meio Ambiente e Mudança do Clima;encerrado;Inscrições Encerradas;;-1;;;órgão-alvo(+2), gratificação técnica(-3);;GSISTE de Nível Superior;https://oportunidades.sigepe.gov.br/oportunidades-portal/api/html/2227;21/08/2026;21/08/2026
2225;205.1/2024;2024;Ministério do Turismo;encerrado;Inscrições Encerradas;;4;coordenador (1.10);Brasília;coordenador (1.10)(+1), Brasília(+1), órgão-alvo(+2);;Coordenador de Planejamento e Apoio à Governança - COPLAN | Coordenador de Modelagem de Processos e Projetos - COMOP;https://oportunidades.sigepe.gov.br/oportunidades-portal/api/html/2225;21/08/2026;21/08/2026
2224;202.1/2024;2024;Ministério dos Povos Indígenas;encerrado;Inscrições Encerradas;;-10;chefia baixa;;chefia baixa(-3), gratificação técnica(-3), nível médio/intermediário(-4);nível médio/intermediário;Chefe de Divisão de Contratos - CCE 1.07 | GSISTE - Nível Intermediario - Gestão de Pessoas | Chefe de Divisão de Recursos Logísticos - FCE 1.07 | Chefe de Divisão de Capacitação - CCE 1.07;https://oportunidades.sigepe.gov.br/oportunidades-portal/api/html/2224;21/08/2026;21/08/2026
2220;231.2/2024;2024;Ministério do Desenvolvimento, Indústria, Comércio e Serviços;encerrado;Inscrições Encerradas;;2;;;órgão-alvo(+2);;Coordenação de Assessoramento e Proteção de Dados Pessoais;https://oportunidades.sigepe.gov.br/oportunidades-portal/api/html/2220;21/08/2026;21/08/2026
2217;207.1/2024;2024;Ministério da Fazenda;encerrado;Inscrições Encerradas;;-1;chefia baixa;;chefia baixa(-3), órgão-alvo(+2);;Processo de seleção de servidores para a ocupação de 03 Funções Comissionadas Executivas - FCE 1.07;https://oportunidades.sigepe.gov.br/oportunidades-portal/api/html/2217;21/08/2026;21/08/2026
2216;200.1/2024;2024;Ministério da Justiça e Segurança Pública;encerrado;Inscrições Encerradas;;3;;Brasília;Brasília(+1), órgão-alvo(+2);;COMPOSIÇÃO DE FORÇA DE TRABALHO NA DIVISÃO DE ANÁLISE E ACOMPANHAMENTO CONTÁBEIS (DIACO);https://oportunidades.sigepe.gov.br/oportunidades-portal/api/html/2216;21/08/2026;21/08/2026
2214;198/2024;2024;Ministério da Gestão e da Inovação em Serviços Públicos;encerrado;Inscrições Encerradas;;-1;chefia baixa;;chefia baixa(-3), órgão-alvo(+2);;1 (uma) vaga para FCE 1.07 - Chefe de Divisão;https://oportunidades.sigepe.gov.br/oportunidades-portal/api/html/2214;21/08/2026;21/08/2026
2213;206.1/2024;2024;Ministério da Gestão e da Inovação em Serviços Públicos;encerrado;Inscrições Encerradas;;3;coordenador (1.10);;coordenador (1.10)(+1), órgão-alvo(+2);;FCE 1.10 - Coordenador de Articulação Estratégica | FCE 1.07 - Chefe da Divisão de Parcerias;https://oportunidades.sigepe.gov.br/oportunidades-portal/api/html/2213;21/08/2026;21/08/2026
2211;199.1/2024;2024;Instituto Brasileiro de Museus;encerrado;Inscrições Encerradas;;0;;;;;Integridade e Compliance;https://oportunidades.sigepe.gov.br/oportunidades-portal/api/html/2211;21/08/2026;21/08/2026
2209;188.1/2024;2024;Ministério da Agricultura e Pecuária;encerrado;Inscrições Encerradas;;-7;;;gratificação técnica(-3), nível médio/intermediário(-4);nível médio/intermediário;GSISTE de Nível Médio;https://oportunidades.sigepe.gov.br/oportunidades-portal/api/html/2209;21/08/2026;21/08/2026
2207;197.3/2024;2024;Ministério da Fazenda;encerrado;Inscrições Encerradas;;3;coordenador (1.10);;coordenador (1.10)(+1), órgão-alvo(+2);;Analista | Coordenador Técnico - FCE 1.10;https://oportunidades.sigepe.gov.br/oportunidades-portal/api/html/2207;21/08/2026;21/08/2026
2206;187/2024;2024;Ministério da Gestão e da Inovação em Serviços Públicos;encerrado;Inscrições Encerradas;;-1;;;órgão-alvo(+2), gratificação técnica(-3);;GSISTE/NS para Economista;https://oportunidades.sigepe.gov.br/oportunidades-portal/api/html/2206;21/08/2026;21/08/2026
2202;185.2/2024;2024;Ministério da Pesca e Aquicultura;encerrado;Inscrições Encerradas;;-3;chefia baixa;;chefia baixa(-3);;FCE 2.05 - Assistente Técnico;https://oportunidades.sigepe.gov.br/oportunidades-portal/api/html/2202;21/08/2026;21/08/2026
2201;189.1/2024;2024;Ministério da Gestão e da Inovação em Serviços Públicos;encerrado;Inscrições Encerradas;;2;;;órgão-alvo(+2);;COORDENAÇÃO-GERAL DE MOVIMENTAÇÃO DE PESSOAL - CGMOP | COORDENAÇÃO-GERAL DE MOVIMENTAÇÃO DE PESSOAL - CGMOP | GABINETE DA DIRETORIA DE PROVIMENTO E MOVIMENTAÇÃO DE PESSOAL - DEPRO | COORDENAÇÃO-GERAL DE CONCURSOS E PROVIMENTO DE PESSOAL - CGCOP | COORDENAÇÃO-GERAL DE CONCURSOS E PROVIMENTO DE PESSOAL - CGCOP | COORDENAÇÃO-GERAL DE MOVIMENTAÇÃO DE PESSOAL - CGMOP | COORDENAÇÃO-GERAL DE PLANEJAMENTO;https://oportunidades.sigepe.gov.br/oportunidades-portal/api/html/2201;21/08/2026;21/08/2026
2200;186.1/2024;2024;Ministério da Saúde;encerrado;Inscrições Encerradas;;2;;;órgão-alvo(+2);;Voluntários: Oficiais de Ligação para Reunião do Grupo de Trabalho de Saúde do G20;https://oportunidades.sigepe.gov.br/oportunidades-portal/api/html/2200;21/08/2026;21/08/2026
2194;196.2/2024;2024;Ministério da Gestão e da Inovação em Serviços Públicos;encerrado;Inscrições Encerradas;;-4;;Brasília;Brasília(+1), órgão-alvo(+2), gratificação técnica(-3), nível médio/intermediário(-4);nível médio/intermediário;GSISTE Nível Superior - Coordenação Geral de Governança e Gestão Colaborativa | GSISTE Nível Superior - Coordenação Geral de Informações e Monitoramento de Obras | GSISTE Nível Superior - Coordenação Geral de Informações e Monitoramento de Obras | GSISTE Nível Superior - Coordenação Geral de Capacitação | GSISTE Nível Superior - Coord Geral de Normas e Processos | GSISTE Nível Superior - Coordenaç;https://oportunidades.sigepe.gov.br/oportunidades-portal/api/html/2194;21/08/2026;21/08/2026
2193;178/2024;2024;Conselho Administrativo de Defesa Econômica;encerrado;Inscrições Encerradas;;-1;chefia baixa;;chefia baixa(-3), órgão-alvo(+2);;Chefe de Serviço de Apoio Processual (SEAPRO) - FCE 1.05 | Seção de Apoio a Gestão Processual - SAGPRO | Coordenação-Geral Processual (CGP) | Serviço de Informação e Documentação - SIDOC | Serviço de Protocolo e Registro de Documentos e Processos (PROT);https://oportunidades.sigepe.gov.br/oportunidades-portal/api/html/2193;21/08/2026;21/08/2026
2189;179/2024;2024;Conselho Administrativo de Defesa Econômica;encerrado;Inscrições Encerradas;;2;;;órgão-alvo(+2);;Seção de Apoio à Gestão Logística¿ - SAGLOG | Serviço de Atendimento e Administração Predial - SEAAP | Serviço de Gestão de Contratos (SEGEC) | Serviço de Compras (SECOM) | Serviço de Materiais e Patrimônio - SEMAP | Coordenação de Finanças - COF | Coordenação de Finanças - COF (cargo de nível superior - Ciências Contábeis);https://oportunidades.sigepe.gov.br/oportunidades-portal/api/html/2189;21/08/2026;21/08/2026
2184;170.2/2024;2024;Instituto do Patrimônio Histórico e Artístico Nacional;encerrado;Inscrições Encerradas;;-2;chefia baixa;Brasília;chefia baixa(-3), Brasília(+1);;FCE 1.07 -Chefe de Divisão -  DIVOS/ DAFE/IPHAN;https://oportunidades.sigepe.gov.br/oportunidades-portal/api/html/2184;21/08/2026;21/08/2026
2180;181.1/2024;2024;Ministério da Gestão e da Inovação em Serviços Públicos;encerrado;Inscrições Encerradas;;-1;chefia baixa;;chefia baixa(-3), órgão-alvo(+2);;FCE 1.07 - Chefe de Divisão - SGP/DESIN/CGFIS;https://oportunidades.sigepe.gov.br/oportunidades-portal/api/html/2180;21/08/2026;21/08/2026
2179;164.1/2024;2024;Ministério do Desenvolvimento Agrário e Agricultura Familiar;encerrado;Inscrições Encerradas;;-1;;;órgão-alvo(+2), gratificação técnica(-3);;GSISTE - Nível Superior na Coordenação de Prestação de Contas - COPREC do MDA.;https://oportunidades.sigepe.gov.br/oportunidades-portal/api/html/2179;21/08/2026;21/08/2026
2178;166/2024;2024;Ministério do Desenvolvimento Agrário e Agricultura Familiar;encerrado;Inscrições Encerradas;;-1;;;órgão-alvo(+2), gratificação técnica(-3);;GSISTE - Nível Superior na Coordenação de Documentação e Serviços - CODS/MDA;https://oportunidades.sigepe.gov.br/oportunidades-portal/api/html/2178;21/08/2026;21/08/2026
2175;184.3/2024;2024;Ministério da Gestão e da Inovação em Serviços Públicos;encerrado;Inscrições Encerradas;;0;;Brasília;Brasília(+1), órgão-alvo(+2), gratificação técnica(-3);;Gestão do orçamento - uma vaga para servidor ocupante de cargo efetivo NS;https://oportunidades.sigepe.gov.br/oportunidades-portal/api/html/2175;21/08/2026;21/08/2026
2173;171.3/2024;2024;Ministério da Justiça e Segurança Pública;encerrado;Inscrições Encerradas;;4;coordenador (1.10);;coordenador (1.10)(+1), políticas públicas(+1), órgão-alvo(+2);;ASSESSOR TECNICO ESPECIALIZADO - FCE 4.03 - Politicas Públicas e Promoção dos Direitos;https://oportunidades.sigepe.gov.br/oportunidades-portal/api/html/2173;21/08/2026;21/08/2026
2172;193.3/2024;2024;Ministério da Gestão e da Inovação em Serviços Públicos;encerrado;Inscrições Encerradas;;0;;Brasília;Brasília(+1), órgão-alvo(+2), gratificação técnica(-3);;2 vagas para GSISTE SIPEC - NÍVEL SUPERIOR;https://oportunidades.sigepe.gov.br/oportunidades-portal/api/html/2172;21/08/2026;21/08/2026
2167;161.1/2024;2024;Ministério da Agricultura e Pecuária;encerrado;Inscrições Encerradas;;-5;;;órgão-alvo(+2), gratificação técnica(-3), nível médio/intermediário(-4);nível médio/intermediário;GSISTE - NÍVEL MÉDIO;https://oportunidades.sigepe.gov.br/oportunidades-portal/api/html/2167;21/08/2026;21/08/2026
2165;168.2/2024;2024;Ministério da Gestão e da Inovação em Serviços Públicos;encerrado;Inscrições Encerradas;;2;;;órgão-alvo(+2);;Movimentação interna no para compor equipe da Diretoria do Cadastro Ambiental Rural DICAR-SETE-MGI;https://oportunidades.sigepe.gov.br/oportunidades-portal/api/html/2165;21/08/2026;21/08/2026
2162;158.2/2024;2024;Ministério da Gestão e da Inovação em Serviços Públicos;encerrado;Inscrições Encerradas;;-1;;;órgão-alvo(+2), gratificação técnica(-3);;Analista de Negócio - Especialidade: eSocial | Analista de Negócio - Especialidade: Consignações;https://oportunidades.sigepe.gov.br/oportunidades-portal/api/html/2162;21/08/2026;21/08/2026
2161;151.1/2024;2024;Ministério da Ciência, Tecnologia e Inovação;encerrado;Inscrições Encerradas;;-1;chefia baixa;;chefia baixa(-3), órgão-alvo(+2);;Função Comissionada Executiva (FCE 2.04) de Assistente Técnico;https://oportunidades.sigepe.gov.br/oportunidades-portal/api/html/2161;21/08/2026;21/08/2026
2160;152.1/2024;2024;Ministério da Ciência, Tecnologia e Inovação;encerrado;Inscrições Encerradas;;-1;chefia baixa;;chefia baixa(-3), órgão-alvo(+2);;FCE 1.02 - Chefe do Setor de Comunicação e Extensão do INPP;https://oportunidades.sigepe.gov.br/oportunidades-portal/api/html/2160;21/08/2026;21/08/2026
2159;153.1/2024;2024;Ministério da Ciência, Tecnologia e Inovação;encerrado;Inscrições Encerradas;;-1;chefia baixa;;chefia baixa(-3), órgão-alvo(+2);;FCE 1.02 - Chefe do Setor de Compras e Patrimônio do INPP;https://oportunidades.sigepe.gov.br/oportunidades-portal/api/html/2159;21/08/2026;21/08/2026
2158;149.1/2024;2024;Ministério da Ciência, Tecnologia e Inovação;encerrado;Inscrições Encerradas;;-1;chefia baixa;;chefia baixa(-3), órgão-alvo(+2);;FCE 1.07 - Chefe da Divisão de Tecnologia de Informação e Comunicação do INPP;https://oportunidades.sigepe.gov.br/oportunidades-portal/api/html/2158;21/08/2026;21/08/2026
2157;156.1/2024;2024;Ministério da Gestão e da Inovação em Serviços Públicos;encerrado;Inscrições Encerradas;;2;;;órgão-alvo(+2);;Coordenação de Inteligência do CAR;https://oportunidades.sigepe.gov.br/oportunidades-portal/api/html/2157;21/08/2026;21/08/2026
2153;578.4/2024;2024;Ministério da Gestão e da Inovação em Serviços Públicos;encerrado;Inscrições Encerradas;;2;;;órgão-alvo(+2);;Administrativo | Comunicação Interna | Processual;https://oportunidades.sigepe.gov.br/oportunidades-portal/api/html/2153;21/08/2026;21/08/2026
2149;147/2024;2024;Ministério do Turismo;encerrado;Inscrições Encerradas;;-4;;Brasília;Brasília(+1), órgão-alvo(+2), gratificação técnica(-3), nível médio/intermediário(-4);nível médio/intermediário;GSISTE - NÍVEL INTERMEDIÁRIO - LICITAÇÕES E CONTRATOS | GSISTE - NÍVEL SUPERIOR - LICITAÇÕES E CONTRATOS;https://oportunidades.sigepe.gov.br/oportunidades-portal/api/html/2149;21/08/2026;21/08/2026
2147;154.1/2024;2024;Ministério da Gestão e da Inovação em Serviços Públicos;encerrado;Inscrições Encerradas;;4;coordenador (1.10);Brasília;coordenador (1.10)(+1), Brasília(+1), órgão-alvo(+2);;FCE 1.10 | FCE 1.07;https://oportunidades.sigepe.gov.br/oportunidades-portal/api/html/2147;21/08/2026;21/08/2026
2143;140/2024;2024;Ministério da Gestão e da Inovação em Serviços Públicos;encerrado;Inscrições Encerradas;;-1;;;órgão-alvo(+2), gratificação técnica(-3);;01 (uma) vaga de GSISTE de nível superior.;https://oportunidades.sigepe.gov.br/oportunidades-portal/api/html/2143;21/08/2026;21/08/2026
2140;155.2/2024;2024;Ministério da Gestão e da Inovação em Serviços Públicos;encerrado;Inscrições Encerradas;;-5;;;órgão-alvo(+2), gratificação técnica(-3), nível médio/intermediário(-4);nível médio/intermediário;GSISTE NI - Divisão de Arquivo e Protocolo do MGI;https://oportunidades.sigepe.gov.br/oportunidades-portal/api/html/2140;21/08/2026;21/08/2026
2136;136.2/2024;2024;Ministério da Gestão e da Inovação em Serviços Públicos;encerrado;Inscrições Encerradas;;3;;;ciência de dados(+1), órgão-alvo(+2);;Duas vagas servidores ocupantes de cargo efetivo NS - Design de interface e UX | Uma vaga para servidor ocupante de cargo efetivo NS - Ciência de dados;https://oportunidades.sigepe.gov.br/oportunidades-portal/api/html/2136;21/08/2026;21/08/2026
2135;173.1/2024;2024;Ministério da Saúde;encerrado;Inscrições Encerradas;;-1;;;órgão-alvo(+2), gratificação técnica(-3);;Fiscal - GSISTE - Nível superior - 1 (uma) vaga | Pregoeiro - GSISTE - Nível superior - 1 (uma) vaga;https://oportunidades.sigepe.gov.br/oportunidades-portal/api/html/2135;21/08/2026;21/08/2026
2129;135/2024;2024;Ministério da Gestão e da Inovação em Serviços Públicos;encerrado;Inscrições Encerradas;;-4;chefia baixa;;chefia baixa(-3), órgão-alvo(+2), gratificação técnica(-3);;01 (uma) vaga de Chefe de Divisão de Relacionamento com Conselheiros CCE 1.07 + GSISTE NS;https://oportunidades.sigepe.gov.br/oportunidades-portal/api/html/2129;21/08/2026;21/08/2026
2128;312.2/2024;2024;Departamento Nacional de Infraestrutura de Transportes;encerrado;Inscrições Encerradas;;-2;chefia baixa;;chefia baixa(-3), infraestrutura(+1);;Chefe do Núcleo de Comunicação Social (FCE 1.01) | Chefe do Serviço de Cadastro e Licitação (FCE 1.05) | Chefe do Núcleo de Apoio Administrativo (FCE 1.01);https://oportunidades.sigepe.gov.br/oportunidades-portal/api/html/2128;21/08/2026;21/08/2026
2127;131.1/2024;2024;Ministério da Agricultura e Pecuária;encerrado;Inscrições Encerradas;;-3;chefia baixa;;chefia baixa(-3);;FCE 1.07 - Chefe de Divisão de Atendimento;https://oportunidades.sigepe.gov.br/oportunidades-portal/api/html/2127;21/08/2026;21/08/2026
2126;133/2024;2024;Ministério da Saúde;encerrado;Inscrições Encerradas;;0;;Brasília;Brasília(+1), órgão-alvo(+2), gratificação técnica(-3);;Nível Superior - Qualquer área de formação - GSISTE-NS;https://oportunidades.sigepe.gov.br/oportunidades-portal/api/html/2126;21/08/2026;21/08/2026
2123;134/2024;2024;Ministério da Saúde;encerrado;Inscrições Encerradas;;-1;chefia baixa;;chefia baixa(-3), órgão-alvo(+2);;Nível superior - FCE 1.07 | Nível superior - FCE 4.03;https://oportunidades.sigepe.gov.br/oportunidades-portal/api/html/2123;21/08/2026;21/08/2026
2122;127/2024;2024;Comando do Exército;encerrado;Inscrições Encerradas;;-2;;Brasília;Brasília(+1), gratificação técnica(-3);;GSISTE;https://oportunidades.sigepe.gov.br/oportunidades-portal/api/html/2122;21/08/2026;21/08/2026
2121;125/2024;2024;Instituto do Patrimônio Histórico e Artístico Nacional;encerrado;Inscrições Encerradas;;-3;chefia baixa;;chefia baixa(-3);;e 01 (uma) Função Comissionada Executiva - FCE 1.05 de Chefe de Serviço de Gestão de Programas de Fo;https://oportunidades.sigepe.gov.br/oportunidades-portal/api/html/2121;21/08/2026;21/08/2026
2112;120.1/2024;2024;Ministério do Turismo;encerrado;Inscrições Encerradas;;-1;chefia baixa;;chefia baixa(-3), órgão-alvo(+2);;FUNÇÃO COMISSIONADA EXECUTIVA - FCE 3.04;https://oportunidades.sigepe.gov.br/oportunidades-portal/api/html/2112;21/08/2026;21/08/2026
2106;118.1/2024;2024;Ministério da Gestão e da Inovação em Serviços Públicos;encerrado;Inscrições Encerradas;;0;coordenador (1.10);;coordenador (1.10)(+1), órgão-alvo(+2), gratificação técnica(-3);;GSISTE - ASSESSOR DE COMUNICAÇÃO;https://oportunidades.sigepe.gov.br/oportunidades-portal/api/html/2106;21/08/2026;21/08/2026
2104;111.6/2024;2024;Ministério da Gestão e da Inovação em Serviços Públicos;encerrado;Inscrições Encerradas;;-1;;;órgão-alvo(+2), gratificação técnica(-3);;GSISTE PARA COORDENAÇÃO DE GOVERNANÇA DE DADOS - CGGOD;https://oportunidades.sigepe.gov.br/oportunidades-portal/api/html/2104;21/08/2026;21/08/2026
2103;132.1/2024;2024;Ministério da Educação;encerrado;Inscrições Encerradas;;0;;Brasília;Brasília(+1), órgão-alvo(+2), gratificação técnica(-3);;Gratificação Temporária das Unidades dos Sistemas Estruturadores da Administração Pública Federal ¿;https://oportunidades.sigepe.gov.br/oportunidades-portal/api/html/2103;21/08/2026;21/08/2026
2101;106.1/2024;2024;Ministério da Ciência, Tecnologia e Inovação;encerrado;Inscrições Encerradas;;0;chefia baixa;;chefia baixa(-3), infraestrutura(+1), órgão-alvo(+2);;FCE 1.05 - Chefe do Serviço de Compras, Infraestrutura e Logística;https://oportunidades.sigepe.gov.br/oportunidades-portal/api/html/2101;21/08/2026;21/08/2026
2100;105.1/2024;2024;Ministério da Ciência, Tecnologia e Inovação;encerrado;Inscrições Encerradas;;-1;chefia baixa;;chefia baixa(-3), órgão-alvo(+2);;Chefe do Serviço de Apoio Institucional (SEAPI) - FCE 1.05;https://oportunidades.sigepe.gov.br/oportunidades-portal/api/html/2100;21/08/2026;21/08/2026
2099;108.2/2024;2024;Ministério da Gestão e da Inovação em Serviços Públicos;encerrado;Inscrições Encerradas;;3;coordenador (1.10);;coordenador (1.10)(+1), órgão-alvo(+2);;Coordenador(a) de Soluções Digitais de Gestão de Pessoas;https://oportunidades.sigepe.gov.br/oportunidades-portal/api/html/2099;21/08/2026;21/08/2026
2096;;;- Edital N°: 107/2024;encerrado;Inscrições Encerradas;;-4;;;nível médio/intermediário(-4);nível médio/intermediário;Arquivo - nível superior | Arquivo - nível médio;https://oportunidades.sigepe.gov.br/oportunidades-portal/api/html/2096;21/08/2026;21/08/2026
2095;143.4/2024;2024;Agência Nacional de Saúde Suplementar;encerrado;Inscrições Encerradas;;0;;;;;GEIRS - Contabilidade | GEIRS - Analista de TI | GEIRS - Arquivologia | GEIRS - Epidemiologia | GEIRS - Administração | GEIRS - Direito;https://oportunidades.sigepe.gov.br/oportunidades-portal/api/html/2095;21/08/2026;21/08/2026
2094;144.2/2024;2024;Agência Nacional de Saúde Suplementar;encerrado;Inscrições Encerradas;;-3;;;gratificação técnica(-3);;GSISTE;https://oportunidades.sigepe.gov.br/oportunidades-portal/api/html/2094;21/08/2026;21/08/2026
2091;102.1/2024;2024;Ministério da Justiça e Segurança Pública;encerrado;Inscrições Encerradas;;3;coordenador (1.10);;coordenador (1.10)(+1), órgão-alvo(+2);;ASSESSOR TECNICO ESPECIALIZADO - FCE 4.03 - DEPARTAMENTO DE MIGRAÇÕES (DEMIG);https://oportunidades.sigepe.gov.br/oportunidades-portal/api/html/2091;21/08/2026;21/08/2026
2089;99.1/2024;2024;Ministério da Justiça e Segurança Pública;encerrado;Inscrições Encerradas;;-1;chefia baixa;;chefia baixa(-3), órgão-alvo(+2);;Chefe de Setor - FCE 1.02 - Comitê Nacional para Refugiados;https://oportunidades.sigepe.gov.br/oportunidades-portal/api/html/2089;21/08/2026;21/08/2026
2087;122.4/2024;2024;Instituto Nacional da Propriedade Industrial;encerrado;Inscrições Encerradas;;0;;;;;Oportunidade 2 | Oportunidade 1;https://oportunidades.sigepe.gov.br/oportunidades-portal/api/html/2087;21/08/2026;21/08/2026
2086;110.5/2024;2024;Ministério da Gestão e da Inovação em Serviços Públicos;encerrado;Inscrições Encerradas;;7;coordenador-geral;;coordenador-geral(+5), órgão-alvo(+2);;COORDENADOR DE ORIENTAÇÃO SOBRE IA - COOIA | COORDENADOR DE FOMENTO À IA - COFIA | COORDENADOR-GERAL DE ADOÇÃO DA IA - CGIA;https://oportunidades.sigepe.gov.br/oportunidades-portal/api/html/2086;21/08/2026;21/08/2026
2082;97.1/2024;2024;Ministério da Gestão e da Inovação em Serviços Públicos;encerrado;Inscrições Encerradas;;-5;;;órgão-alvo(+2), gratificação técnica(-3), nível médio/intermediário(-4);nível médio/intermediário;GSISTE Nível Superior - Coordenação-Geral de Desempenho e Desenvolvimento de Pessoas - CGDDP | GSISTE Nível Intermediário - Coordenação-Geral de Desempenho e Desenvolvimento de Pessoas - CGDDP;https://oportunidades.sigepe.gov.br/oportunidades-portal/api/html/2082;21/08/2026;21/08/2026
2081;98.2/2024;2024;Ministério da Gestão e da Inovação em Serviços Públicos;encerrado;Inscrições Encerradas;;-1;;;órgão-alvo(+2), gratificação técnica(-3);;GSISTE  - Analista de Dados - Secretaria de Relações de Trabalho;https://oportunidades.sigepe.gov.br/oportunidades-portal/api/html/2081;21/08/2026;21/08/2026
2078;95/2024;2024;Conselho Nacional de Desenvolvimento Científico e Tecnológico;encerrado;Inscrições Encerradas;;0;;;;;Conselho Nacional de Desenvolvimento Científico e Tecnológico / CNPq;https://oportunidades.sigepe.gov.br/oportunidades-portal/api/html/2078;21/08/2026;21/08/2026
2077;94.1/2024;2024;Ministério da Justiça e Segurança Pública;encerrado;Inscrições Encerradas;;3;;Brasília;Brasília(+1), órgão-alvo(+2);;Conformista;https://oportunidades.sigepe.gov.br/oportunidades-portal/api/html/2077;21/08/2026;21/08/2026
2075;93.3/2024;2024;Ministério da Pesca e Aquicultura;encerrado;Inscrições Encerradas;;1;coordenador (1.10);;coordenador (1.10)(+1);;FCE 1.10  - Coordenador (a);https://oportunidades.sigepe.gov.br/oportunidades-portal/api/html/2075;21/08/2026;21/08/2026
2070;96.1/2024;2024;Ministério da Justiça e Segurança Pública;encerrado;Inscrições Encerradas;;4;;Brasília;Brasília(+1), infraestrutura(+1), órgão-alvo(+2);;Técnico Administrativo / Analista Administrativo - CLOG | Técnico Administrativo / Analista Administrativo - DICOMP | Técnico Administrativo / Analista Administrativo - SEIMP | Técnico Administrativo / Analista Administrativo - SERCO | Técnico Administrativo / Analista Administrativo - CLOG/Protocolo;https://oportunidades.sigepe.gov.br/oportunidades-portal/api/html/2070;21/08/2026;21/08/2026
2069;88/2024;2024;Ministério da Infraestrutura;encerrado;Inscrições Encerradas;;0;;;infraestrutura(+1), órgão-alvo(+2), gratificação técnica(-3);;1 GSISTE NS (SISG) Coordenação de Logística do Ministério dos Transportes | 1 GSISTE NS (SISG) Coordenação de Infraestrutura do Ministério dos Transportes;https://oportunidades.sigepe.gov.br/oportunidades-portal/api/html/2069;21/08/2026;21/08/2026
2068;89.2/2024;2024;Ministério da Saúde;encerrado;Inscrições Encerradas;;3;coordenador (1.10);;coordenador (1.10)(+1), órgão-alvo(+2);;Coordenador - FCE 1.10;https://oportunidades.sigepe.gov.br/oportunidades-portal/api/html/2068;21/08/2026;21/08/2026
2065;92.5/2024;2024;Ministério da Saúde;encerrado;Inscrições Encerradas;;-1;;Brasília;Brasília(+1), órgão-alvo(+2), nível médio/intermediário(-4);nível médio/intermediário;FCE 4.09 - Nível Médio ou Superior - 1 vaga;https://oportunidades.sigepe.gov.br/oportunidades-portal/api/html/2065;21/08/2026;21/08/2026
2064;83.2/2024;2024;Ministério da Saúde;encerrado;Inscrições Encerradas;;-2;;;órgão-alvo(+2), nível médio/intermediário(-4);nível médio/intermediário;Oportunidade 1 - FCE 4.03 - Nível Médio ou Superior | Oportunidade 2 - FCE 4.07 - Nível Médio ou Superior;https://oportunidades.sigepe.gov.br/oportunidades-portal/api/html/2064;21/08/2026;21/08/2026
2063;86.1/2024;2024;Ministério da Justiça e Segurança Pública;encerrado;Inscrições Encerradas;;-1;chefia baixa;;chefia baixa(-3), órgão-alvo(+2);;Chefe de Serviço (FCE 1.05) - Gestão de Pessoas - Registros Funcionais;https://oportunidades.sigepe.gov.br/oportunidades-portal/api/html/2063;21/08/2026;21/08/2026
2061;87.1/2024;2024;Ministério da Justiça e Segurança Pública;encerrado;Inscrições Encerradas;;3;;Brasília;Brasília(+1), órgão-alvo(+2);;Composição da força de trabalho - OSCIP e Organizações Estrangeiras;https://oportunidades.sigepe.gov.br/oportunidades-portal/api/html/2061;21/08/2026;21/08/2026
2053;71/2024;2024;Instituto do Patrimônio Histórico e Artístico Nacional;encerrado;Inscrições Encerradas;;-2;;Brasília;Brasília(+1), gratificação técnica(-3);;GSISTE SISG - nível superior na Coordenação-Geral de Logística, Convênios e Contratos - CGLOG/DPA;https://oportunidades.sigepe.gov.br/oportunidades-portal/api/html/2053;21/08/2026;21/08/2026
2052;70/2024;2024;Instituto do Patrimônio Histórico e Artístico Nacional;encerrado;Inscrições Encerradas;;-8;chefia baixa;Natal/RN;chefia baixa(-3), Natal/RN(-5);;FCE 2.01 de Assistente Técnico em Arqueologia na Superintendência do Iphan no RN;https://oportunidades.sigepe.gov.br/oportunidades-portal/api/html/2052;21/08/2026;21/08/2026
2051;69/2024;2024;Instituto do Patrimônio Histórico e Artístico Nacional;encerrado;Inscrições Encerradas;;-2;chefia baixa;Brasília;chefia baixa(-3), Brasília(+1);;FCE 1.05 de Chefe de Serviço de Gestão de Programas de Fomento e Incentivo ao Patrimônio;https://oportunidades.sigepe.gov.br/oportunidades-portal/api/html/2051;21/08/2026;21/08/2026
2050;68.1/2024;2024;Ministério do Turismo;encerrado;Inscrições Encerradas;;-1;;;órgão-alvo(+2), gratificação técnica(-3);;CGLL - SELEÇÃO GSISTE NS ¿ SIGA;https://oportunidades.sigepe.gov.br/oportunidades-portal/api/html/2050;21/08/2026;21/08/2026
2049;81.2/2024;2024;Ministério da Gestão e da Inovação em Serviços Públicos;encerrado;Inscrições Encerradas;;-4;;Brasília;Brasília(+1), órgão-alvo(+2), gratificação técnica(-3), nível médio/intermediário(-4);nível médio/intermediário;GSISTE Nível Intermediário - Coordenação-Geral de Arquitetura de Carreiras - CGCAR | GSISTE Nível Superior - Coordenação-Geral de Arquitetura de Carreiras - CGCAR;https://oportunidades.sigepe.gov.br/oportunidades-portal/api/html/2049;21/08/2026;21/08/2026
2045;60/2024;2024;Instituto do Patrimônio Histórico e Artístico Nacional;encerrado;Inscrições Encerradas;;-2;chefia baixa;Brasília;chefia baixa(-3), Brasília(+1);;FCE 1.05 de Chefe do Serviço de Gestão, Monitoramento e Acompanhamento - DPA;https://oportunidades.sigepe.gov.br/oportunidades-portal/api/html/2045;21/08/2026;21/08/2026
2043;67/2024;2024;Ministério do Turismo;encerrado;Inscrições Encerradas;;-4;;Brasília;Brasília(+1), órgão-alvo(+2), gratificação técnica(-3), nível médio/intermediário(-4);nível médio/intermediário;GSISTE - NÍVEL INTERMEDIÁRIO - LICITAÇÕES E CONTRATOS | GSISTE - NÍVEL SUPERIOR - LICITAÇÕES E CONTRATOS;https://oportunidades.sigepe.gov.br/oportunidades-portal/api/html/2043;21/08/2026;21/08/2026
2040;62.1/2024;2024;Ministério da Justiça e Segurança Pública;encerrado;Inscrições Encerradas;;2;;;órgão-alvo(+2);;Gestão de Pessoas - Desenvolvimento | Gestão de Pessoas - Chefe de Desenvolvimento;https://oportunidades.sigepe.gov.br/oportunidades-portal/api/html/2040;21/08/2026;21/08/2026
2039;58.2/2024;2024;Ministério da Gestão e da Inovação em Serviços Públicos;encerrado;Inscrições Encerradas;;-5;;;órgão-alvo(+2), gratificação técnica(-3), nível médio/intermediário(-4);nível médio/intermediário;1 (uma) vaga para percepção de GSISTE (NI). Atuar na COATA/SGD;https://oportunidades.sigepe.gov.br/oportunidades-portal/api/html/2039;21/08/2026;21/08/2026
2033;55.2/2024;2024;Ministério da Agricultura e Pecuária;encerrado;Inscrições Encerradas;;-6;chefia baixa;;chefia baixa(-3), gratificação técnica(-3);;1 (uma) FCE 1.03 com GSISTE NÍVEL SUPERIOR;https://oportunidades.sigepe.gov.br/oportunidades-portal/api/html/2033;21/08/2026;21/08/2026
2028;53.1/2024;2024;Ministério da Saúde;encerrado;Inscrições Encerradas;;2;;;órgão-alvo(+2);;Corregedoria - FCE 4.04 | Corregedoria - FCE 4.03;https://oportunidades.sigepe.gov.br/oportunidades-portal/api/html/2028;21/08/2026;21/08/2026
2024;56.1/2024;2024;Ministério da Gestão e da Inovação em Serviços Públicos;encerrado;Inscrições Encerradas;;2;;;órgão-alvo(+2);;Coordenação Geral de Contratações de Tecnologia da Informação e Comunicação - CGTIC;https://oportunidades.sigepe.gov.br/oportunidades-portal/api/html/2024;21/08/2026;21/08/2026
2021;46.1/2024;2024;Instituto do Patrimônio Histórico e Artístico Nacional;encerrado;Inscrições Encerradas;;-8;chefia baixa;Popular no Rio de Janeiro/RJ;chefia baixa(-3), Popular no Rio de Janeiro/RJ(-5);;FCE 1.07 de Chefe da Biblioteca Amadeu Amaral do CNFCP;https://oportunidades.sigepe.gov.br/oportunidades-portal/api/html/2021;21/08/2026;21/08/2026
2016;63.1/2024;2024;Ministério da Justiça e Segurança Pública;encerrado;Inscrições Encerradas;;3;;Brasília;Brasília(+1), órgão-alvo(+2);;Analista Administrativo - Direito | Analista Administrativo - Tecnologia | Técnico Administrativo | Analista Administrativo - Economia | Analista Administrativo - Geral;https://oportunidades.sigepe.gov.br/oportunidades-portal/api/html/2016;21/08/2026;21/08/2026
2015;64.2/2024;2024;Ministério da Justiça e Segurança Pública;encerrado;Inscrições Encerradas;;3;;Brasília;Brasília(+1), órgão-alvo(+2);;Membro da Equipe do Encarregado de Dados;https://oportunidades.sigepe.gov.br/oportunidades-portal/api/html/2015;21/08/2026;21/08/2026
2012;36.2/2024;2024;Ministério da Gestão e da Inovação em Serviços Públicos;encerrado;Inscrições Encerradas;;-5;;;órgão-alvo(+2), gratificação técnica(-3), nível médio/intermediário(-4);nível médio/intermediário;2 GSISTES (Nível Intermediário) - Coordenação-Geral de Aplicação da Legislação de Carreiras - CGALC;https://oportunidades.sigepe.gov.br/oportunidades-portal/api/html/2012;21/08/2026;21/08/2026
2011;34.2/2024;2024;Instituto do Patrimônio Histórico e Artístico Nacional;encerrado;Inscrições Encerradas;;-2;chefia baixa;Brasília;chefia baixa(-3), Brasília(+1);;FCE 1.04 de Chefe de Serviço de Relacionamento com a Imprensa da CGCOM/IPHAN;https://oportunidades.sigepe.gov.br/oportunidades-portal/api/html/2011;21/08/2026;21/08/2026
2007;65.2/2024;2024;Ministério da Saúde;encerrado;Inscrições Encerradas;;-2;;;órgão-alvo(+2), área da saúde(-4);área da saúde;SELOA - SEMS - RJ - Engenheiro Mecânico | SELOA - SEMS - RJ - Técnico em Edificações | SEGEP - SEMS - RJ - Nutricionista | SEGEP - SEMS - RJ - Analista Administrativos | SEGEP - SEMS - RJ - Psicologia | SEGEP - SEMS - RJ - Assistente Social | SELOA - SEMS - RJ - Técnico em Eletromecânica | SELOA - SEMS - RJ - Engenheiro Civil | SEAI- SEMS RJ - Analista Administrativo | SELOA - SEMS - RJ - Contador;https://oportunidades.sigepe.gov.br/oportunidades-portal/api/html/2007;21/08/2026;21/08/2026
2006;31.1/2024;2024;Ministério da Cultura;encerrado;Inscrições Encerradas;;-2;;Brasília;Brasília(+1), gratificação técnica(-3);;Cadastro e Acompanhamento Funcional - GSISTE - SIORG - NS;https://oportunidades.sigepe.gov.br/oportunidades-portal/api/html/2006;21/08/2026;21/08/2026
2003;77.3/2024;2024;Ministério do Desenvolvimento, Indústria, Comércio e Serviços;encerrado;Inscrições Encerradas;;2;;;órgão-alvo(+2);;Força de trabalho em PGD integral ou parcial;https://oportunidades.sigepe.gov.br/oportunidades-portal/api/html/2003;21/08/2026;21/08/2026
2001;39.1/2024;2024;Ministério da Justiça e Segurança Pública;encerrado;Inscrições Encerradas;;3;;Brasília;Brasília(+1), órgão-alvo(+2);;Composição da força de trabalho - Correição;https://oportunidades.sigepe.gov.br/oportunidades-portal/api/html/2001;21/08/2026;21/08/2026
1997;25.1/2024;2024;Ministério da Gestão e da Inovação em Serviços Públicos;encerrado;Inscrições Encerradas;;-1;;;órgão-alvo(+2), gratificação técnica(-3);;GSISTE NS - Área de Comunicação Social e/ou Jornalismo (Gabinete do DECIPEX);https://oportunidades.sigepe.gov.br/oportunidades-portal/api/html/1997;21/08/2026;21/08/2026
1986;19.2/2024;2024;Ministério da Gestão e da Inovação em Serviços Públicos;encerrado;Inscrições Encerradas;;-4;coordenador (1.10);;coordenador (1.10)(+1), órgão-alvo(+2), gratificação técnica(-3), nível médio/intermediário(-4);nível médio/intermediário;SGP/DESIN - FCE 1.07 (Chefe de Divisão) | SGP/DESIN - FCE 1.10 (Coordenador) | SGP/DESIN - GSISTE NI ou NS;https://oportunidades.sigepe.gov.br/oportunidades-portal/api/html/1986;21/08/2026;21/08/2026
1983;26.1/2024;2024;Ministério da Justiça e Segurança Pública;encerrado;Inscrições Encerradas;;0;;Brasília;Brasília(+1), órgão-alvo(+2), gratificação técnica(-3);;GSISTE - Nível Superior - Gestão Estratégica e Inovação Institucional;https://oportunidades.sigepe.gov.br/oportunidades-portal/api/html/1983;21/08/2026;21/08/2026
1982;14/2024;2024;Ministério da Gestão e da Inovação em Serviços Públicos;encerrado;Inscrições Encerradas;;-1;;;órgão-alvo(+2), gratificação técnica(-3);;GSISTE NS - ÁREA DE LOGÍSTICA;https://oportunidades.sigepe.gov.br/oportunidades-portal/api/html/1982;21/08/2026;21/08/2026
1981;15.1/2024;2024;Ministério da Justiça e Segurança Pública;encerrado;Inscrições Encerradas;;3;;Brasília;Brasília(+1), órgão-alvo(+2);;Composição de força de trabalho - Engenharia;https://oportunidades.sigepe.gov.br/oportunidades-portal/api/html/1981;21/08/2026;21/08/2026
1980;66.1/2024;2024;Ministério da Justiça e Segurança Pública;encerrado;Inscrições Encerradas;;-1;;;órgão-alvo(+2), gratificação técnica(-3);;GSISTE - Nível Superior - Área Financeira de Licitações e Contratos;https://oportunidades.sigepe.gov.br/oportunidades-portal/api/html/1980;21/08/2026;21/08/2026
1978;82.3/2024;2024;Instituto Nacional da Propriedade Industrial;encerrado;Inscrições Encerradas;;0;;;;;Designer de produtos digitais;https://oportunidades.sigepe.gov.br/oportunidades-portal/api/html/1978;21/08/2026;21/08/2026
1975;10/2024;2024;Ministério da Ciência, Tecnologia e Inovação;encerrado;Inscrições Encerradas;;-1;chefia baixa;;chefia baixa(-3), órgão-alvo(+2);;Função Comissionada Executiva (FCE 2.02) no MCTI;https://oportunidades.sigepe.gov.br/oportunidades-portal/api/html/1975;21/08/2026;21/08/2026
1974;7.1/2024;2024;Ministério da Justiça e Segurança Pública;encerrado;Inscrições Encerradas;;-1;;;órgão-alvo(+2), gratificação técnica(-3);;GSISTE - Nível Superior - Coordenação de Administração Predial e Suporte Técnico;https://oportunidades.sigepe.gov.br/oportunidades-portal/api/html/1974;21/08/2026;21/08/2026
1973;6.1/2024;2024;Ministério da Justiça e Segurança Pública;encerrado;Inscrições Encerradas;;-1;;;órgão-alvo(+2), gratificação técnica(-3);;GSISTE - Nível Superior - Divisão de Engenharia;https://oportunidades.sigepe.gov.br/oportunidades-portal/api/html/1973;21/08/2026;21/08/2026
1972;5.1/2024;2024;Ministério da Justiça e Segurança Pública;encerrado;Inscrições Encerradas;;2;;;órgão-alvo(+2);;FCE 4.03 - Classificação Indicativa - Área de TV Aberta;https://oportunidades.sigepe.gov.br/oportunidades-portal/api/html/1972;21/08/2026;21/08/2026
1971;4.2/2024;2024;Ministério da Justiça e Segurança Pública;encerrado;Inscrições Encerradas;;3;;Brasília;Brasília(+1), órgão-alvo(+2);;Composição de força de trabalho - Contabilidade;https://oportunidades.sigepe.gov.br/oportunidades-portal/api/html/1971;21/08/2026;21/08/2026
1970;3/2024;2024;Ministério da Infraestrutura;encerrado;Inscrições Encerradas;;0;;;infraestrutura(+1), órgão-alvo(+2), gratificação técnica(-3);;1 ( uma) vaga GSISP-Nível Superior - Ministério dos Transportes;https://oportunidades.sigepe.gov.br/oportunidades-portal/api/html/1970;21/08/2026;21/08/2026
1968;24.2/2024;2024;Ministério da Saúde;encerrado;Inscrições Encerradas;;0;;;monitoramento e avaliação(+2), órgão-alvo(+2), nível médio/intermediário(-4);nível médio/intermediário;Servidor Efetivo de Nível Médio;https://oportunidades.sigepe.gov.br/oportunidades-portal/api/html/1968;21/08/2026;21/08/2026
1967;656.1/2023;2023;Ministério da Agricultura e Pecuária;encerrado;Inscrições Encerradas;;-3;chefia baixa;;chefia baixa(-3);;Chefe de Divisão de Promoção da Participação Social (FCE 1.07);https://oportunidades.sigepe.gov.br/oportunidades-portal/api/html/1967;21/08/2026;21/08/2026
1966;2/2024;2024;Agência Nacional de Transportes Terrestres;encerrado;Inscrições Encerradas;;1;coordenador (1.10);;coordenador (1.10)(+1);;Vaga de Coordenador GESPE;https://oportunidades.sigepe.gov.br/oportunidades-portal/api/html/1966;21/08/2026;21/08/2026
1963;654.3/2023;2023;Ministério da Educação;encerrado;Inscrições Encerradas;;-1;chefia baixa;;chefia baixa(-3), órgão-alvo(+2);;Chefe de Projetos II, código FCE 3.07 - Secretaria de Educação Básica/MEC;https://oportunidades.sigepe.gov.br/oportunidades-portal/api/html/1963;21/08/2026;21/08/2026
1957;649.5/2023;2023;Ministério da Gestão e da Inovação em Serviços Públicos;encerrado;Inscrições Encerradas;;-5;;;órgão-alvo(+2), gratificação técnica(-3), nível médio/intermediário(-4);nível médio/intermediário;Sustentação do SOUGOV.BR | Gestão de Riscos do SOUGOV.BR e dos sistemas estruturantes de gestão de pessoas | Levantamento de Requisitos de Novos Serviços Digitais para o SOUGOV.BR | Experiência do Usuário (UX) do SOUGOV.BR e dos sistemas estruturantes de gestão de pessoas | Homologação dos Serviços do SOUGOV.BR;https://oportunidades.sigepe.gov.br/oportunidades-portal/api/html/1957;21/08/2026;21/08/2026
1955;647/2023;2023;Departamento Nacional de Infraestrutura de Transportes;encerrado;Inscrições Encerradas;;1;;;infraestrutura(+1);;Analista em Infraestrutura de Transportes - Unidade Local de Jataí;https://oportunidades.sigepe.gov.br/oportunidades-portal/api/html/1955;21/08/2026;21/08/2026
1948;23.2/2024;2024;Ministério da Saúde;encerrado;Inscrições Encerradas;;-3;;Assessoria - SEMS/SC;Assessoria - SEMS/SC(-5), órgão-alvo(+2);;Assessoria - SEMS/SC | Serviço de Logística Administrativa - SELOA/SC;https://oportunidades.sigepe.gov.br/oportunidades-portal/api/html/1948;21/08/2026;21/08/2026
1946;643.3/2023;2023;Ministério do Desenvolvimento Agrário e Agricultura Familiar;encerrado;Inscrições Encerradas;;-1;;;órgão-alvo(+2), gratificação técnica(-3);;GSISTE - SIORG, NIVEL SUPERIOR, PARA A COGEP/MDA | GSISTE - SIPEC, NIVEL SUPERIOR, PARA A COGEP/MDA;https://oportunidades.sigepe.gov.br/oportunidades-portal/api/html/1946;21/08/2026;21/08/2026
1939;636.1/2023;2023;Ministério da Justiça e Segurança Pública;encerrado;Inscrições Encerradas;;3;;Brasília;Brasília(+1), órgão-alvo(+2);;COMPOSIÇÃO DE FORÇA DE TRABALHO NA COORDENAÇÃO-GERAL DE ARQUITETURA E ENGENHARIA;https://oportunidades.sigepe.gov.br/oportunidades-portal/api/html/1939;21/08/2026;21/08/2026
1938;639.1/2023;2023;Departamento Nacional de Infraestrutura de Transportes;encerrado;Inscrições Encerradas;;1;;;infraestrutura(+1);;Analista em Infraestrutura de Transportes - Unidade Local de Joinville/SRE-SC;https://oportunidades.sigepe.gov.br/oportunidades-portal/api/html/1938;21/08/2026;21/08/2026
1934;637/2023;2023;Conselho Administrativo de Defesa Econômica;encerrado;Inscrições Encerradas;;2;;;órgão-alvo(+2);;Coordenação de Estudos de Atos de Concentração | Núcleo de Serviços | Núcleo de Governança;https://oportunidades.sigepe.gov.br/oportunidades-portal/api/html/1934;21/08/2026;21/08/2026
1933;633/2023;2023;Ministério da Gestão e da Inovação em Serviços Públicos;encerrado;Inscrições Encerradas;;-1;chefia baixa;;chefia baixa(-3), órgão-alvo(+2);;CCE 1.07 - Chefe de Divisão;https://oportunidades.sigepe.gov.br/oportunidades-portal/api/html/1933;21/08/2026;21/08/2026
1932;638.2/2023;2023;Ministério da Gestão e da Inovação em Serviços Públicos;encerrado;Inscrições Encerradas;;-4;;Brasília;Brasília(+1), órgão-alvo(+2), gratificação técnica(-3), nível médio/intermediário(-4);"nível médio/intermediário; graduação específica";Processo seletivo para atuar na Corregedoria do MGI com concessão de GSISTE Nível intermediário;https://oportunidades.sigepe.gov.br/oportunidades-portal/api/html/1932;21/08/2026;21/08/2026
1929;629.1/2023;2023;Ministério da Justiça e Segurança Pública;encerrado;Inscrições Encerradas;;2;;;órgão-alvo(+2);;COMPOSIÇÃO DE FORÇA DE TRABALHO NA COMISSÃO DE ÉTICA DO MINISTÉRIO DA JUSTIÇA E SEGURANÇA PÚBLICA;https://oportunidades.sigepe.gov.br/oportunidades-portal/api/html/1929;21/08/2026;21/08/2026
1928;630.2/2023;2023;Ministério da Justiça e Segurança Pública;encerrado;Inscrições Encerradas;;-5;;;órgão-alvo(+2), gratificação técnica(-3), nível médio/intermediário(-4);nível médio/intermediário;GSISTE - NÍVEL INTERMEDIÁRIO - LICITAÇÕES E CONTRATOS;https://oportunidades.sigepe.gov.br/oportunidades-portal/api/html/1928;21/08/2026;21/08/2026
1927;631.1/2023;2023;Ministério da Justiça e Segurança Pública;encerrado;Inscrições Encerradas;;-1;chefia baixa;;chefia baixa(-3), órgão-alvo(+2);;FUNÇÃO COMISSIONADA EXECUTIVA DE CHEFE DE DIVISÃO FCE 1.07 - TECNOLOGIA DA INFORMAÇÃO E COMUNICAÇÃO;https://oportunidades.sigepe.gov.br/oportunidades-portal/api/html/1927;21/08/2026;21/08/2026
1923;16.1/2024;2024;Ministério da Fazenda;encerrado;Inscrições Encerradas;;2;;;órgão-alvo(+2);;Atividades relacionadas a gestão orçamentária e financeira - órgão setorial | Atividades relacionadas a gestão orçamentária e financeira - órgão setorial;https://oportunidades.sigepe.gov.br/oportunidades-portal/api/html/1923;21/08/2026;21/08/2026
1914;640/2023;2023;Conselho Nacional de Desenvolvimento Científico e Tecnológico;encerrado;Inscrições Encerradas;;0;;;;;Serviço de Apoio Administrativo da Diretoria de Cooperação Institucional, Internacional e Inovação;https://oportunidades.sigepe.gov.br/oportunidades-portal/api/html/1914;21/08/2026;21/08/2026
1913;78.1/2024;2024;Ministério do Desenvolvimento, Indústria, Comércio e Serviços;encerrado;Inscrições Encerradas;;3;coordenador (1.10);;coordenador (1.10)(+1), órgão-alvo(+2);;Coordenador de Análise de Projetos (FCE 1.10) | Chefe de Divisão de Avaliação e Monitoramento (FCE 1.07) | Chefe de Divisão de Análise de Projetos (FCE 1.07);https://oportunidades.sigepe.gov.br/oportunidades-portal/api/html/1913;21/08/2026;21/08/2026
1904;621.1/2023;2023;Ministério da Justiça e Segurança Pública;encerrado;Inscrições Encerradas;;-1;;;órgão-alvo(+2), gratificação técnica(-3);;GSISTE - Nível Superior - Gestão de Pessoas;https://oportunidades.sigepe.gov.br/oportunidades-portal/api/html/1904;21/08/2026;21/08/2026
1900;610.3/2023;2023;Fundação Cultural Palmares;encerrado;Inscrições Encerradas;;-3;chefia baixa;;chefia baixa(-3);;FCE 2.01 | FCE 1.07;https://oportunidades.sigepe.gov.br/oportunidades-portal/api/html/1900;21/08/2026;21/08/2026
1897;612.1/2023;2023;Ministério da Ciência, Tecnologia e Inovação;encerrado;Inscrições Encerradas;;-1;chefia baixa;;chefia baixa(-3), órgão-alvo(+2);;1 (uma) vaga para Chefe de Divisão de Redes, Processamento e Armazenamento de Dados do MCTI FCE 1.07;https://oportunidades.sigepe.gov.br/oportunidades-portal/api/html/1897;21/08/2026;21/08/2026
1896;145.1/2024;2024;Instituto Brasileiro de Museus;encerrado;Inscrições Encerradas;;-3;;Brasília;Brasília(+1), nível médio/intermediário(-4);nível médio/intermediário;Nível Superior - Comunicação - 40hs semanais - Programa de Gestão, híbrido - Brasília-DF | Nível Médio - Assistente Administrativo - 40hs semanais - Programa de Gestão, híbrido - Brasília-DF | Nível Superior - Biblioteconomia - 40hs semanais - Programa de Gestão, híbrido - Brasília-DF | Nível Superior - Ciência da Informação - 40hs semanais - Programa de Gestão, híbrido - Brasília-DF | Nível Super;https://oportunidades.sigepe.gov.br/oportunidades-portal/api/html/1896;21/08/2026;21/08/2026
1895;609/2023;2023;Ministério da Educação;encerrado;Inscrições Encerradas;;0;;Brasília;Brasília(+1), órgão-alvo(+2), gratificação técnica(-3);;Gratificação Temporária GSISTE de Nível Superior;https://oportunidades.sigepe.gov.br/oportunidades-portal/api/html/1895;21/08/2026;21/08/2026
1894;614.1/2023;2023;Instituto Brasileiro de Museus;encerrado;Inscrições Encerradas;;-4;;;nível médio/intermediário(-4);nível médio/intermediário;NÍVEL SUPERIOR  - ÁREA TÉCNICA | NÍVEL SUPERIOR  - ÁREA TÉCNICA | NÍVEL SUPERIOR  - ÁREA TÉCNICA | NÍVEL  SUPERIOR - ÁREA COMUNICAÇÃO | NÍVEL MÉDIO - ÁREA ADMINISTRATIVA | NÍVEL SUPERIOR - ÁREA ADMINISTRATIVA;https://oportunidades.sigepe.gov.br/oportunidades-portal/api/html/1894;21/08/2026;21/08/2026
1893;606.1/2023;2023;Ministério da Educação;encerrado;Inscrições Encerradas;;3;coordenador (1.10);;coordenador (1.10)(+1), órgão-alvo(+2);;Função Comissionada Executiva de Coordenador, código FCE 1.10.;https://oportunidades.sigepe.gov.br/oportunidades-portal/api/html/1893;21/08/2026;21/08/2026
1892;604/2023;2023;Conselho Nacional de Desenvolvimento Científico e Tecnológico;encerrado;Inscrições Encerradas;;3;;;planejamento estratégico(+2), infraestrutura(+1);;Coordenação-Geral de Administração e Logística;https://oportunidades.sigepe.gov.br/oportunidades-portal/api/html/1892;21/08/2026;21/08/2026
1890;607/2023;2023;Ministério da Educação;encerrado;Inscrições Encerradas;;-4;chefia baixa;;chefia baixa(-3), órgão-alvo(+2), gratificação técnica(-3);;FCE 1.05 - Serviço de Atendimento às Vinculadas | FCE 1.07 - Divisão de Cadastro | Força de trabalho em PGD integral | GSISTE - CGGP | FCE 1.07 - Divisão de Ações Judiciais e Ouvidoria | FCE 1.05 - Serviço de Registros Funcionais;https://oportunidades.sigepe.gov.br/oportunidades-portal/api/html/1890;21/08/2026;21/08/2026
1889;603.4/2023;2023;Ministério da Gestão e da Inovação em Serviços Públicos;encerrado;Inscrições Encerradas;;-1;;;órgão-alvo(+2), gratificação técnica(-3);;GSISTE NS MGI;https://oportunidades.sigepe.gov.br/oportunidades-portal/api/html/1889;21/08/2026;21/08/2026
1883;599.3/2023;2023;Fundação Cultural Palmares;encerrado;Inscrições Encerradas;;-3;chefia baixa;;chefia baixa(-3);;FCE 1.07;https://oportunidades.sigepe.gov.br/oportunidades-portal/api/html/1883;21/08/2026;21/08/2026
1881;598.1/2023;2023;Ministério da Justiça e Segurança Pública;encerrado;Inscrições Encerradas;;-1;;;órgão-alvo(+2), gratificação técnica(-3);;Posto de Trabalho DIACO/0204 na Coordenação-Geral de Contabilidade, com GSISTE Nível Superior;https://oportunidades.sigepe.gov.br/oportunidades-portal/api/html/1881;21/08/2026;21/08/2026
1879;594.1/2023;2023;Departamento Nacional de Infraestrutura de Transportes;encerrado;Inscrições Encerradas;;1;;;infraestrutura(+1);;Ouvidoria;https://oportunidades.sigepe.gov.br/oportunidades-portal/api/html/1879;21/08/2026;21/08/2026
1878;595.1/2023;2023;Departamento Nacional de Infraestrutura de Transportes;encerrado;Inscrições Encerradas;;-2;chefia baixa;;chefia baixa(-3), infraestrutura(+1);;Chefe do Serviço de Apoio Administrativo - FCE 1.02;https://oportunidades.sigepe.gov.br/oportunidades-portal/api/html/1878;21/08/2026;21/08/2026
1877;592.1/2023;2023;Ministério do Meio Ambiente e Mudança do Clima;encerrado;Inscrições Encerradas;;-1;chefia baixa;;chefia baixa(-3), órgão-alvo(+2);;Função Comissionada Executiva: FCE 3.05 - Chefe de Projeto I.;https://oportunidades.sigepe.gov.br/oportunidades-portal/api/html/1877;21/08/2026;21/08/2026
1876;593.1/2023;2023;Ministério da Saúde;encerrado;Inscrições Encerradas;;-1;chefia baixa;;chefia baixa(-3), órgão-alvo(+2);;Chefe do Serviço de Gestão Técnica Administrativa  - FCE 1.05;https://oportunidades.sigepe.gov.br/oportunidades-portal/api/html/1876;21/08/2026;21/08/2026
1875;597.2/2023;2023;Ministério da Justiça e Segurança Pública;encerrado;Inscrições Encerradas;;3;;Brasília;Brasília(+1), órgão-alvo(+2);;Especialista em Governança de TI | Especialista em Infraestrutura de TI | Especialista em Desenvolvimento e Sustentação de Sistemas;https://oportunidades.sigepe.gov.br/oportunidades-portal/api/html/1875;21/08/2026;21/08/2026
1874;623.2/2023;2023;Ministério da Saúde;encerrado;Inscrições Encerradas;;4;;;monitoramento e avaliação(+2), órgão-alvo(+2);;Cargo 1 | Cargo 2;https://oportunidades.sigepe.gov.br/oportunidades-portal/api/html/1874;21/08/2026;21/08/2026
1873;596/2023;2023;Conselho Nacional de Desenvolvimento Científico e Tecnológico;encerrado;Inscrições Encerradas;;0;;;;;Serviço de Qualidade de Vida no Trabalho - SEQVT/CODQV;https://oportunidades.sigepe.gov.br/oportunidades-portal/api/html/1873;21/08/2026;21/08/2026
1870;584.1/2023;2023;Ministério do Meio Ambiente e Mudança do Clima;encerrado;Inscrições Encerradas;;-1;chefia baixa;;chefia baixa(-3), órgão-alvo(+2);;Função Comissionada Executiva: FCE 3.07 - Chefe de Projeto II.;https://oportunidades.sigepe.gov.br/oportunidades-portal/api/html/1870;21/08/2026;21/08/2026
1867;585.3/2023;2023;Ministério da Gestão e da Inovação em Serviços Públicos;encerrado;Inscrições Encerradas;;8;secretário/diretor;;secretário/diretor(+6), órgão-alvo(+2);;DIRETOR - DIRETORIA DE CARREIRAS E DESENVOLVIMENTO DE PESSOAS / SGP / MGI - FCE 1.15;https://oportunidades.sigepe.gov.br/oportunidades-portal/api/html/1867;21/08/2026;21/08/2026
1861;576.1/2023;2023;Ministério do Planejamento e Orçamento;encerrado;Inscrições Encerradas;;2;;;órgão-alvo(+2);;Analista de Organismos Internacionais, Desenvolvimento e Comércio Exterior (Realocação de Pessoal);https://oportunidades.sigepe.gov.br/oportunidades-portal/api/html/1861;21/08/2026;21/08/2026
1860;575.1/2023;2023;Ministério do Planejamento e Orçamento;encerrado;Inscrições Encerradas;;2;;;órgão-alvo(+2);;Analista de Organismos Internacionais, Desenvolvimento e Comércio Exterior (Indicação Consensual);https://oportunidades.sigepe.gov.br/oportunidades-portal/api/html/1860;21/08/2026;21/08/2026
1854;572.1/2023;2023;Ministério da Justiça e Segurança Pública;encerrado;Inscrições Encerradas;;3;;Brasília;Brasília(+1), órgão-alvo(+2);;Assessoria Técnica;https://oportunidades.sigepe.gov.br/oportunidades-portal/api/html/1854;21/08/2026;21/08/2026
1852;571.2/2023;2023;Instituto Brasileiro de Museus;encerrado;Inscrições Encerradas;;0;;;;;Chefia do Serviço de Comunicação do Ibram;https://oportunidades.sigepe.gov.br/oportunidades-portal/api/html/1852;21/08/2026;21/08/2026
1850;569/2023;2023;Ministério da Justiça e Segurança Pública;encerrado;Inscrições Encerradas;;-1;chefia baixa;;chefia baixa(-3), órgão-alvo(+2);;Posto de Trabalho AECI/0801 para ocupar Função Comissionada de Chefe de Divisão (FCE 1.07);https://oportunidades.sigepe.gov.br/oportunidades-portal/api/html/1850;21/08/2026;21/08/2026
1849;570.1/2023;2023;Conselho Administrativo de Defesa Econômica;encerrado;Inscrições Encerradas;;-3;chefia baixa;;chefia baixa(-3);;Chefe do Serviço de Apoio Processual (SEAPRO) - FCE 1.05 | Chefe de Divisão de Acompanhamento Processual (DIAP) - FCE 1.07;https://oportunidades.sigepe.gov.br/oportunidades-portal/api/html/1849;21/08/2026;21/08/2026
1846;565.3/2023;2023;Agência Nacional de Águas e Saneamento Básico;encerrado;Inscrições Encerradas;;0;;;;;Licitação;https://oportunidades.sigepe.gov.br/oportunidades-portal/api/html/1846;21/08/2026;21/08/2026
1844;581.2/2023;2023;Ministério do Trabalho e Previdência;encerrado;Inscrições Encerradas;;3;coordenador (1.10);;coordenador (1.10)(+1), órgão-alvo(+2);;Assessor Técnico Especializado  FCE 4.04 | Chefe de Serviço de Suporte à Análise - FCE 1.05 | Chefe de Divisão - FCE 1.07 | Chefe de Divisão - FCE 1.07;https://oportunidades.sigepe.gov.br/oportunidades-portal/api/html/1844;21/08/2026;21/08/2026
1838;560.1/2023;2023;Ministério da Gestão e da Inovação em Serviços Públicos;encerrado;Inscrições Encerradas;;-1;;;órgão-alvo(+2), gratificação técnica(-3);;Projetos da Identificação Civil;https://oportunidades.sigepe.gov.br/oportunidades-portal/api/html/1838;21/08/2026;21/08/2026
1835;573.1/2023;2023;Ministério da Justiça e Segurança Pública;encerrado;Inscrições Encerradas;;3;;Brasília;Brasília(+1), órgão-alvo(+2);;Analista em Governança, Processos e Integridade | Gestão de Projetos;https://oportunidades.sigepe.gov.br/oportunidades-portal/api/html/1835;21/08/2026;21/08/2026
1834;577.1/2023;2023;Ministério da Justiça e Segurança Pública;encerrado;Inscrições Encerradas;;3;;Brasília;Brasília(+1), órgão-alvo(+2);;Fiscalização: Analista em Proteção de Dados Pessoais II;https://oportunidades.sigepe.gov.br/oportunidades-portal/api/html/1834;21/08/2026;21/08/2026
1833;578.2/2023;2023;Ministério da Justiça e Segurança Pública;encerrado;Inscrições Encerradas;;3;;Brasília;Brasília(+1), órgão-alvo(+2);;Especialista em Privacidade: Política Pública;https://oportunidades.sigepe.gov.br/oportunidades-portal/api/html/1833;21/08/2026;21/08/2026
1831;562.1/2023;2023;Ministério do Desenvolvimento Agrário e Agricultura Familiar;encerrado;Inscrições Encerradas;;-1;chefia baixa;;chefia baixa(-3), órgão-alvo(+2);;Chefe de Divisão - Divisão de Inclusão Produtiva | Chefe de Divisão - Divisão de Acompanhamento do PGPAF;https://oportunidades.sigepe.gov.br/oportunidades-portal/api/html/1831;21/08/2026;21/08/2026
1829;558/2023;2023;Ministério da Fazenda;encerrado;Inscrições Encerradas;;-1;coordenador (1.10);;coordenador (1.10)(+1), órgão-alvo(+2), nível médio/intermediário(-4);nível médio/intermediário;1 Função Comissionada Executiva - FCE 1.10;https://oportunidades.sigepe.gov.br/oportunidades-portal/api/html/1829;21/08/2026;21/08/2026
1828;556/2023;2023;Departamento Nacional de Infraestrutura de Transportes;encerrado;Inscrições Encerradas;;-2;chefia baixa;;chefia baixa(-3), infraestrutura(+1);;Chefe de Serviço de Construção Terrestre - (FCE 1.05) | Chefe de Serviço de Desapropriação, Reassentamento e Meio Ambiente - (FCE 1.05);https://oportunidades.sigepe.gov.br/oportunidades-portal/api/html/1828;21/08/2026;21/08/2026
1826;554/2023;2023;Departamento Nacional de Infraestrutura de Transportes;encerrado;Inscrições Encerradas;;-2;chefia baixa;;chefia baixa(-3), infraestrutura(+1);;Chefe do Serviço de Construção Terrestre - FCE 1.05 | Serviço de Construção Terrestre -  Analista em Infraestrutura de Transportes/Engenheiro Civil;https://oportunidades.sigepe.gov.br/oportunidades-portal/api/html/1826;21/08/2026;21/08/2026
1824;555.1/2023;2023;Departamento Nacional de Infraestrutura de Transportes;encerrado;Inscrições Encerradas;;1;;;infraestrutura(+1);;Coordenação de Engenharia - Superintendência Regional do DNIT no Estado do Mato Grosso;https://oportunidades.sigepe.gov.br/oportunidades-portal/api/html/1824;21/08/2026;21/08/2026
1823;553.1/2023;2023;Ministério da Justiça e Segurança Pública;encerrado;Inscrições Encerradas;;-1;chefia baixa;;chefia baixa(-3), órgão-alvo(+2);;Gestão de Pessoas - Legislação e Benefícios | Gestão de Pessoas - Chefe de Desenvolvimento | Gestão de Pessoas - Desenvolvimento | Chefe do Serviço Orçamentário;https://oportunidades.sigepe.gov.br/oportunidades-portal/api/html/1823;21/08/2026;21/08/2026
1818;550.2/2023;2023;Ministério da Justiça e Segurança Pública;encerrado;Inscrições Encerradas;;-1;chefia baixa;;chefia baixa(-3), órgão-alvo(+2);;Posto de Trabalho SEGEC/0812, na SENASP, com FCE 1.05 (Chefe de Serviço);https://oportunidades.sigepe.gov.br/oportunidades-portal/api/html/1818;21/08/2026;21/08/2026
1816;546.1/2023;2023;Ministério do Meio Ambiente e Mudança do Clima;encerrado;Inscrições Encerradas;;-5;;;órgão-alvo(+2), gratificação técnica(-3), nível médio/intermediário(-4);nível médio/intermediário;GSISP, DE NÍVEL INTERMEDIÁRIO.;https://oportunidades.sigepe.gov.br/oportunidades-portal/api/html/1816;21/08/2026;21/08/2026
1814;544/2023;2023;Fundação Cultural Palmares;encerrado;Inscrições Encerradas;;-3;chefia baixa;;chefia baixa(-3);;FCE 1.07;https://oportunidades.sigepe.gov.br/oportunidades-portal/api/html/1814;21/08/2026;21/08/2026
1813;542.3/2023;2023;Ministério do Planejamento e Orçamento;encerrado;Inscrições Encerradas;;3;coordenador (1.10);;coordenador (1.10)(+1), órgão-alvo(+2);;FCE 1.10 - Secretaria de Articulação Institucional;https://oportunidades.sigepe.gov.br/oportunidades-portal/api/html/1813;21/08/2026;21/08/2026
1810;543.2/2023;2023;Ministério do Planejamento e Orçamento;encerrado;Inscrições Encerradas;;-1;chefia baixa;;chefia baixa(-3), órgão-alvo(+2);;FCE 1.07 - Secretaria de Articulação Institucional;https://oportunidades.sigepe.gov.br/oportunidades-portal/api/html/1810;21/08/2026;21/08/2026
1803;536.2/2023;2023;Ministério da Saúde;encerrado;Inscrições Encerradas;;2;;;órgão-alvo(+2);;Nível Superior - Saúde | Nível Superior - Gestão de Contratos | Nível Superior - Gestão Administrativa | Nível Superior - Tecnologia da Informação | Nível Superior - Gestão Orçamentária e Financeira;https://oportunidades.sigepe.gov.br/oportunidades-portal/api/html/1803;21/08/2026;21/08/2026
1801;535.1/2023;2023;Ministério da Saúde;encerrado;Inscrições Encerradas;;3;;Brasília;Brasília(+1), órgão-alvo(+2);;Chefe da Casa de Apoio à Saúde Indígena Nacional;https://oportunidades.sigepe.gov.br/oportunidades-portal/api/html/1801;21/08/2026;21/08/2026
1800;537.2/2023;2023;Ministério da Saúde;encerrado;Inscrições Encerradas;;-2;;;órgão-alvo(+2), nível médio/intermediário(-4);nível médio/intermediário;Profissional de Nível Superior | Profissional de Nível Superior | Profissional de Nível Médio;https://oportunidades.sigepe.gov.br/oportunidades-portal/api/html/1800;21/08/2026;21/08/2026
1799;540/2023;2023;Ministério da Gestão e da Inovação em Serviços Públicos;encerrado;Inscrições Encerradas;;3;coordenador (1.10);;coordenador (1.10)(+1), órgão-alvo(+2);;2 (duas) vagas de Assessor Técnico Especializado (FCE 4.05);https://oportunidades.sigepe.gov.br/oportunidades-portal/api/html/1799;21/08/2026;21/08/2026
1798;534/2023;2023;Ministério da Gestão e da Inovação em Serviços Públicos;encerrado;Inscrições Encerradas;;-1;chefia baixa;;chefia baixa(-3), órgão-alvo(+2);;FCE 1.05 - Coordenação-Geral  de Gestão de Demandas e Inovação;https://oportunidades.sigepe.gov.br/oportunidades-portal/api/html/1798;21/08/2026;21/08/2026
1796;532.1/2023;2023;Ministério da Gestão e da Inovação em Serviços Públicos;encerrado;Inscrições Encerradas;;-1;;;órgão-alvo(+2), gratificação técnica(-3);;Gratificação Temporária do Sistema de Administração de Recursos de Tecnologia da Informação (GSISP);https://oportunidades.sigepe.gov.br/oportunidades-portal/api/html/1796;21/08/2026;21/08/2026
1793;524.1/2023;2023;Ministério do Planejamento e Orçamento;encerrado;Inscrições Encerradas;;-1;;;órgão-alvo(+2), gratificação técnica(-3);;GSISTE - nível superior (Assessoria Especial de Controle Interno);https://oportunidades.sigepe.gov.br/oportunidades-portal/api/html/1793;21/08/2026;21/08/2026
1789;530.2/2023;2023;Instituto Brasileiro de Museus;encerrado;Inscrições Encerradas;;-4;;;nível médio/intermediário(-4);nível médio/intermediário;Nível Superior - Contabilidade | Nível Superior - Administração | Nível Superior - Administração | Nível Médio - Assistente Administrativo | Nível Superior - Engenharia Civil | Nível Superior - Arquitetura e Urbanismo | Nível Superior - Jornalismo/ Comunicação Social | Nível Superior - Administração | Nível Médio - Assistente Administrativo | Nível Superior - Administração | Nível Médio - Assisten;https://oportunidades.sigepe.gov.br/oportunidades-portal/api/html/1789;21/08/2026;21/08/2026
1788;528.1/2023;2023;Ministério do Meio Ambiente e Mudança do Clima;encerrado;Inscrições Encerradas;;-1;;;órgão-alvo(+2), gratificação técnica(-3);;GSISTE de Nível Superior;https://oportunidades.sigepe.gov.br/oportunidades-portal/api/html/1788;21/08/2026;21/08/2026
1785;518.1/2023;2023;Ministério da Gestão e da Inovação em Serviços Públicos;encerrado;Inscrições Encerradas;;-1;;;órgão-alvo(+2), gratificação técnica(-3);;Gratificação Temporária GSISP;https://oportunidades.sigepe.gov.br/oportunidades-portal/api/html/1785;21/08/2026;21/08/2026
1783;515/2023;2023;Ministério da Fazenda;encerrado;Inscrições Encerradas;;-4;chefia baixa;;chefia baixa(-3), órgão-alvo(+2), gratificação técnica(-3);;GSISTE - NÍVEL SUPERIOR | FCE 1.07;https://oportunidades.sigepe.gov.br/oportunidades-portal/api/html/1783;21/08/2026;21/08/2026
1782;520.3/2023;2023;Ministério do Desenvolvimento Agrário e Agricultura Familiar;encerrado;Inscrições Encerradas;;-1;;;órgão-alvo(+2), gratificação técnica(-3);;GSISTE - Nível Superior na Coordenação de Contabilidade do MDA. | GSISTE - Nível Superior na Coordenação de Finanças do MDA;https://oportunidades.sigepe.gov.br/oportunidades-portal/api/html/1782;21/08/2026;21/08/2026
1781;513.1/2023;2023;Instituto Brasileiro de Museus;encerrado;Inscrições Encerradas;;-4;;;nível médio/intermediário(-4);nível médio/intermediário;NÍVEL SUPERIOR - ÁREA ADMINISTRATIVA | NÍVEL MÉDIO - ÁREA ADMINISTRATIVA | NÍVEL  SUPERIOR - ÁREA COMUNICAÇÃO | NÍVEL TÉCNICO E/OU SUPERIOR  - ÁREA TÉCNICA;https://oportunidades.sigepe.gov.br/oportunidades-portal/api/html/1781;21/08/2026;21/08/2026
1780;521.2/2023;2023;Ministério do Desenvolvimento Agrário e Agricultura Familiar;encerrado;Inscrições Encerradas;;-1;chefia baixa;;chefia baixa(-3), órgão-alvo(+2);;Chefe de Divisão no Gabinete da Secretaria de Agricultura Familiar e Agroecologia do MDA;https://oportunidades.sigepe.gov.br/oportunidades-portal/api/html/1780;21/08/2026;21/08/2026
1779;600/2023;2023;Comando do Exército;encerrado;Inscrições Encerradas;;-2;;Brasília;Brasília(+1), gratificação técnica(-3);;GSISTE;https://oportunidades.sigepe.gov.br/oportunidades-portal/api/html/1779;21/08/2026;21/08/2026
1778;527/2023;2023;Departamento Nacional de Infraestrutura de Transportes;encerrado;Inscrições Encerradas;;1;;;infraestrutura(+1);;Serviço de Contabilidade e Finanças - 01 vaga para Analista Administrativo ou Técnico Administrativo;https://oportunidades.sigepe.gov.br/oportunidades-portal/api/html/1778;21/08/2026;21/08/2026
1777;526.1/2023;2023;Departamento Nacional de Infraestrutura de Transportes;encerrado;Inscrições Encerradas;;-2;chefia baixa;;chefia baixa(-3), infraestrutura(+1);;Chefe do Serviço de Manutenção Aquaviária (FCE 1.05);https://oportunidades.sigepe.gov.br/oportunidades-portal/api/html/1777;21/08/2026;21/08/2026
1776;519.2/2023;2023;Ministério do Desenvolvimento Agrário e Agricultura Familiar;encerrado;Inscrições Encerradas;;-6;;Monitoramento-CGEEST/SE;Monitoramento-CGEEST/SE(-5), políticas públicas(+1), órgão-alvo(+2), nível médio/intermediário(-4);nível médio/intermediário;Ministério do Desenvolvimento Agrário e Agricultura Familiar-Divisão de Monitoramento-CGEEST/SE/MDA | Ministério do Desenvolvimento Agrário e Agricultura Familiar - Divisão de Articulação CGEEST/SE/MDA;https://oportunidades.sigepe.gov.br/oportunidades-portal/api/html/1776;21/08/2026;21/08/2026
1775;510.1/2023;2023;Ministério da Justiça e Segurança Pública;encerrado;Inscrições Encerradas;;-5;;;órgão-alvo(+2), gratificação técnica(-3), nível médio/intermediário(-4);nível médio/intermediário;Posto de Trabalho SADE/0118 - com GSISTE Nível Intermediário;https://oportunidades.sigepe.gov.br/oportunidades-portal/api/html/1775;21/08/2026;21/08/2026
1773;511.1/2023;2023;Ministério da Justiça e Segurança Pública;encerrado;Inscrições Encerradas;;-1;chefia baixa;;chefia baixa(-3), órgão-alvo(+2);;Posto de Trabalho SEREF/0002 - Função Comissionada Executiva de Chefe de Serviço (FCE 1.05);https://oportunidades.sigepe.gov.br/oportunidades-portal/api/html/1773;21/08/2026;21/08/2026
1772;529.2/2023;2023;Ministério da Ciência, Tecnologia e Inovação;encerrado;Inscrições Encerradas;;4;;;pesquisa(+1), infraestrutura(+1), órgão-alvo(+2);;Design Gráfico | Programação Computacional | Gestão de Projetos | Gestão Administrativa | Administração de plataforma Moodle institucional | Auxiliar de Biblioteca | Auxiliar de Arquivo | Serviço de Recursos Humanos - SEREH | Serviço de Compras, Infraestrutura e Logística - SECIL | Pesquisador em Ciência e Tecnologia | Auxiliar de Conservação e Restauro de Acervos em Papel | Serviço de Orçamento e;https://oportunidades.sigepe.gov.br/oportunidades-portal/api/html/1772;21/08/2026;21/08/2026
1771;508/2023;2023;Ministério da Educação;encerrado;Inscrições Encerradas;;-1;;;órgão-alvo(+2), gratificação técnica(-3);;GSISTE NÍVEL SUPERIOR;https://oportunidades.sigepe.gov.br/oportunidades-portal/api/html/1771;21/08/2026;21/08/2026
1770;13.1/2024;2024;Ministério da Gestão e da Inovação em Serviços Públicos;encerrado;Inscrições Encerradas;;5;;;cenários(+3), órgão-alvo(+2);;Serviço de Dimensionamento e Acompanhamento de Equipes - SEDIM | Divisão de Provimento e Dimensionamento da Força de Trabalho - DIPRO;https://oportunidades.sigepe.gov.br/oportunidades-portal/api/html/1770;21/08/2026;21/08/2026
1769;507.1/2023;2023;VALEC - Engenharia, Construções e Ferrovias S.A.;encerrado;Inscrições Encerradas;;1;;;geoprocessamento(+1);;4 - Licenciamento Ambiental - Meio Biótico: Flora, estudos ambientais e projetos de plantio | 5 - Licenciamento Ambiental - Estudos Ambientais, recuperação de passivos e áreas degradadas. | 9 - Licenciamento e Estudos de Projetos Portuários | 13 - Administrativo 1 - Gestão de Contratos e Planejamento Orçamentário | 18 - Desapropriação 1 | 19 - Desapropriação 2 | 24 - Inovação e Sustentabilidade 3 ;https://oportunidades.sigepe.gov.br/oportunidades-portal/api/html/1769;21/08/2026;21/08/2026
1768;506.2/2023;2023;Ministério da Educação;encerrado;Inscrições Encerradas;;-4;chefia baixa;;chefia baixa(-3), órgão-alvo(+2), gratificação técnica(-3);;Chefe de Divisão, código FCE 1.07;https://oportunidades.sigepe.gov.br/oportunidades-portal/api/html/1768;21/08/2026;21/08/2026
1766;509.2/2023;2023;Ministério da Saúde;encerrado;Inscrições Encerradas;;-3;;SAA/SE;SAA/SE(-5), órgão-alvo(+2);;Educação - Nível Superior;https://oportunidades.sigepe.gov.br/oportunidades-portal/api/html/1766;21/08/2026;21/08/2026
1761;501.1/2023;2023;Ministério da Justiça e Segurança Pública;encerrado;Inscrições Encerradas;;-1;;;órgão-alvo(+2), gratificação técnica(-3);;Posto de Trabalho CGAE/159 com GSISTE Nível Superior;https://oportunidades.sigepe.gov.br/oportunidades-portal/api/html/1761;21/08/2026;21/08/2026
1759;498/2023;2023;Ministério da Agricultura, Pecuária e Abastecimento;encerrado;Inscrições Encerradas;;2;coordenador (1.10);Brasília;coordenador (1.10)(+1), Brasília(+1);;1 (FCE 1.10) Coordenador;https://oportunidades.sigepe.gov.br/oportunidades-portal/api/html/1759;21/08/2026;21/08/2026
1757;496.1/2023;2023;Ministério da Gestão e da Inovação em Serviços Públicos;encerrado;Inscrições Encerradas;;3;coordenador (1.10);;coordenador (1.10)(+1), órgão-alvo(+2);;1 VAGA DE COORDENADOR DO SISTEMA DE COMPRAS (FCE 1.10);https://oportunidades.sigepe.gov.br/oportunidades-portal/api/html/1757;21/08/2026;21/08/2026
1754;494.1/2023;2023;VALEC - Engenharia, Construções e Ferrovias S.A.;encerrado;Inscrições Encerradas;;5;;;modelagem(+3), ciência de dados(+1), infraestrutura(+1);;1 - Auditoria de Obras de Infraestrutura de Transportes e Concessões | 2 - Auditoria em áreas de Tecnologia da Informação | 10 - Conformidade | 11 - Conformidade | 13 - Legislação de Pessoal | 15 - Desenvolvimento de Pessoas | 9 - Análise Jurídica - Processos Administrativos | 18 - Governança de TI | 20 - Desenvolvimento de Sistemas -  (Área - Banco de Dados) | 21 - Desenvolvimento de Sistemas (Ár;https://oportunidades.sigepe.gov.br/oportunidades-portal/api/html/1754;21/08/2026;21/08/2026
1752;485/2023;2023;Ministério da Justiça e Segurança Pública;encerrado;Inscrições Encerradas;;2;;;órgão-alvo(+2);;Posto de Trabalho nº 159;https://oportunidades.sigepe.gov.br/oportunidades-portal/api/html/1752;21/08/2026;21/08/2026
1750;486/2023;2023;Ministério da Justiça e Segurança Pública;encerrado;Inscrições Encerradas;;2;;;órgão-alvo(+2);;Posto de Trabalho nº 1004;https://oportunidades.sigepe.gov.br/oportunidades-portal/api/html/1750;21/08/2026;21/08/2026
1749;488.1/2023;2023;Ministério da Justiça e Segurança Pública;encerrado;Inscrições Encerradas;;2;;;órgão-alvo(+2);;Posto de Trabalho nº 2041;https://oportunidades.sigepe.gov.br/oportunidades-portal/api/html/1749;21/08/2026;21/08/2026
1748;489.1/2023;2023;Ministério da Justiça e Segurança Pública;encerrado;Inscrições Encerradas;;2;;;órgão-alvo(+2);;Posto de Trabalho nº 2040;https://oportunidades.sigepe.gov.br/oportunidades-portal/api/html/1748;21/08/2026;21/08/2026
1747;487/2023;2023;Ministério da Justiça e Segurança Pública;encerrado;Inscrições Encerradas;;2;;;órgão-alvo(+2);;Posto de Trabalho nº 2042;https://oportunidades.sigepe.gov.br/oportunidades-portal/api/html/1747;21/08/2026;21/08/2026
1746;483/2023;2023;Ministério da Justiça e Segurança Pública;encerrado;Inscrições Encerradas;;2;;;órgão-alvo(+2);;Posto de Trabalho nº 630;https://oportunidades.sigepe.gov.br/oportunidades-portal/api/html/1746;21/08/2026;21/08/2026
1745;484/2023;2023;Ministério da Justiça e Segurança Pública;encerrado;Inscrições Encerradas;;2;;;órgão-alvo(+2);;Posto de Trabalho nº 625;https://oportunidades.sigepe.gov.br/oportunidades-portal/api/html/1745;21/08/2026;21/08/2026
1735;493/2023;2023;Conselho Administrativo de Defesa Econômica;encerrado;Inscrições Encerradas;;0;;;;;Serviço de Treinamento e Desenvolvimento - SETED | Coordenação-Geral de Gestão Estratégica de Pessoas - Gabinete | Serviço de Apoio à Gestão Estratégica de Pessoas - SAGEP | Serviço de Administração de Pessoal - SEAPE;https://oportunidades.sigepe.gov.br/oportunidades-portal/api/html/1735;21/08/2026;21/08/2026
1734;512.6/2023;2023;Ministério da Gestão e da Inovação em Serviços Públicos;encerrado;Inscrições Encerradas;;2;;;órgão-alvo(+2);;Coordenação Geral de Licitações - CGLIC | Coordenação-Geral de Estratégias em Aquisições e Contratações - CGEST | Coordenação-Geral de Serviços Compartilhados -CGSEC | Coordenação-Geral de Contratações de Tecnologia da Informação e Comunicação  - CGTIC | Coordenação-Geral de Gestão de Atas e Contratos - CGGAC;https://oportunidades.sigepe.gov.br/oportunidades-portal/api/html/1734;21/08/2026;21/08/2026
1732;478.1/2023;2023;Ministério da Ciência, Tecnologia e Inovação;encerrado;Inscrições Encerradas;;-1;;;órgão-alvo(+2), gratificação técnica(-3);;GSISP DE NÍVEL SUPERIOR - MCTI;https://oportunidades.sigepe.gov.br/oportunidades-portal/api/html/1732;21/08/2026;21/08/2026
1731;490.1/2023;2023;Ministério das Relações Exteriores;encerrado;Inscrições Encerradas;;-3;;;gratificação técnica(-3);;Bibliotecário(a);https://oportunidades.sigepe.gov.br/oportunidades-portal/api/html/1731;21/08/2026;21/08/2026
1730;470.1/2023;2023;Ministério da Agricultura, Pecuária e Abastecimento;encerrado;Inscrições Encerradas;;-3;;;gratificação técnica(-3);;1 (uma) GSISTE/SIPEC de nível superior;https://oportunidades.sigepe.gov.br/oportunidades-portal/api/html/1730;21/08/2026;21/08/2026
1729;471/2023;2023;Ministério da Gestão e da Inovação em Serviços Públicos;encerrado;Inscrições Encerradas;;4;coordenador (1.10);Brasília;coordenador (1.10)(+1), Brasília(+1), órgão-alvo(+2);;Inventariança do extinto FND/DECIPEX/MGI-Brasília/DF - FCE 1.10;https://oportunidades.sigepe.gov.br/oportunidades-portal/api/html/1729;21/08/2026;21/08/2026
1727;497/2023;2023;Agência Nacional de Saúde Suplementar;encerrado;Inscrições Encerradas;;0;;;;;Gerência de Acompanhamento Especial das Operadoras;https://oportunidades.sigepe.gov.br/oportunidades-portal/api/html/1727;21/08/2026;21/08/2026
1726;479/2023;2023;Fundação Cultural Palmares;encerrado;Inscrições Encerradas;;-3;chefia baixa;;chefia baixa(-3);;3 (três) servidores públicos federais para ocuparem Funções Comissionadas Executivas (FCE 1.07);https://oportunidades.sigepe.gov.br/oportunidades-portal/api/html/1726;21/08/2026;21/08/2026
1723;474.1/2023;2023;Ministério da Gestão e da Inovação em Serviços Públicos;encerrado;Inscrições Encerradas;;-5;;;órgão-alvo(+2), gratificação técnica(-3), nível médio/intermediário(-4);nível médio/intermediário;1 (uma) vaga para atuação na DIATA/SGD com percepção de GSISTE/NI;https://oportunidades.sigepe.gov.br/oportunidades-portal/api/html/1723;21/08/2026;21/08/2026
1722;476.6/2023;2023;Instituto Federal de Educação, Ciência e Tecnologia do Ceará;encerrado;Inscrições Encerradas;;-4;;;nível médio/intermediário(-4);nível médio/intermediário;Nível Médio | Nível Superior - Contador;https://oportunidades.sigepe.gov.br/oportunidades-portal/api/html/1722;21/08/2026;21/08/2026
1721;468.2/2023;2023;Ministério do Planejamento e Orçamento;encerrado;Inscrições Encerradas;;2;;;órgão-alvo(+2);;Analista de Projetos de Integração Regional;https://oportunidades.sigepe.gov.br/oportunidades-portal/api/html/1721;21/08/2026;21/08/2026
1712;467.1/2023;2023;Ministério da Gestão e da Inovação em Serviços Públicos;encerrado;Inscrições Encerradas;;-1;;;órgão-alvo(+2), gratificação técnica(-3);;GSISP-NS para atuar na CGGOV da Secretaria de Governo Digital/MGI;https://oportunidades.sigepe.gov.br/oportunidades-portal/api/html/1712;21/08/2026;21/08/2026
1709;456.2/2023;2023;Instituto Nacional da Propriedade Industrial;encerrado;Inscrições Encerradas;;-5;;Rio de Janeiro/RJ;Rio de Janeiro/RJ(-5);;NIVEL SUPERIOR  4 (QUATRO) VAGAS;https://oportunidades.sigepe.gov.br/oportunidades-portal/api/html/1709;21/08/2026;21/08/2026
1707;457/2023;2023;Ministério da Educação;encerrado;Inscrições Encerradas;;-2;;;órgão-alvo(+2), nível médio/intermediário(-4);nível médio/intermediário;Servidores ocupantes de cargos de nível médio ou superior.;https://oportunidades.sigepe.gov.br/oportunidades-portal/api/html/1707;21/08/2026;21/08/2026
1703;481.1/2023;2023;Fundação Nacional de Artes;encerrado;Inscrições Encerradas;;-3;chefia baixa;;chefia baixa(-3);;Chefe de Serviço de Protocolo;https://oportunidades.sigepe.gov.br/oportunidades-portal/api/html/1703;21/08/2026;21/08/2026
1702;466/2023;2023;Agência Nacional de Saúde Suplementar;encerrado;Inscrições Encerradas;;0;;;;;Coordenadoria de Cancelamento de Registro e de Liquidação (COCAL);https://oportunidades.sigepe.gov.br/oportunidades-portal/api/html/1702;21/08/2026;21/08/2026
1699;453.1/2023;2023;Departamento Nacional de Infraestrutura de Transportes;encerrado;Inscrições Encerradas;;-2;chefia baixa;;chefia baixa(-3), infraestrutura(+1);;Analista em Infraestrutura de Transportes ou Engenheiro - Unidade Local de Mafra | Chefe de Serviço (FCE 1.05) - Unidade Local de Chapecó;https://oportunidades.sigepe.gov.br/oportunidades-portal/api/html/1699;21/08/2026;21/08/2026
1698;454.1/2023;2023;Departamento Nacional de Infraestrutura de Transportes;encerrado;Inscrições Encerradas;;-2;chefia baixa;;chefia baixa(-3), infraestrutura(+1);;Chefe do Setor de Capacitação (FCE 1.02);https://oportunidades.sigepe.gov.br/oportunidades-portal/api/html/1698;21/08/2026;21/08/2026
1693;446/2023;2023;Ministério da Gestão e da Inovação em Serviços Públicos;encerrado;Inscrições Encerradas;;2;;;órgão-alvo(+2);;Processo seletivo para atuar na Assessoria Especial de Comunicação Social do MGI;https://oportunidades.sigepe.gov.br/oportunidades-portal/api/html/1693;21/08/2026;21/08/2026
1691;473.4/2023;2023;Ministério da Saúde;encerrado;Inscrições Encerradas;;-3;;INCA/RJ;INCA/RJ(-5), órgão-alvo(+2);;INCA/RJ - Divisão de Vigilância e Análise de Situação - Perfil 01 | INCA/RJ - Área de Apoio a Programas e Projetos - Perfil 01 | INCA/RJ - Área Técnica de Alimentação, Nutrição, Atividade Física e Câncer - Perfil 01 | INCA/RJ Área de Apoio a Programas e Projetos  - Perfil 02 | INCA/RJ - Área Técnica Ambiente, Trabalho e Câncer - Perfil 01 | INCA/RJ - Divisão de Detecção Precoce e Apoio à Organizaç;https://oportunidades.sigepe.gov.br/oportunidades-portal/api/html/1691;21/08/2026;21/08/2026
1690;445.1/2023;2023;Ministério da Infraestrutura;encerrado;Inscrições Encerradas;;-2;;;infraestrutura(+1), gratificação técnica(-3);;GSISTE NS | GSISTE NS;https://oportunidades.sigepe.gov.br/oportunidades-portal/api/html/1690;21/08/2026;21/08/2026
1688;440.2/2023;2023;Ministério da Fazenda;encerrado;Inscrições Encerradas;;-5;;;órgão-alvo(+2), gratificação técnica(-3), nível médio/intermediário(-4);nível médio/intermediário;Gratificação - GSISTE - Nível Superior e Nível Intermediário;https://oportunidades.sigepe.gov.br/oportunidades-portal/api/html/1688;21/08/2026;21/08/2026
1687;448.1/2023;2023;Ministério da Mulher, da Família e dos Direitos Humanos;encerrado;Inscrições Encerradas;;-3;chefia baixa;;chefia baixa(-3);;FCE 1.07 para atuar junto à Coordenação Geral de Contabilidade e Transferências;https://oportunidades.sigepe.gov.br/oportunidades-portal/api/html/1687;21/08/2026;21/08/2026
1686;439.1/2023;2023;Ministério da Fazenda;encerrado;Inscrições Encerradas;;-1;;;órgão-alvo(+2), gratificação técnica(-3);;Gratificação - GSISTE - Nível Superior;https://oportunidades.sigepe.gov.br/oportunidades-portal/api/html/1686;21/08/2026;21/08/2026
1685;441.2/2023;2023;Superintendência da Zona Franca de Manaus;encerrado;Inscrições Encerradas;;0;;;;;Superintendência da Zona Franca de Manaus;https://oportunidades.sigepe.gov.br/oportunidades-portal/api/html/1685;21/08/2026;21/08/2026
1684;447.1/2023;2023;Ministério da Mulher, da Família e dos Direitos Humanos;encerrado;Inscrições Encerradas;;-7;;;gratificação técnica(-3), nível médio/intermediário(-4);nível médio/intermediário;1 vaga de GSISTE/NI para atuar junto à Coordenação Geral de Contabilidade e Transferências;https://oportunidades.sigepe.gov.br/oportunidades-portal/api/html/1684;21/08/2026;21/08/2026
1681;443/2023;2023;Ministério da Educação;encerrado;Inscrições Encerradas;;0;coordenador (1.10);;coordenador (1.10)(+1), órgão-alvo(+2), gratificação técnica(-3);;GSISTE NÍVEL SUPERIOR | Coordenador de Gestão de Contratos;https://oportunidades.sigepe.gov.br/oportunidades-portal/api/html/1681;21/08/2026;21/08/2026
1679;469.1/2023;2023;Conselho Administrativo de Defesa Econômica;encerrado;Inscrições Encerradas;;0;;;;;Serviço de Apoio Processual | Divisão de Acompanhamento Processual | Serviço de Protocolo | Divisão de Compliance e Gestão de Riscos - DICOR/DAP;https://oportunidades.sigepe.gov.br/oportunidades-portal/api/html/1679;21/08/2026;21/08/2026
1674;442/2023;2023;Ministério da Ciência, Tecnologia e Inovação;encerrado;Inscrições Encerradas;;-1;chefia baixa;;chefia baixa(-3), órgão-alvo(+2);;Chefe do Serviço de Apoio Institucional - FCE 1.05;https://oportunidades.sigepe.gov.br/oportunidades-portal/api/html/1674;21/08/2026;21/08/2026
1673;433/2023;2023;Ministério da Justiça e Segurança Pública;encerrado;Inscrições Encerradas;;2;;;órgão-alvo(+2);;Posto de Trabalho nº 224;https://oportunidades.sigepe.gov.br/oportunidades-portal/api/html/1673;21/08/2026;21/08/2026
1672;437.1/2023;2023;Ministério da Saúde;encerrado;Inscrições Encerradas;;-2;;;órgão-alvo(+2), nível médio/intermediário(-4);nível médio/intermediário;Engenheiro Civil | Engenheiro Eletricista | Contador | Engenheiro do Trabalho | Arquiteto | Profissional de Nível Médio ou Superior | Arquivista;https://oportunidades.sigepe.gov.br/oportunidades-portal/api/html/1672;21/08/2026;21/08/2026
1665;426/2023;2023;Ministério da Justiça e Segurança Pública;encerrado;Inscrições Encerradas;;2;;;órgão-alvo(+2);;Posto de Trabalho nº 283;https://oportunidades.sigepe.gov.br/oportunidades-portal/api/html/1665;21/08/2026;21/08/2026
1664;425/2023;2023;Ministério da Agricultura, Pecuária e Abastecimento;encerrado;Inscrições Encerradas;;-3;;;gratificação técnica(-3);;1 (uma) GSISTE de nível superior;https://oportunidades.sigepe.gov.br/oportunidades-portal/api/html/1664;21/08/2026;21/08/2026
1656;414/2023;2023;Ministério da Justiça e Segurança Pública;encerrado;Inscrições Encerradas;;2;;;órgão-alvo(+2);;Posto de Trabalho nº 201;https://oportunidades.sigepe.gov.br/oportunidades-portal/api/html/1656;21/08/2026;21/08/2026
1652;424.1/2023;2023;Ministério da Gestão e da Inovação em Serviços Públicos;encerrado;Inscrições Encerradas;;-6;chefia baixa;Atendimento de Pessoal - CAPE/RO;chefia baixa(-3), Atendimento de Pessoal - CAPE/RO(-5), órgão-alvo(+2);;Chefe de Serviço da Central de Atendimento de Pessoal - CAPE/RO (FCE 1.05);https://oportunidades.sigepe.gov.br/oportunidades-portal/api/html/1652;21/08/2026;21/08/2026
1651;407.2/2023;2023;Ministério da Saúde;encerrado;Inscrições Encerradas;;-2;;;órgão-alvo(+2), nível médio/intermediário(-4);nível médio/intermediário;Nível Médio - FCE 4.05;https://oportunidades.sigepe.gov.br/oportunidades-portal/api/html/1651;21/08/2026;21/08/2026
1649;409.1/2023;2023;Departamento Nacional de Infraestrutura de Transportes;encerrado;Inscrições Encerradas;;-4;;Gestão de Pessoas - SRE/RS;Gestão de Pessoas - SRE/RS(-5), infraestrutura(+1);;Servidor Público Federal Efetivo - Serviço de Gestão de Pessoas - SRE/RS-DNIT;https://oportunidades.sigepe.gov.br/oportunidades-portal/api/html/1649;21/08/2026;21/08/2026
1648;408/2023;2023;Departamento Nacional de Infraestrutura de Transportes;encerrado;Inscrições Encerradas;;-2;chefia baixa;;chefia baixa(-3), infraestrutura(+1);;Chefe do Setor de Imprensa e Jornalismo (FCE 1.02);https://oportunidades.sigepe.gov.br/oportunidades-portal/api/html/1648;21/08/2026;21/08/2026
1647;405/2023;2023;Ministério da Justiça e Segurança Pública;encerrado;Inscrições Encerradas;;2;;;órgão-alvo(+2);;Posto de Trabalho nº 204;https://oportunidades.sigepe.gov.br/oportunidades-portal/api/html/1647;21/08/2026;21/08/2026
1646;416.1/2023;2023;Departamento Nacional de Infraestrutura de Transportes;encerrado;Inscrições Encerradas;;-2;chefia baixa;;chefia baixa(-3), infraestrutura(+1);;"Chefe do Núcleo de Apoio Administrativo (FCE 1.01) | Chefe do Núcleo de Comunicação Social (FCE 1.01) | Chefe do Serviço de Cadastro e Licitação (FCE 1.05) | Chefe do Serviço da Unidade Local de Rorainópolis (FCE 1.05) | Chefe do Serviço de Contabilidade e Finanças (FCE 1.05) | Chefe da Seção de Informática (FCE 1.02); | Chefe do Serviço de Recursos Logísticos e Informática (FCE 1.05)";https://oportunidades.sigepe.gov.br/oportunidades-portal/api/html/1646;21/08/2026;21/08/2026
1645;415/2023;2023;Conselho Administrativo de Defesa Econômica;encerrado;Inscrições Encerradas;;0;;;;;Tradutor para Assessoria Internacional;https://oportunidades.sigepe.gov.br/oportunidades-portal/api/html/1645;21/08/2026;21/08/2026
1636;397/2023;2023;Ministério da Cultura;encerrado;Inscrições Encerradas;;-3;;;gratificação técnica(-3);;GRATIFICACAO DE EXERCICIO - GSISTE - SIPEC - NS;https://oportunidades.sigepe.gov.br/oportunidades-portal/api/html/1636;21/08/2026;21/08/2026
1631;418.2/2023;2023;Instituto Brasileiro de Museus;encerrado;Inscrições Encerradas;;-3;chefia baixa;;chefia baixa(-3);;Chefe de divisão de espaços museais e arquitetura - código CCE 1.07;https://oportunidades.sigepe.gov.br/oportunidades-portal/api/html/1631;21/08/2026;21/08/2026
1630;434.2/2023;2023;Ministério da Gestão e da Inovação em Serviços Públicos;encerrado;Inscrições Encerradas;;-4;;Brasília;Brasília(+1), órgão-alvo(+2), gratificação técnica(-3), nível médio/intermediário(-4);nível médio/intermediário;GSISTE NS - Processo Seletivo para composição de força de trabalho na CGTIP/DAL | GSISTE NI - Processo Seletivo para composição de força de trabalho na CGTIP/DAL;https://oportunidades.sigepe.gov.br/oportunidades-portal/api/html/1630;21/08/2026;21/08/2026
1626;398.4/2023;2023;Ministério da Saúde;encerrado;Inscrições Encerradas;;-1;coordenador (1.10);;coordenador (1.10)(+1), órgão-alvo(+2), nível médio/intermediário(-4);nível médio/intermediário;SATJUD - Nível Superior | COMFAD - Nível Superior | COPJUD - Coordenador | COPJUD - Nível Superior | CGPJUD - Nível Médio | COAJUD - Nivel Superior;https://oportunidades.sigepe.gov.br/oportunidades-portal/api/html/1626;21/08/2026;21/08/2026
1624;395.1/2023;2023;Ministério da Cultura;encerrado;Inscrições Encerradas;;-10;chefia baixa;;chefia baixa(-3), gratificação técnica(-3), nível médio/intermediário(-4);nível médio/intermediário;GRATIFICACAO DE EXERCICIO - GSISTE - SIPEC - NI | CHEFE DE SERVIÇO FCE 1.05;https://oportunidades.sigepe.gov.br/oportunidades-portal/api/html/1624;21/08/2026;21/08/2026
1623;396.2/2023;2023;Departamento Nacional de Infraestrutura de Transportes;encerrado;Inscrições Encerradas;;1;;;infraestrutura(+1);;Servidores públicos federais para atuar na Corregedoria do DNIT;https://oportunidades.sigepe.gov.br/oportunidades-portal/api/html/1623;21/08/2026;21/08/2026
1620;435/2023;2023;Agência Nacional de Saúde Suplementar;encerrado;Inscrições Encerradas;;0;;;;;Coordenadoria de Estudos de Mercado (CESME);https://oportunidades.sigepe.gov.br/oportunidades-portal/api/html/1620;21/08/2026;21/08/2026
1617;451.1/2023;2023;Ministério da Educação;encerrado;Inscrições Encerradas;;0;;Brasília;Brasília(+1), órgão-alvo(+2), gratificação técnica(-3);;1 (uma) vaga, de nível superior, especialidade engenheiro (a) civil ou arquiteto (a);https://oportunidades.sigepe.gov.br/oportunidades-portal/api/html/1617;21/08/2026;21/08/2026
1616;401/2023;2023;Ministério da Economia;encerrado;Inscrições Encerradas;;1;coordenador (1.10);;coordenador (1.10)(+1);;FCE 1.10 - Coordenador(a) de Orçamento e Finanças | FCE 1.07 - Chefe da Divisão de Contabilidade;https://oportunidades.sigepe.gov.br/oportunidades-portal/api/html/1616;21/08/2026;21/08/2026
1615;387.1/2023;2023;Ministério da Mulher, da Família e dos Direitos Humanos;encerrado;Inscrições Encerradas;;-3;;;gratificação técnica(-3);;1 vaga de GSISP para atuar junto à Coordenação-Geral de Tecnologia da Informação;https://oportunidades.sigepe.gov.br/oportunidades-portal/api/html/1615;21/08/2026;21/08/2026
1614;388.4/2023;2023;Ministério da Economia;encerrado;Inscrições Encerradas;;-7;;;gratificação técnica(-3), nível médio/intermediário(-4);nível médio/intermediário;Diretoria de Carreiras e Desenvolvimento de Pessoas - DECAR | Diretoria de Soluções Digitais e Informações Gerenciais - DESIN | Diretoria de Centralização de Serviços de Inativos, Pensionistas e Órgãos Extintos - DECIPEX | Comissão Especial dos ex-Territórios Federais de Rondônia, Amapá e Roraima - CEEXT | Diretoria de Benefícios, Previdência e Atenção à Saúde - DBPAS | Diretoria de Relações de Tr;https://oportunidades.sigepe.gov.br/oportunidades-portal/api/html/1614;21/08/2026;21/08/2026
1612;390.2/2023;2023;Ministério da Justiça e Segurança Pública;encerrado;Inscrições Encerradas;;2;;;órgão-alvo(+2);;Posto de Trabalho nº 115;https://oportunidades.sigepe.gov.br/oportunidades-portal/api/html/1612;21/08/2026;21/08/2026
1611;384.2/2023;2023;Ministério da Economia;encerrado;Inscrições Encerradas;;-3;;;gratificação técnica(-3);;GSISTE NS - Processo Seletivo para composição de força de trabalho na CGDEV/DESIN;https://oportunidades.sigepe.gov.br/oportunidades-portal/api/html/1611;21/08/2026;21/08/2026
1610;383.2/2023;2023;Ministério da Economia;encerrado;Inscrições Encerradas;;-3;;;gratificação técnica(-3);;GSISP - Coordenação-Geral de Gestão de Arquitetura e Desenvolvimento de Sistemas (CGDEV);https://oportunidades.sigepe.gov.br/oportunidades-portal/api/html/1610;21/08/2026;21/08/2026
1607;432.2/2023;2023;Superintendência da Zona Franca de Manaus;encerrado;Inscrições Encerradas;;0;;;;;Analista Contabil - SPR | Engenheiro(a) - SPR | Economista e Engenheiros - SPR | Analista Técnico Administrativo - SPR | Engenheiros Agrimensores ou Cartográficos - CGPAG | Analista Técnico - SPR;https://oportunidades.sigepe.gov.br/oportunidades-portal/api/html/1607;21/08/2026;21/08/2026
1606;428.2/2023;2023;Superintendência da Zona Franca de Manaus;encerrado;Inscrições Encerradas;;1;;;desenvolvimento regional(+1);;Analista Técnico Administrativo - SDI | Formação Preferencial - SDI | Analista Técnico Administrativo - SDI | Formação Preferencial - SDI;https://oportunidades.sigepe.gov.br/oportunidades-portal/api/html/1606;21/08/2026;21/08/2026
1605;386.1/2023;2023;Ministério da Gestão e da Inovação em Serviços Públicos;encerrado;Inscrições Encerradas;;-1;;;órgão-alvo(+2), gratificação técnica(-3);;GSISP para atuar em projetos da Identificação Civil.;https://oportunidades.sigepe.gov.br/oportunidades-portal/api/html/1605;21/08/2026;21/08/2026
1604;374/2023;2023;Ministério da Justiça e Segurança Pública;encerrado;Inscrições Encerradas;;2;;;órgão-alvo(+2);;Posto de Trabalho nº 664;https://oportunidades.sigepe.gov.br/oportunidades-portal/api/html/1604;21/08/2026;21/08/2026
1603;376/2023;2023;Ministério da Justiça e Segurança Pública;encerrado;Inscrições Encerradas;;2;;;órgão-alvo(+2);;Posto de Trabalho nº 216;https://oportunidades.sigepe.gov.br/oportunidades-portal/api/html/1603;21/08/2026;21/08/2026
1602;375/2023;2023;Ministério da Justiça e Segurança Pública;encerrado;Inscrições Encerradas;;2;;;órgão-alvo(+2);;Posto de Trabalho nº 214;https://oportunidades.sigepe.gov.br/oportunidades-portal/api/html/1602;21/08/2026;21/08/2026
1600;427.2/2023;2023;Superintendência da Zona Franca de Manaus;encerrado;Inscrições Encerradas;;0;;;;;Analista Técnico Administrativo - SAO | Analista Técnico Administrativo - SAO | Analista Técnico Administrativo - SAO | Analista Técnico Administrativo - SAO | Analista Técnico Administrativo - SAO;https://oportunidades.sigepe.gov.br/oportunidades-portal/api/html/1600;21/08/2026;21/08/2026
1598;389.2/2023;2023;Ministério da Saúde;encerrado;Inscrições Encerradas;;-3;;SEMS/RS;SEMS/RS(-5), órgão-alvo(+2);;Médico Perito;https://oportunidades.sigepe.gov.br/oportunidades-portal/api/html/1598;21/08/2026;21/08/2026
1597;429.2/2023;2023;Superintendência da Zona Franca de Manaus;encerrado;Inscrições Encerradas;;0;;;;;Analista Técnico Administrativo - Corregedoria /Superintendência | Analista Técnico Administrativo - Superintendência | Analista Técnico Administrativo - Superintendência | Analista Técnico Administrativo - Superintendência | Analista Técnico Administrativo - Superintendência | Técnico em Comunicação Social - Superintendência | Analista Técnico Administrativo - Superintendência | Analista Técnico ;https://oportunidades.sigepe.gov.br/oportunidades-portal/api/html/1597;21/08/2026;21/08/2026
1596;381.3/2023;2023;Ministério da Economia;encerrado;Inscrições Encerradas;;-7;;;gratificação técnica(-3), nível médio/intermediário(-4);nível médio/intermediário;GSISTE-NI para atuar na CGGOV da Secretaria de Governo Digital/MGI;https://oportunidades.sigepe.gov.br/oportunidades-portal/api/html/1596;21/08/2026;21/08/2026
1594;431.2/2023;2023;Superintendência da Zona Franca de Manaus;encerrado;Inscrições Encerradas;;0;;;;;Economia ou Relações Internacionais - SAE | Administrador ou ATA - SAE | Analista de Assunto Estratégico - SAE;https://oportunidades.sigepe.gov.br/oportunidades-portal/api/html/1594;21/08/2026;21/08/2026
1593;372/2023;2023;Advocacia-Geral da União;encerrado;Inscrições Encerradas;;-2;chefia baixa;Brasília;chefia baixa(-3), Brasília(+1);;FUNÇÃO COMISSIONADA CHEFIA DO NÚCLEO DE INTELIGÊNCIA JUDICIAL  (FCE/CCE 1.07);https://oportunidades.sigepe.gov.br/oportunidades-portal/api/html/1593;21/08/2026;21/08/2026
1591;371/2023;2023;Comando do Exército;encerrado;Inscrições Encerradas;;-2;;Brasília;Brasília(+1), gratificação técnica(-3);;GSISTE;https://oportunidades.sigepe.gov.br/oportunidades-portal/api/html/1591;21/08/2026;21/08/2026
1588;373/2023;2023;Instituto Nacional do Seguro Social;encerrado;Inscrições Encerradas;;1;;;ciência de dados(+1);;ÁREA 4 -  Desenvolvimento de sistemas - Qlik Sense | ÁREA 8  - Gerenciamento de serviço - monitoramento de sistema de produtividade | ÁREA 10 - Análise de dados e suporte | ÁREA 9 - Gerenciamento de serviço - gestão de produtos digitais | ÁREA 1 -Segurança da Informação | ÁREA 7 -  Monitoramento da automação | ÁREA 6 -  Monitoramento da disponibilidade de sistemas e da rede de atendimento | ÁREA 5;https://oportunidades.sigepe.gov.br/oportunidades-portal/api/html/1588;21/08/2026;21/08/2026
1586;410.1/2023;2023;Ministério da Saúde;encerrado;Inscrições Encerradas;;2;;;órgão-alvo(+2);;Assessoria de Participação Social e Diversidade - Nivel Superior;https://oportunidades.sigepe.gov.br/oportunidades-portal/api/html/1586;21/08/2026;21/08/2026
1582;367.1/2023;2023;Ministério da Economia;encerrado;Inscrições Encerradas;;-3;;;gratificação técnica(-3);;Seleção de GSISP - nível superior - para atuar na CGREP/SGD;https://oportunidades.sigepe.gov.br/oportunidades-portal/api/html/1582;21/08/2026;21/08/2026
1580;362/2023;2023;Ministério da Justiça e Segurança Pública;encerrado;Inscrições Encerradas;;2;;;órgão-alvo(+2);;Posto de Trabalho nº 959;https://oportunidades.sigepe.gov.br/oportunidades-portal/api/html/1580;21/08/2026;21/08/2026
1579;368.3/2023;2023;Ministério da Saúde;encerrado;Inscrições Encerradas;;-7;;SEMS/RS;SEMS/RS(-5), órgão-alvo(+2), nível médio/intermediário(-4);"nível médio/intermediário; área da saúde";Nível Médio, Convênios | Direito | Gestão de Pessoas - Nível Médio ou Superior | Comunicação Social | Contratos e Licitações, Nível médio ou Superior | Administrador | Contador ou Técnico em Contabilidade | Administrador ou Contador - Nível Superior | Enfermagem;https://oportunidades.sigepe.gov.br/oportunidades-portal/api/html/1579;21/08/2026;21/08/2026
1577;361.1/2023;2023;Departamento Nacional de Infraestrutura de Transportes;encerrado;Inscrições Encerradas;;1;;;infraestrutura(+1);;Servidores das Carreiras do DNIT - Serviço de Contabilidade e Finanças | Servidores das Carreiras do DNIT - Serviço de Recursos Logísticos | Servidores das Carreiras do DNIT - Serviço de Gestão de Pessoas;https://oportunidades.sigepe.gov.br/oportunidades-portal/api/html/1577;21/08/2026;21/08/2026
1576;360/2023;2023;Departamento Nacional de Infraestrutura de Transportes;encerrado;Inscrições Encerradas;;2;;Brasília;Brasília(+1), infraestrutura(+1);;Analista em Infraestrutura de Transportes - Unidade Local de Aragarças | Analista em Infraestrutura de Transportes - Unidade Local de Brasília | Analista em Infraestrutura de Transportes - Coordenação de Engenharia Terrestre;https://oportunidades.sigepe.gov.br/oportunidades-portal/api/html/1576;21/08/2026;21/08/2026
1575;358.1/2023;2023;Departamento Nacional de Infraestrutura de Transportes;encerrado;Inscrições Encerradas;;-2;chefia baixa;;chefia baixa(-3), infraestrutura(+1);;Chefe do Serviço de Infraestrutura Predial (FCE - 1.05);https://oportunidades.sigepe.gov.br/oportunidades-portal/api/html/1575;21/08/2026;21/08/2026
1573;357.2/2023;2023;Ministério da Agricultura, Pecuária e Abastecimento;encerrado;Inscrições Encerradas;;-3;chefia baixa;;chefia baixa(-3);;FCE 1.01 - Chefe de Núcleo  -  Núcleo de Licitações - NLI | FCE 1.01 - Chefe de Núcleo  - Núcleo de Gestão de Pessoas - NGP;https://oportunidades.sigepe.gov.br/oportunidades-portal/api/html/1573;21/08/2026;21/08/2026
1572;380.2/2023;2023;Ministério da Saúde;encerrado;Inscrições Encerradas;;3;;Brasília;Brasília(+1), órgão-alvo(+2);;CGZV - Nível Superior - FCE 4.05;https://oportunidades.sigepe.gov.br/oportunidades-portal/api/html/1572;21/08/2026;21/08/2026
1569;351/2023;2023;Ministério da Justiça e Segurança Pública;encerrado;Inscrições Encerradas;;2;;;órgão-alvo(+2);;Postos de Trabalho nº 709 e 726;https://oportunidades.sigepe.gov.br/oportunidades-portal/api/html/1569;21/08/2026;21/08/2026
1567;;;- Edital N°: 352.2/2023;encerrado;Inscrições Encerradas;;1;;;infraestrutura(+1);;1 - Estudos de Mercado e Processos de Inovação | 5 - Gestão e Governança de Dados | 10 - Prestar suporte administrativo às atividades da unidade | 13 - Apoio técnico especializado para precificação de serviços técnicos | 6 - Modelo funcional, jurídico operacional e econômico-financeiro para subsidiar estudos | 16 - Prestar suporte administrativo às atividades da unidade | 3 - Estudos Logísticos | ;https://oportunidades.sigepe.gov.br/oportunidades-portal/api/html/1567;21/08/2026;21/08/2026
1559;349/2023;2023;Ministério da Agricultura, Pecuária e Abastecimento;encerrado;Inscrições Encerradas;;-3;chefia baixa;;chefia baixa(-3);;Chefe de Seção, código CCE 1.03;https://oportunidades.sigepe.gov.br/oportunidades-portal/api/html/1559;21/08/2026;21/08/2026
1556;341.2/2023;2023;Ministério da Justiça e Segurança Pública;encerrado;Inscrições Encerradas;;2;;;órgão-alvo(+2);;Posto de Trabalho nº 159;https://oportunidades.sigepe.gov.br/oportunidades-portal/api/html/1556;21/08/2026;21/08/2026
1552;336/2023;2023;Ministério da Justiça e Segurança Pública;encerrado;Inscrições Encerradas;;2;;;órgão-alvo(+2);;Posto de Trabalho nº 1004;https://oportunidades.sigepe.gov.br/oportunidades-portal/api/html/1552;21/08/2026;21/08/2026
1550;337.2/2023;2023;Ministério da Economia;encerrado;Inscrições Encerradas;;0;;;;;Coordenação-Geral de Segurança, Dados e Inovação Tecnológica (CGSIT);https://oportunidades.sigepe.gov.br/oportunidades-portal/api/html/1550;21/08/2026;21/08/2026
1549;333.1/2023;2023;Ministério da Economia;encerrado;Inscrições Encerradas;;-1;chefia baixa;;chefia baixa(-3), órgão-alvo(+2);;Chefe de Divisão de Assistência aos Planos de Previdência Complementar de Estatais - CCE 1.07.;https://oportunidades.sigepe.gov.br/oportunidades-portal/api/html/1549;21/08/2026;21/08/2026
1548;332/2023;2023;Ministério da Economia;encerrado;Inscrições Encerradas;;-4;;;nível médio/intermediário(-4);nível médio/intermediário;DIRETORIA DE SOLUÇÕES DIGITAIS E INFORMAÇÕES GERENCIAIS;https://oportunidades.sigepe.gov.br/oportunidades-portal/api/html/1548;21/08/2026;21/08/2026
1545;328.2/2023;2023;Ministério da Economia;encerrado;Inscrições Encerradas;;3;;Brasília;Brasília(+1), órgão-alvo(+2);;3 (três) vagas destinadas às atividades de Catalogação | 2 (duas) vagas destinadas às atividades à adesão de órgãos e entidades ao sistema Compras;https://oportunidades.sigepe.gov.br/oportunidades-portal/api/html/1545;21/08/2026;21/08/2026
1538;329.1/2023;2023;Departamento Nacional de Infraestrutura de Transportes;encerrado;Inscrições Encerradas;;1;;;infraestrutura(+1);;Chefe se Serviço de Operações Aquaviárias;https://oportunidades.sigepe.gov.br/oportunidades-portal/api/html/1538;21/08/2026;21/08/2026
1537;330/2023;2023;Departamento Nacional de Infraestrutura de Transportes;encerrado;Inscrições Encerradas;;1;;;infraestrutura(+1);;Analista Administrativo, Assistente Administrativo, Técnico Administrativo ou de Infraestrutura;https://oportunidades.sigepe.gov.br/oportunidades-portal/api/html/1537;21/08/2026;21/08/2026
1535;331.1/2023;2023;Departamento Nacional de Infraestrutura de Transportes;encerrado;Inscrições Encerradas;;1;;;infraestrutura(+1);;Analista Administrativo - Contador;https://oportunidades.sigepe.gov.br/oportunidades-portal/api/html/1535;21/08/2026;21/08/2026
1534;319.4/2023;2023;Ministério da Economia;encerrado;Inscrições Encerradas;;0;;;;;Analista de Integração Econômica;https://oportunidades.sigepe.gov.br/oportunidades-portal/api/html/1534;21/08/2026;21/08/2026
1533;327/2023;2023;Advocacia-Geral da União;encerrado;Inscrições Encerradas;;1;coordenador (1.10);;coordenador (1.10)(+1);;Coordenador de Monitoramento da Estratégia, do Departamento de Governança Corporativa da Secretaria;https://oportunidades.sigepe.gov.br/oportunidades-portal/api/html/1533;21/08/2026;21/08/2026
1531;320/2023;2023;Ministério da Infraestrutura;encerrado;Inscrições Encerradas;;5;coordenador (1.10);Brasília;coordenador (1.10)(+1), Brasília(+1), infraestrutura(+1), órgão-alvo(+2);;PROVIMENTO DE 01 (UMA) FCE 1.10;https://oportunidades.sigepe.gov.br/oportunidades-portal/api/html/1531;21/08/2026;21/08/2026
1529;314/2023;2023;Ministério da Justiça e Segurança Pública;encerrado;Inscrições Encerradas;;2;;;órgão-alvo(+2);;Posto de Trabalho nº 13;https://oportunidades.sigepe.gov.br/oportunidades-portal/api/html/1529;21/08/2026;21/08/2026
1523;312.1/2023;2023;Ministério da Economia;encerrado;Inscrições Encerradas;;-3;;;gratificação técnica(-3);;GSISP-NS para atuar na CGATE da Secretaria de Governo Digital/MGI;https://oportunidades.sigepe.gov.br/oportunidades-portal/api/html/1523;21/08/2026;21/08/2026
1521;306.3/2023;2023;Agência Nacional de Águas e Saneamento Básico;encerrado;Inscrições Encerradas;;0;;;;;Valoração Econômica da Água e Usos Alternativos (COECO) | Administração de dados e informações geoespaciais corporativas (CCOGI) A | Administração de dados e informações geoespaciais corporativas (CCOGI) B | Administração de dados e informações geoespaciais corporativas (CCOGI) C | Segurança hídrica e estudos relativos aos usos da água (CESET) | Estudos sobre qualidade de água e enquadramento (CQU;https://oportunidades.sigepe.gov.br/oportunidades-portal/api/html/1521;21/08/2026;21/08/2026
1520;364.3/2023;2023;Ministério da Ciência, Tecnologia e Inovação;encerrado;Inscrições Encerradas;;-1;;;órgão-alvo(+2), gratificação técnica(-3);;GRATIFICAÇÃO TEMPORÁRIA DO SISTEMA DE ADMINISTRAÇÃO DOS RECURSOS DE INFORMAÇÃO E INFORMÁTICA GSISP;https://oportunidades.sigepe.gov.br/oportunidades-portal/api/html/1520;21/08/2026;21/08/2026
1518;299/2023;2023;Ministério do Turismo;encerrado;Inscrições Encerradas;;-1;chefia baixa;;chefia baixa(-3), órgão-alvo(+2);;SELEÇÃO AGENTE FISCAL DE TURISMO - FCE 3.04 - CGST/DEQUA/SNPTUR/MTUR;https://oportunidades.sigepe.gov.br/oportunidades-portal/api/html/1518;21/08/2026;21/08/2026
1515;315.2/2023;2023;Ministério da Saúde;encerrado;Inscrições Encerradas;;-3;;SEGEP/SC;SEGEP/SC(-5), órgão-alvo(+2);;SEGEP/SC - Médico | SEGEP/SC - Qualquer formação | SELOA/SC - Arquivista | DITRE/SC - Qualquer área de formação. (Carreira de nível superior) | SEMS/SC - Qualquer área de formação. (Carreira de nível superior) | SELOA/SC - Engenheiro;https://oportunidades.sigepe.gov.br/oportunidades-portal/api/html/1515;21/08/2026;21/08/2026
1512;304.1/2023;2023;Ministério da Saúde;encerrado;Inscrições Encerradas;;3;;Brasília;Brasília(+1), órgão-alvo(+2);;Contabilidade | Execução Financeira | Execução Orçamentária;https://oportunidades.sigepe.gov.br/oportunidades-portal/api/html/1512;21/08/2026;21/08/2026
1511;309/2023;2023;Conselho Nacional de Desenvolvimento Científico e Tecnológico;encerrado;Inscrições Encerradas;;4;;;prospecção(+2), órgão-alvo(+2);;Coordenação de Propriedade Intelectual, Negociação e Prospecção de Parcerias - COPNP;https://oportunidades.sigepe.gov.br/oportunidades-portal/api/html/1511;21/08/2026;21/08/2026
1502;298/2023;2023;Ministério da Economia;encerrado;Inscrições Encerradas;;-1;;;órgão-alvo(+2), gratificação técnica(-3);;02 (duas) Gratificações Temporárias de Nível Superior/GSISTE-NS + teletrabalho parcial;https://oportunidades.sigepe.gov.br/oportunidades-portal/api/html/1502;21/08/2026;21/08/2026
1501;363.3/2023;2023;Ministério da Ciência, Tecnologia e Inovação;encerrado;Inscrições Encerradas;;-5;;;órgão-alvo(+2), gratificação técnica(-3), nível médio/intermediário(-4);nível médio/intermediário;Gratificação Temporária do Sistema de Administração dos Recursos de Informação e Informática;https://oportunidades.sigepe.gov.br/oportunidades-portal/api/html/1501;21/08/2026;21/08/2026
1500;350/2023;2023;Comando do Exército;encerrado;Inscrições Encerradas;;-2;;Brasília;Brasília(+1), gratificação técnica(-3);;GSISTE;https://oportunidades.sigepe.gov.br/oportunidades-portal/api/html/1500;21/08/2026;21/08/2026
1497;296.1/2023;2023;Departamento Nacional de Infraestrutura de Transportes;encerrado;Inscrições Encerradas;;2;coordenador (1.10);;coordenador (1.10)(+1), infraestrutura(+1);;Coordenador de Programação e Serviços;https://oportunidades.sigepe.gov.br/oportunidades-portal/api/html/1497;21/08/2026;21/08/2026
1496;430.2/2023;2023;Superintendência da Zona Franca de Manaus;encerrado;Inscrições Encerradas;;1;;;infraestrutura(+1);;Analista de Arrecadação - SAD | Fiscal Administrativo de Contratos - SAD | Analista de Patrimônio - SEPAT/CGLOG/SAD | Analista de Segurança da Informação - SAD | Analista de Contabilidade - SAD | Analista em capacitação/progressão funcional/ gratificação/ qualificação - SAD | Gestão e fiscalização de contratos de Tecnologia da Informação e Comunicação - SAD | Analista de Execução Financeira e  Orç;https://oportunidades.sigepe.gov.br/oportunidades-portal/api/html/1496;21/08/2026;21/08/2026
1494;293/2023;2023;Ministério da Infraestrutura;encerrado;Inscrições Encerradas;;-2;;;infraestrutura(+1), gratificação técnica(-3);;GSISP;https://oportunidades.sigepe.gov.br/oportunidades-portal/api/html/1494;21/08/2026;21/08/2026
1492;297/2023;2023;Ministério da Economia;encerrado;Inscrições Encerradas;;-1;chefia baixa;;chefia baixa(-3), órgão-alvo(+2);;CHEFE DE DIVISÃO (FCE 1.07) - DIANE/COANE/CGPPE/DEPEC/SEST | COMPOSIÇÃO DE FORÇA DE TRABALHO - COPEP/CGPPE/DEPEC/SEST;https://oportunidades.sigepe.gov.br/oportunidades-portal/api/html/1492;21/08/2026;21/08/2026
1488;305/2023;2023;Agência Nacional de Saúde Suplementar;encerrado;Inscrições Encerradas;;0;;;;;Coordenadoria de Acompanhamento das Operadoras;https://oportunidades.sigepe.gov.br/oportunidades-portal/api/html/1488;21/08/2026;21/08/2026
1487;292/2023;2023;Ministério do Turismo;encerrado;Inscrições Encerradas;;-1;coordenador (1.10);;coordenador (1.10)(+1), órgão-alvo(+2), nível médio/intermediário(-4);nível médio/intermediário;Técnica 2 - FCE 1.07 | Administrativa 1 - FCE 1.05 | Técnica 1 - FCE 1.07 | Técnica 3 - CCE 1.10;https://oportunidades.sigepe.gov.br/oportunidades-portal/api/html/1487;21/08/2026;21/08/2026
1484;290/2023;2023;Ministério da Justiça e Segurança Pública;encerrado;Inscrições Encerradas;;2;;;órgão-alvo(+2);;Posto de Trabalho nº 115;https://oportunidades.sigepe.gov.br/oportunidades-portal/api/html/1484;21/08/2026;21/08/2026
1481;311/2023;2023;Ministério da Economia;encerrado;Inscrições Encerradas;;-4;chefia baixa;;chefia baixa(-3), órgão-alvo(+2), gratificação técnica(-3);;"1 (uma) FCE 1.05; 1 (uma) FCE 4.07; 2 (duas) GSISTE/NS + trabalho remoto parcial";https://oportunidades.sigepe.gov.br/oportunidades-portal/api/html/1481;21/08/2026;21/08/2026
1478;340/2023;2023;Ministério da Economia;encerrado;Inscrições Encerradas;;0;;;;;Articulação e projetos finalísticos da Secretaria Extraordinária para a Transformação do Estado;https://oportunidades.sigepe.gov.br/oportunidades-portal/api/html/1478;21/08/2026;21/08/2026
1473;339/2023;2023;Ministério da Economia;encerrado;Inscrições Encerradas;;0;;;;;Apoio a gestão da Secretaria Extraordinária para a Transformação do Estado;https://oportunidades.sigepe.gov.br/oportunidades-portal/api/html/1473;21/08/2026;21/08/2026
1472;280.2/2023;2023;Agência Nacional de Águas e Saneamento Básico;encerrado;Inscrições Encerradas;;0;;;;;Gabinete da Superintendência de Fiscalização | Fiscalização de uso dos recursos hídricos (COFIU) | Fiscalização de uso dos recursos hídricos (COFIU) Convênios e Contratos | Fiscalização de Segurança de Barragens (COFIS) | Fiscalização de Serviços Públicos e Operação de Reservatórios (CFISP) | Análise de recursos adm. e atendimento a órgãos jurisdicionais e de controle (COSAR) | Cadastro de Usuário;https://oportunidades.sigepe.gov.br/oportunidades-portal/api/html/1472;21/08/2026;21/08/2026
1471;279/2023;2023;Conselho Administrativo de Defesa Econômica;encerrado;Inscrições Encerradas;;-3;chefia baixa;;chefia baixa(-3);;Chefe da Seção de Apoio à Gestão Estratégica de Pessoas (FCE 1.03) | Chefe do Serviço de Apoio Processual (FCE 1.05);https://oportunidades.sigepe.gov.br/oportunidades-portal/api/html/1471;21/08/2026;21/08/2026
1469;281.3/2023;2023;Ministério da Economia;encerrado;Inscrições Encerradas;;-1;;;órgão-alvo(+2), gratificação técnica(-3);;GSISP-Nível Superior;https://oportunidades.sigepe.gov.br/oportunidades-portal/api/html/1469;21/08/2026;21/08/2026
1468;322.5/2023;2023;Ministério da Saúde;encerrado;Inscrições Encerradas;;3;;Brasília;Brasília(+1), órgão-alvo(+2);;Programa de Estágio seleciona servidor;https://oportunidades.sigepe.gov.br/oportunidades-portal/api/html/1468;21/08/2026;21/08/2026
1467;275.1/2023;2023;Ministério da Educação;encerrado;Inscrições Encerradas;;0;;Brasília;Brasília(+1), órgão-alvo(+2), gratificação técnica(-3);;GSISTE de nível superior;https://oportunidades.sigepe.gov.br/oportunidades-portal/api/html/1467;21/08/2026;21/08/2026
1460;277/2023;2023;Advocacia-Geral da União;encerrado;Inscrições Encerradas;;0;;;;;Função Comissionada para Assessoria Técnica Especializada (FCE 4.09);https://oportunidades.sigepe.gov.br/oportunidades-portal/api/html/1460;21/08/2026;21/08/2026
1455;265.2/2023;2023;Ministério do Meio Ambiente e Mudança do Clima;encerrado;Inscrições Encerradas;;3;;Brasília;Brasília(+1), órgão-alvo(+2);;Código 1  Nível Superior  03 (três) vagas | Código 3  Nível Superior  03 (três) vagas | Código 2 Nível Superior  03 (três) vagas;https://oportunidades.sigepe.gov.br/oportunidades-portal/api/html/1455;21/08/2026;21/08/2026
1453;263/2023;2023;Conselho Administrativo de Defesa Econômica;encerrado;Inscrições Encerradas;;2;;;órgão-alvo(+2);;Procuradoria Federal Especializada Junto ao Cade;https://oportunidades.sigepe.gov.br/oportunidades-portal/api/html/1453;21/08/2026;21/08/2026
1450;255/2023;2023;Conselho Administrativo de Defesa Econômica;encerrado;Inscrições Encerradas;;2;;;órgão-alvo(+2);;Divisão de Planejamento e Projetos - Prodoc;https://oportunidades.sigepe.gov.br/oportunidades-portal/api/html/1450;21/08/2026;21/08/2026
1447;258/2023;2023;Ministério da Economia;encerrado;Inscrições Encerradas;;2;;;órgão-alvo(+2);;Composição do corpo técnico do DEIN-SDIC;https://oportunidades.sigepe.gov.br/oportunidades-portal/api/html/1447;21/08/2026;21/08/2026
1446;261/2023;2023;Ministério da Economia;encerrado;Inscrições Encerradas;;0;;;;;Atuação em Facilitação do Comércio e Promoção de Exportações;https://oportunidades.sigepe.gov.br/oportunidades-portal/api/html/1446;21/08/2026;21/08/2026
1445;287.1/2023;2023;Conselho Nacional de Desenvolvimento Científico e Tecnológico;encerrado;Inscrições Encerradas;;2;;;órgão-alvo(+2);;2 vagas para Coordenação dos Programas de Incentivo à Inovação e ao Empreendedorismo - COEMP;https://oportunidades.sigepe.gov.br/oportunidades-portal/api/html/1445;21/08/2026;21/08/2026
1442;251.3/2023;2023;Fundação Nacional de Artes;encerrado;Inscrições Encerradas;;0;;;;;DIENG - Engenheiro Civil | CEDOC - Técnico em Conservação | CEDOC - Documentalista : Difusão de acervos | CEDOC - Profissional de Biblioteconomia | CEDOC - Profissional de Arquivologia : Arquivos Privados | DAV - Museólogo | DICAP - Assistente Administrativo : Divisão de Cadastro e Pagamentos | SEPRO - Assistente Administrativo : Setor de Provimento e Movimentação de Pessoas | CEDOC - Profissional;https://oportunidades.sigepe.gov.br/oportunidades-portal/api/html/1442;21/08/2026;21/08/2026
1440;256/2023;2023;Ministério da Economia;encerrado;Inscrições Encerradas;;2;;;órgão-alvo(+2);;Composição do corpo técnico do DEIN-SDIC;https://oportunidades.sigepe.gov.br/oportunidades-portal/api/html/1440;21/08/2026;21/08/2026
1438;253/2023;2023;Ministério da Infraestrutura;encerrado;Inscrições Encerradas;;1;;;infraestrutura(+1);;COFCO/MPOR - Área de Finanças - Requisição de servidor | COFCO/MPOR - Área de Contabilidade - Requisição de servidor | COGEP/MPOR - Área de Gestão Orçamentária - Requisição de servidor;https://oportunidades.sigepe.gov.br/oportunidades-portal/api/html/1438;21/08/2026;21/08/2026
1436;249/2023;2023;Ministério da Infraestrutura;encerrado;Inscrições Encerradas;;1;;;infraestrutura(+1);;ASSESSORIA ESPECIAL DE CONTROLE INTERNO - REQUISIÇÃO | ASSESSORIA INTERNACIONAL - REQUISIÇÃO | ASSESSORIA DE PARTICIPAÇÃO SOCIAL E DIVERSIDADE - REQUISIÇÃO | OUVIDORIA - REQUISIÇÃO | CORREGEDORIA - REQUISIÇÃO | ASSESSORIA ESPECIAL DE COMUNICAÇÃO - REQUISIÇÃO;https://oportunidades.sigepe.gov.br/oportunidades-portal/api/html/1436;21/08/2026;21/08/2026
1435;248/2023;2023;Ministério da Infraestrutura;encerrado;Inscrições Encerradas;;1;;;infraestrutura(+1);;Coordenação de Licitações e Contratos - COLIC/MPOR - Requisição;https://oportunidades.sigepe.gov.br/oportunidades-portal/api/html/1435;21/08/2026;21/08/2026
1433;244/2023;2023;Conselho Administrativo de Defesa Econômica;encerrado;Inscrições Encerradas;;2;;;órgão-alvo(+2);;Gabinete de Presidência;https://oportunidades.sigepe.gov.br/oportunidades-portal/api/html/1433;21/08/2026;21/08/2026
1432;243/2023;2023;Conselho Administrativo de Defesa Econômica;encerrado;Inscrições Encerradas;;2;;;órgão-alvo(+2);;Assessoria Internacional;https://oportunidades.sigepe.gov.br/oportunidades-portal/api/html/1432;21/08/2026;21/08/2026
1431;260/2023;2023;Ministério da Economia;encerrado;Inscrições Encerradas;;1;;;políticas públicas(+1);;Produção de Estudos Econômicos e Estatísticas de Comércio Exterior na SECEX;https://oportunidades.sigepe.gov.br/oportunidades-portal/api/html/1431;21/08/2026;21/08/2026
1430;247.1/2023;2023;Ministério da Economia;encerrado;Inscrições Encerradas;;-3;;;gratificação técnica(-3);;Processo Seletivo - GSISTE NS - Coordenação-Geral de Planejamento da Força de Trabalho;https://oportunidades.sigepe.gov.br/oportunidades-portal/api/html/1430;21/08/2026;21/08/2026
1429;257.1/2023;2023;Ministério da Economia;encerrado;Inscrições Encerradas;;3;coordenador (1.10);;coordenador (1.10)(+1), órgão-alvo(+2);;FCE 4.03 - Função de Assessor Técnico Especializado DTI;https://oportunidades.sigepe.gov.br/oportunidades-portal/api/html/1429;21/08/2026;21/08/2026
1428;245/2023;2023;Ministério da Agricultura, Pecuária e Abastecimento;encerrado;Inscrições Encerradas;;-3;;;gratificação técnica(-3);;1 (uma) GSISTE/SIPEC - Nível Superior;https://oportunidades.sigepe.gov.br/oportunidades-portal/api/html/1428;21/08/2026;21/08/2026
1424;343.1/2023;2023;Agência Nacional de Saúde Suplementar;encerrado;Inscrições Encerradas;;0;;;;;Coordenadoria de Habilitação (COHAB/GEHAE);https://oportunidades.sigepe.gov.br/oportunidades-portal/api/html/1424;21/08/2026;21/08/2026
1422;241.1/2023;2023;Ministério da Mulher, da Família e dos Direitos Humanos;encerrado;Inscrições Encerradas;;0;;;;;02 vagas para área de cadastro funcional e pagamento de pessoal | 02 vagas para área de desenvolvimento de pessoas;https://oportunidades.sigepe.gov.br/oportunidades-portal/api/html/1422;21/08/2026;21/08/2026
1421;240.2/2023;2023;Ministério do Turismo;encerrado;Inscrições Encerradas;;-2;;;órgão-alvo(+2), nível médio/intermediário(-4);nível médio/intermediário;DEMANDAS PARLAMENTARES E PROPOSTAS DE ACORDOS E NORMATIVOS | DIÁRIAS E PASSAGENS | ADMINISTRAÇÃO PÚBLICA FEDERAL;https://oportunidades.sigepe.gov.br/oportunidades-portal/api/html/1421;21/08/2026;21/08/2026
1420;262/2023;2023;Ministério da Economia;encerrado;Inscrições Encerradas;;0;;;;;03 (três) vagas na Subsecretaria de Crédito à Exportação.;https://oportunidades.sigepe.gov.br/oportunidades-portal/api/html/1420;21/08/2026;21/08/2026
1417;234.1/2023;2023;Ministério do Turismo;encerrado;Inscrições Encerradas;;-1;;Brasília;Brasília(+1), órgão-alvo(+2), nível médio/intermediário(-4);nível médio/intermediário;Coordenação do Vale-Cultura | Coordenação de Regulamentação e Formalização;https://oportunidades.sigepe.gov.br/oportunidades-portal/api/html/1417;21/08/2026;21/08/2026
1416;239/2023;2023;Ministério da Infraestrutura;encerrado;Inscrições Encerradas;;-5;;SPOA/SE;SPOA/SE(-5), infraestrutura(+1), órgão-alvo(+2), gratificação técnica(-3);;GSISTES - 05 (CINCO) VAGAS NA COORDENAÇÃO-GERAL DE RECURSOS LOGÍSTICOS - COGRL/SPOA/SE/MT;https://oportunidades.sigepe.gov.br/oportunidades-portal/api/html/1416;21/08/2026;21/08/2026
1415;238/2023;2023;Ministério da Infraestrutura;encerrado;Inscrições Encerradas;;4;;Brasília;Brasília(+1), infraestrutura(+1), órgão-alvo(+2);;coordenação de logística;https://oportunidades.sigepe.gov.br/oportunidades-portal/api/html/1415;21/08/2026;21/08/2026
1414;235.2/2023;2023;Ministério da Justiça e Segurança Pública;encerrado;Inscrições Encerradas;;2;;;órgão-alvo(+2);;Posto de Trabalho nº 2036;https://oportunidades.sigepe.gov.br/oportunidades-portal/api/html/1414;21/08/2026;21/08/2026
1412;237/2023;2023;Ministério da Infraestrutura;encerrado;Inscrições Encerradas;;3;;;infraestrutura(+1), órgão-alvo(+2);;2 VAGAS (REQUISIÇÃO DE SERVIDOR) NA COORDENAÇÃO DE DOCUMENTOS E MATERIAL - MPOR;https://oportunidades.sigepe.gov.br/oportunidades-portal/api/html/1412;21/08/2026;21/08/2026
1411;236.2/2023;2023;Ministério da Justiça e Segurança Pública;encerrado;Inscrições Encerradas;;2;;;órgão-alvo(+2);;Posto nº 393 - COFDIP;https://oportunidades.sigepe.gov.br/oportunidades-portal/api/html/1411;21/08/2026;21/08/2026
1410;230.1/2023;2023;Ministério da Mulher, da Família e dos Direitos Humanos;encerrado;Inscrições Encerradas;;0;;;;;14 vagas em diversos setores da Secretaria Nacional dos Direitos da Pessoa com Deficiência;https://oportunidades.sigepe.gov.br/oportunidades-portal/api/html/1410;21/08/2026;21/08/2026
1406;227.2/2023;2023;Ministério do Meio Ambiente e Mudança do Clima;encerrado;Inscrições Encerradas;;-1;;Brasília;Brasília(+1), órgão-alvo(+2), nível médio/intermediário(-4);nível médio/intermediário;Código 1  Nível Superior  4  vagas | Código 2 Nível Médio  3 vagas;https://oportunidades.sigepe.gov.br/oportunidades-portal/api/html/1406;21/08/2026;21/08/2026
1401;224.1/2023;2023;Ministério da Agricultura, Pecuária e Abastecimento;encerrado;Inscrições Encerradas;;-5;;Agricultura Familiar - CGEPE/SE;Agricultura Familiar - CGEPE/SE(-5);;Ministerio do Desenvolvimento Agrário e Agricultura Familiar - CGEPE/SE;https://oportunidades.sigepe.gov.br/oportunidades-portal/api/html/1401;21/08/2026;21/08/2026
1400;225/2023;2023;Ministério da Agricultura, Pecuária e Abastecimento;encerrado;Inscrições Encerradas;;1;coordenador (1.10);;coordenador (1.10)(+1);;Ministerio do Desenvolvimento Agrário e Agricultura Familiar - CGGS/SAF - Coordenador;https://oportunidades.sigepe.gov.br/oportunidades-portal/api/html/1400;21/08/2026;21/08/2026
1395;221.5/2023;2023;Ministério da Economia;encerrado;Inscrições Encerradas;;-4;;;nível médio/intermediário(-4);nível médio/intermediário;Diretoria de Soluções Digitais e Informações Gerenciais;https://oportunidades.sigepe.gov.br/oportunidades-portal/api/html/1395;21/08/2026;21/08/2026
1394;220.2/2023;2023;Ministério da Mulher, da Família e dos Direitos Humanos;encerrado;Inscrições Encerradas;;0;;;;;05 vagas na Assessoria Especial de Assuntos Internacionais do MDHC;https://oportunidades.sigepe.gov.br/oportunidades-portal/api/html/1394;21/08/2026;21/08/2026
1393;219.1/2023;2023;Ministério da Mulher, da Família e dos Direitos Humanos;encerrado;Inscrições Encerradas;;0;;;;;8 vagas nas Coordenações-Gerais de Jornalismo e Publicidade da ASCOM do MDHC | 2 vagas em setores administrativos da ASCOM do MDHC;https://oportunidades.sigepe.gov.br/oportunidades-portal/api/html/1393;21/08/2026;21/08/2026
1389;226.2/2023;2023;Ministério da Economia;encerrado;Inscrições Encerradas;;0;;;;;Execução orçamentária e financeira dos pagamentos de contribuições e integralizações | Planejamento e acompanhamento orçamentário-financeiro dos pgtos de contribuições e integralizações | Apoio administrativo da CEOFI/SEAID/MPO;https://oportunidades.sigepe.gov.br/oportunidades-portal/api/html/1389;21/08/2026;21/08/2026
1385;223/2023;2023;Advocacia-Geral da União;encerrado;Inscrições Encerradas;;-8;chefia baixa;Campo Grande/MS;chefia baixa(-3), Campo Grande/MS(-5);;FUNÇÃO COMISSIONADA -  FCE 1.08;https://oportunidades.sigepe.gov.br/oportunidades-portal/api/html/1385;21/08/2026;21/08/2026
1383;214/2023;2023;Ministério da Economia;encerrado;Inscrições Encerradas;;2;;;órgão-alvo(+2);;PROCESSO SELETIVO - OUVIDORIA DO MINISTÉRIO DA GESTÃO INOVAÇÃO E SERVIÇOS PÚBLICOS;https://oportunidades.sigepe.gov.br/oportunidades-portal/api/html/1383;21/08/2026;21/08/2026
1378;205.3/2023;2023;Instituto de Pesquisa Econômica Aplicada;encerrado;Inscrições Encerradas;;2;;;órgão-alvo(+2);;Seleção 04 (quatro) vagas para composição de força de trabalho, na modalidade realocação de pessoal;https://oportunidades.sigepe.gov.br/oportunidades-portal/api/html/1378;21/08/2026;21/08/2026
1375;204/2023;2023;Ministério do Turismo;encerrado;Inscrições Encerradas;;-1;;;infraestrutura(+1), órgão-alvo(+2), nível médio/intermediário(-4);nível médio/intermediário;Vagas Coordenação-Geral de Apoio ao Crédito | VAGAS Coordenação-Geral de Parcerias e Concessões | VAGAS Coordenação-Geral de Atração de Investimentos | Vaga Coordenação-Geral de Mobilidade e Conectividade Turística;https://oportunidades.sigepe.gov.br/oportunidades-portal/api/html/1375;21/08/2026;21/08/2026
1374;203/2023;2023;Ministério do Turismo;encerrado;Inscrições Encerradas;;-1;;;infraestrutura(+1), órgão-alvo(+2), nível médio/intermediário(-4);nível médio/intermediário;VAGAS Coordenação-Geral de Formalização e Fiscalização de Prestadores de Serviços Turísticos | VAGAS Coordenação-Geral de Qualidade no Turismo (CGQT/ SNPTur) | VAGA Coordenação-Geral de Definição de Áreas Estratégicas para o Desenvolvimento do Turismo - CGDTur | VAGAS Coordenação-Geral de Produtos e Experiências Turísticas - CGPRO | VAGAS Coordenação-Geral de Fomento a Eventos Turísticos - CGFET;https://oportunidades.sigepe.gov.br/oportunidades-portal/api/html/1374;21/08/2026;21/08/2026
1373;208/2023;2023;Ministério da Economia;encerrado;Inscrições Encerradas;;-1;chefia baixa;;chefia baixa(-3), órgão-alvo(+2);;Chefe da Divisão de Articulação Institucional;https://oportunidades.sigepe.gov.br/oportunidades-portal/api/html/1373;21/08/2026;21/08/2026
1370;202.1/2023;2023;Ministério da Mulher, da Família e dos Direitos Humanos;encerrado;Inscrições Encerradas;;0;;;;;10 vagas no Gabinete do Ministro dos Direitos Humanos e da Cidadania;https://oportunidades.sigepe.gov.br/oportunidades-portal/api/html/1370;21/08/2026;21/08/2026
1369;199/2023;2023;Ministério da Justiça e Segurança Pública;encerrado;Inscrições Encerradas;;2;;;órgão-alvo(+2);;Posto de Trabalho nº 143;https://oportunidades.sigepe.gov.br/oportunidades-portal/api/html/1369;21/08/2026;21/08/2026
1368;200.2/2023;2023;Ministério da Justiça e Segurança Pública;encerrado;Inscrições Encerradas;;2;;;órgão-alvo(+2);;Posto de Trabalho nº 2026;https://oportunidades.sigepe.gov.br/oportunidades-portal/api/html/1368;21/08/2026;21/08/2026
1366;196.2/2023;2023;Instituto Nacional da Propriedade Industrial;encerrado;Inscrições Encerradas;;1;;;infraestrutura(+1);;Analista de TI (Infraestrutura) | Analista de TI (Sistemas);https://oportunidades.sigepe.gov.br/oportunidades-portal/api/html/1366;21/08/2026;21/08/2026
1365;194/2023;2023;Ministério do Turismo;encerrado;Inscrições Encerradas;;2;;;órgão-alvo(+2);;VAGAS PARA OUVIDORIA DO MINISTÉRIO DO TURISMO;https://oportunidades.sigepe.gov.br/oportunidades-portal/api/html/1365;21/08/2026;21/08/2026
1362;193/2023;2023;Ministério do Turismo;encerrado;Inscrições Encerradas;;-2;;;órgão-alvo(+2), nível médio/intermediário(-4);nível médio/intermediário;VAGA NA COORDENAÇÃO DE RELAÇÕES MULTILATERAIS E PROMOÇÃO TURÍSTICA | VAGA PARA ATIVIDADES ADMINISTRATIVAS | VAGA NA COORDENAÇÃO DE RELAÇÕES BILATERAIS E PROJETOS INTERNACIONAIS;https://oportunidades.sigepe.gov.br/oportunidades-portal/api/html/1362;21/08/2026;21/08/2026
1361;191.2/2023;2023;Ministério da Mulher, da Família e dos Direitos Humanos;encerrado;Inscrições Encerradas;;0;;;;;20 (vinte) vagas na Coordenação Geral de Processos e Gestão Estratégica da Secretaria Executiva;https://oportunidades.sigepe.gov.br/oportunidades-portal/api/html/1361;21/08/2026;21/08/2026
1360;268.4/2023;2023;Instituto Brasileiro de Museus;encerrado;Inscrições Encerradas;;1;;;planejamento estratégico(+2), pesquisa(+1), órgão-alvo(+2), nível médio/intermediário(-4);"nível médio/intermediário; graduação específica";Auxiliar administrativo | Auxiliar Biblioteca | Programador Visual | Analista Adminsitrativo | Bibliotecário | Profissional do Núcleo de Monitoramento Climático e Ambiental | Auxiliar /Técnico de Arquivo | Comunicador Social | Museólogo | Restaurador e Conservador de Pintura | Engenheiro Civil | Restaurador e Conservador de Papel | Arquiteto | Produtor Cultural/ Administrador Cultural | Técnico em;https://oportunidades.sigepe.gov.br/oportunidades-portal/api/html/1360;21/08/2026;21/08/2026
1359;201.1/2023;2023;Ministério da Infraestrutura;encerrado;Inscrições Encerradas;;1;;;infraestrutura(+1);;Requisição Assessoramento - COGEP/MPOR | Requisição Área de Pagamento - COGEP/MPOR | Requisição Área de Cadastro - COGEP/MPOR | Requisição Área de Capacitação - COGEP/MPOR | Requisição  Área de Legislação - COGEP/MPOR | Requisição Área de Benefícios e Qualidade de Vida e Saúde - COGEP/MPOR;https://oportunidades.sigepe.gov.br/oportunidades-portal/api/html/1359;21/08/2026;21/08/2026
1358;189.3/2023;2023;Ministério da Mulher, da Família e dos Direitos Humanos;encerrado;Inscrições Encerradas;;0;;;;;04 vagas no Gabinete da Secretaria Nacional de Promoção e Defesa de Direitos Humanos | 03 vagas na Diretoria de Promoção dos Direitos da População em Situação de Rua;https://oportunidades.sigepe.gov.br/oportunidades-portal/api/html/1358;21/08/2026;21/08/2026
1357;188.1/2023;2023;Ministério da Agricultura, Pecuária e Abastecimento;encerrado;Inscrições Encerradas;;1;coordenador (1.10);;coordenador (1.10)(+1);;Ministerio do Desenvolvimento Agrário e Agricultura Familiar - DATER/SAF - Coordenador | Ministerio do Desenvolvimento Agrário e Agricultura Familiar - DATER/SAF - Geral | Ministerio do Desenvolvimento Agrário e Agricultura Familiar - GAB-SAF/MDA | Ministerio do Desenvolvimento Agrário e Agricultura Familiar - DATER/SAF - Chefe de Divisão | Ministerio do Desenvolvimento Agrário e Agricultura Famil;https://oportunidades.sigepe.gov.br/oportunidades-portal/api/html/1357;21/08/2026;21/08/2026
1356;187/2023;2023;Ministério da Agricultura, Pecuária e Abastecimento;encerrado;Inscrições Encerradas;;0;;;;;Ministerio do Desenvolvimento Agrário e Agricultura Familiar - CINFRA/DDTS - SFTS;https://oportunidades.sigepe.gov.br/oportunidades-portal/api/html/1356;21/08/2026;21/08/2026
1355;181.3/2023;2023;Ministério da Mulher, da Família e dos Direitos Humanos;encerrado;Inscrições Encerradas;;0;;;;;06 vagas na Coordenação Geral de Acompanhamento de Parcerias;https://oportunidades.sigepe.gov.br/oportunidades-portal/api/html/1355;21/08/2026;21/08/2026
1353;190/2023;2023;Ministério da Agricultura, Pecuária e Abastecimento;encerrado;Inscrições Encerradas;;0;;;;;Ministerio do Desenvolvimento Agrário e Agricultura Familiar - SUP-CGTA e SUP-DINOV - SAF | Ministerio do Desenvolvimento Agrário e Agricultura Familiar - PESQ-CGPI/DINOV-SAF | Ministerio do Desenvolvimento Agrário e Agricultura Familiar - INT-CGPI e INT-CGTA/DINOV | Ministerio do Desenvolvimento Agrário e Agricultura Familiar - INT-DINOVA-SAF | Ministerio do Desenvolvimento Agrário e Agricultura ;https://oportunidades.sigepe.gov.br/oportunidades-portal/api/html/1353;21/08/2026;21/08/2026
1352;184.1/2023;2023;Ministério do Turismo;encerrado;Inscrições Encerradas;;-2;;;órgão-alvo(+2), nível médio/intermediário(-4);nível médio/intermediário;Analista de Nível Superior | Analista de Nível Superior | Analista de Nível Médio | Analista de Nível Superior | Analista de Nível Superior | Analista de Nível Superior | Analista de Nível Técnico | Analista de Nível Superior | Analista de Nível Superior | Analista de Nível Superior;https://oportunidades.sigepe.gov.br/oportunidades-portal/api/html/1352;21/08/2026;21/08/2026
1351;182.1/2023;2023;Ministério do Turismo;encerrado;Inscrições Encerradas;;-2;;;órgão-alvo(+2), nível médio/intermediário(-4);nível médio/intermediário;Desenvolvedor Frontend | Desenvolvedor Brackend;https://oportunidades.sigepe.gov.br/oportunidades-portal/api/html/1351;21/08/2026;21/08/2026
1348;176.5/2023;2023;Ministério da Mulher, da Família e dos Direitos Humanos;encerrado;Inscrições Encerradas;;0;;;;;12 (doze) vagas em diversos setores da Diretoria de Promoção dos Direitos Humanos;https://oportunidades.sigepe.gov.br/oportunidades-portal/api/html/1348;21/08/2026;21/08/2026
1346;177.1/2023;2023;Ministério da Infraestrutura;encerrado;Inscrições Encerradas;;-2;chefia baixa;;chefia baixa(-3), infraestrutura(+1);;Chefe de Divisão FCE 1.07;https://oportunidades.sigepe.gov.br/oportunidades-portal/api/html/1346;21/08/2026;21/08/2026
1345;172/2023;2023;Ministério da Justiça e Segurança Pública;encerrado;Inscrições Encerradas;;2;;;órgão-alvo(+2);;Posto de Trabalho nº 115;https://oportunidades.sigepe.gov.br/oportunidades-portal/api/html/1345;21/08/2026;21/08/2026
1344;173.1/2023;2023;Ministério da Justiça e Segurança Pública;encerrado;Inscrições Encerradas;;2;;;órgão-alvo(+2);;Postos de Trabalho nº 709 e 726;https://oportunidades.sigepe.gov.br/oportunidades-portal/api/html/1344;21/08/2026;21/08/2026
1339;169.2/2023;2023;Ministério da Agricultura, Pecuária e Abastecimento;encerrado;Inscrições Encerradas;;0;;;;;Ministerio do Desenvolvimento Agrário e Agricultura Familiar - CGFIN/SAF;https://oportunidades.sigepe.gov.br/oportunidades-portal/api/html/1339;21/08/2026;21/08/2026
1338;168.2/2023;2023;Ministério da Agricultura, Pecuária e Abastecimento;encerrado;Inscrições Encerradas;;0;;;;;Ministerio do Desenvolvimento Agrário e Agricultura Familiar - COCAF/CGCAF/SAF | Ministerio do Desenvolvimento Agrário e Agricultura Familiar - COFISC/CGCAF/SAF;https://oportunidades.sigepe.gov.br/oportunidades-portal/api/html/1338;21/08/2026;21/08/2026
1337;167.3/2023;2023;Ministério da Mulher, da Família e dos Direitos Humanos;encerrado;Inscrições Encerradas;;0;;;;;10 vagas na Coordenação Geral de Memória e Verdade e de Apoio à Comissão Especial sobre Mortos e...;https://oportunidades.sigepe.gov.br/oportunidades-portal/api/html/1337;21/08/2026;21/08/2026
1336;183.1/2023;2023;Ministério da Economia;encerrado;Inscrições Encerradas;;0;;;;;Composição do corpo técnico da Secretaria-Executiva do CZPE (MDIC): modalidade presencial | Composição do corpo técnico da Secretaria-Executiva do CZPE (MDIC): teletrabalho parcial | Composição do corpo técnico da Secretaria-Executiva do CZPE (MDIC): teletrabalho integral;https://oportunidades.sigepe.gov.br/oportunidades-portal/api/html/1336;21/08/2026;21/08/2026
1334;166.2/2023;2023;Ministério do Meio Ambiente e Mudança do Clima;encerrado;Inscrições Encerradas;;-1;;;órgão-alvo(+2), gratificação técnica(-3);;2 (duas), GSISTE de nível superior;https://oportunidades.sigepe.gov.br/oportunidades-portal/api/html/1334;21/08/2026;21/08/2026
1333;170.2/2023;2023;Ministério da Agricultura, Pecuária e Abastecimento;encerrado;Inscrições Encerradas;;-2;;;órgão-alvo(+2), nível médio/intermediário(-4);nível médio/intermediário;Ministerio do Desenvolvimento Agrário e Agricultura Familiar - CGEEST/RIO GRANDE SO SUL | Ministerio do Desenvolvimento Agrário e Agricultura Familiar - CGEEST/RIO DE JANEIRO | Ministerio do Desenvolvimento Agrário e Agricultura Familiar - CGEEST/TOCANTIS | Ministerio do Desenvolvimento Agrário e Agricultura Familiar - CGEEST/SANTA CATARINA | Ministerio do Desenvolvimento Agrário e Agricultura Fam;https://oportunidades.sigepe.gov.br/oportunidades-portal/api/html/1333;21/08/2026;21/08/2026
1329;162.1/2023;2023;Ministério do Turismo;encerrado;Inscrições Encerradas;;-2;;;órgão-alvo(+2), nível médio/intermediário(-4);nível médio/intermediário;Vaga 3 | Vaga 4 | Vaga 2 -  Escritórios de Representação nos Estados | Vaga 1 | Vaga 5;https://oportunidades.sigepe.gov.br/oportunidades-portal/api/html/1329;21/08/2026;21/08/2026
1323;160.6/2023;2023;Ministério da Mulher, da Família e dos Direitos Humanos;encerrado;Inscrições Encerradas;;0;;;;;6 vagas na Corregedoria do Ministério dos Direitos Humanos e da Cidadania;https://oportunidades.sigepe.gov.br/oportunidades-portal/api/html/1323;21/08/2026;21/08/2026
1322;161.3/2023;2023;Ministério da Agricultura, Pecuária e Abastecimento;encerrado;Inscrições Encerradas;;1;;;infraestrutura(+1);;Ministerio do Desenvolvimento Agrário e Agricultura Familiar - SPOA/CGTI Geral | Ministerio do Desenvolvimento Agrário e Agricultura Familiar - SPOA/CGTI Infraestrutura | Ministerio do Desenvolvimento Agrário e Agricultura Familiar - SPOA/CGLOG Patrimônio e Infra | Ministerio do Desenvolvimento Agrário e Agricultura Familiar - Gabinete SPOA | Ministerio do Desenvolvimento Agrário e Agricultura Fam;https://oportunidades.sigepe.gov.br/oportunidades-portal/api/html/1322;21/08/2026;21/08/2026
1320;155.1/2023;2023;Ministério do Turismo;encerrado;Inscrições Encerradas;;2;;;órgão-alvo(+2);;ÁREA- Chefia de Gabinete | ÁREA- TRANSPARÊNCIA E INTEGRIDADE | ÁREA- OUVIDORIA | ÁREA- Assessoria Parlamentar | ÁREA- Assessoria Participação Social e Diversidade | ÁREA- CONTROLES INTERNOS E GESTÃO DE RISCOS;https://oportunidades.sigepe.gov.br/oportunidades-portal/api/html/1320;21/08/2026;21/08/2026
1319;178.5/2023;2023;Ministério da Economia;encerrado;Inscrições Encerradas;;2;;;órgão-alvo(+2);;Conformidade | Regulação | Supervisão/Monitoramento | Análise de Dados | Autorização;https://oportunidades.sigepe.gov.br/oportunidades-portal/api/html/1319;21/08/2026;21/08/2026
1316;156.1/2023;2023;Ministério da Economia;encerrado;Inscrições Encerradas;;0;;;;;Apoio administrativo;https://oportunidades.sigepe.gov.br/oportunidades-portal/api/html/1316;21/08/2026;21/08/2026
1315;175.4/2023;2023;Ministério da Economia;encerrado;Inscrições Encerradas;;2;;;órgão-alvo(+2);;SREG - Regulação e Concorrência;https://oportunidades.sigepe.gov.br/oportunidades-portal/api/html/1315;21/08/2026;21/08/2026
1314;152.1/2023;2023;Ministério da Mulher, da Família e dos Direitos Humanos;encerrado;Inscrições Encerradas;;0;;;;;2 vagas na Coordenação-Geral de Políticas de Envelhecimento Ativo e Saudável e Desenho Universal | 1 vaga na Coordenação-Geral do Conselho Nacional dos Direitos da Pessoa Idosa | 1 vaga no Gabinete da Secretaria Nacional dos Direitos da Pessoa Idosa | 3 vagas na Coordenação-Geral das Políticas da Pessoa Idosa Sob Vulnerabilidades | 2 vagas na Diretoria de Proteção da Pessoa Idosa | 5 vagas na Coor;https://oportunidades.sigepe.gov.br/oportunidades-portal/api/html/1314;21/08/2026;21/08/2026
1313;153.1/2023;2023;Ministério da Mulher, da Família e dos Direitos Humanos;encerrado;Inscrições Encerradas;;0;;;;;04 vagas na Coordenação-Geral do Programa de Proteção a Crianças e Adolescentes Ameaçados de Morte;https://oportunidades.sigepe.gov.br/oportunidades-portal/api/html/1313;21/08/2026;21/08/2026
1311;195/2023;2023;Comando do Exército;encerrado;Inscrições Encerradas;;0;;;;;Cargo Comissionado Executivo (CCE-205);https://oportunidades.sigepe.gov.br/oportunidades-portal/api/html/1311;21/08/2026;21/08/2026
1310;149.3/2023;2023;Ministério da Mulher, da Família e dos Direitos Humanos;encerrado;Inscrições Encerradas;;0;;;;;6 vagas na CG de Memória e Verdade da Escravidão e do Tráfico Transatlântico de Pessoas Escravizadas;https://oportunidades.sigepe.gov.br/oportunidades-portal/api/html/1310;21/08/2026;21/08/2026
1309;148.2/2023;2023;Ministério da Mulher, da Família e dos Direitos Humanos;encerrado;Inscrições Encerradas;;0;;;;;06 vagas na Diretoria de Defesa dos Direitos Humanos, da SNDH, do MDHC;https://oportunidades.sigepe.gov.br/oportunidades-portal/api/html/1309;21/08/2026;21/08/2026
1305;150/2023;2023;Advocacia-Geral da União;encerrado;Inscrições Encerradas;;-4;;;nível médio/intermediário(-4);nível médio/intermediário;Jornalista;https://oportunidades.sigepe.gov.br/oportunidades-portal/api/html/1305;21/08/2026;21/08/2026
1302;151/2023;2023;Advocacia-Geral da União;encerrado;Inscrições Encerradas;;-4;;;nível médio/intermediário(-4);nível médio/intermediário;Designer Gráfico;https://oportunidades.sigepe.gov.br/oportunidades-portal/api/html/1302;21/08/2026;21/08/2026
1301;138.1/2023;2023;Ministério do Turismo;encerrado;Inscrições Encerradas;;2;;;órgão-alvo(+2);;ÁREA DE ATUAÇÃO 1 - SUBSECRETARIA DE ESPAÇOS E EQUIPAMENTOS CULTURAIS | ÁREA DE ATUAÇÃO 3 - SUBSECRETARIA DE ESPAÇOS E EQUIPAMENTOS CULTURAIS | ÁREA DE ATUAÇÃO 4 - ASSESSORIA DA SUBSECRETARIA DE ESPAÇOS E EQUIPAMENTOS CULTURAIS | ÁREA DE ATUAÇÃO 2 - SUBSECRETARIA DE ESPAÇOS E EQUIPAMENTOS CULTURAIS;https://oportunidades.sigepe.gov.br/oportunidades-portal/api/html/1301;21/08/2026;21/08/2026
1299;137.1/2023;2023;Ministério do Turismo;encerrado;Inscrições Encerradas;;-1;;Brasília;Brasília(+1), órgão-alvo(+2), nível médio/intermediário(-4);nível médio/intermediário;ÁREA: PROGRAMA DE ESTÁGIO | ÁREA: CADASTRO E ACOMPANHAMENTO FUNCIONAL | ÁREA: APOSENTADORIA, BENEFÍCIOS E LICENÇA MÉDICA | ÁREA: PAGAMENTO DE PESSOAL;https://oportunidades.sigepe.gov.br/oportunidades-portal/api/html/1299;21/08/2026;21/08/2026
1298;146.2/2023;2023;Ministério da Economia;encerrado;Inscrições Encerradas;;2;coordenador (1.10);Brasília;coordenador (1.10)(+1), Brasília(+1);;Função Comissionada Executiva do Poder executivo - FCE 1.10;https://oportunidades.sigepe.gov.br/oportunidades-portal/api/html/1298;21/08/2026;21/08/2026
1296;133.1/2023;2023;Ministério do Turismo;encerrado;Inscrições Encerradas;;2;;;órgão-alvo(+2);;ÁREA 02 - DEMANDAS PARLAMENTARES E PROPOSTAS DE ACORDOS E NORMATIVOS | ÁREA 01 - ADMINISTRAÇÃO PÚBLICA FEDERAL | ÁREA 03 - DIÁRIAS E PASSAGENS;https://oportunidades.sigepe.gov.br/oportunidades-portal/api/html/1296;21/08/2026;21/08/2026
1295;134.1/2023;2023;Ministério do Turismo;encerrado;Inscrições Encerradas;;2;;;órgão-alvo(+2);;DIRETORIA DE EDUCAÇÃO E FORMAÇÃO ARTÍSTICA - DIEFA | DIRETORIA DE EDUCAÇÃO E FORMAÇÃO ARTÍSTICA - DIEFA | DIRETORIA DE LIVRO, LEITURA, LITERATURA E BIBLIOTECAS | DIRETORIA DE LIVRO, LEITURA, LITERATURA E BIBLIOTECAS | DIRETORIA DE EDUCAÇÃO E FORMAÇÃO ARTÍSTICA - DIEFA | DIRETORIA DE LIVRO, LEITURA, LITERATURA E BIBLIOTECAS;https://oportunidades.sigepe.gov.br/oportunidades-portal/api/html/1295;21/08/2026;21/08/2026
1294;132.1/2023;2023;Ministério do Turismo;encerrado;Inscrições Encerradas;;3;;;infraestrutura(+1), órgão-alvo(+2);;CONTRATOS ADMINISTRATIVOS | PLANEJAMENTO DAS CONTRATAÇÕES | INFRAESTRUTURA E MANUTENÇÃO | ÁREA DE DOCUMENTAÇÃO | ÁREA TELEFONIA | MATERIAS E PATRIMÔNIO. | ÁREA DE SERVIÇOS GERAIS | ÁREA TRANSPORTE | ÁREA:  EXECUÇÃO ORÇAMENTÁRIA E FINANCEIRA | CONTRATAÇÕES PÚBLICAS | ÁREA DE DIÁRIAS E PASSAGENS | COORDENAÇÃO DE PLANEJAMENTO E PROGRAMAÇÃO ORÇAMENTÁRIA E FINANÇAS - CPPOF | COORDENAÇÃO DE CONTABILIDAD;https://oportunidades.sigepe.gov.br/oportunidades-portal/api/html/1294;21/08/2026;21/08/2026
1293;140.4/2023;2023;Ministério do Trabalho e Previdência;encerrado;Inscrições Encerradas;;3;;;infraestrutura(+1), órgão-alvo(+2);;Contratos e Aquisições de TI | Gestão e Governança de TIC | Segurança da Informação | Infraestrutura e Serviços de TIC | Suporte TIC | Soluções Digitais;https://oportunidades.sigepe.gov.br/oportunidades-portal/api/html/1293;21/08/2026;21/08/2026
1291;128.3/2023;2023;Ministério do Meio Ambiente e Mudança do Clima;encerrado;Inscrições Encerradas;;1;;Brasília;Brasília(+1), avaliação de políticas(+2), órgão-alvo(+2), nível médio/intermediário(-4);nível médio/intermediário;Código 1 ¿ Nível Superior | Código 2 ¿ Nível Superior | Código 4 ¿ Nível Médio | Código 3 ¿ Nível Superior;https://oportunidades.sigepe.gov.br/oportunidades-portal/api/html/1291;21/08/2026;21/08/2026
1290;131.1/2023;2023;Ministério da Agricultura, Pecuária e Abastecimento;encerrado;Inscrições Encerradas;;0;;;;;Coordenação-Geral de Aquisição e Distribuição de Alimentos - CGAL | Gabinete do Departamento de Apoio à Aquisição e à Comercialização da Agricultura Familiar | Coordenação-Geral de Articulação Federativa e Sistemas de Abastecimento Alimentar;https://oportunidades.sigepe.gov.br/oportunidades-portal/api/html/1290;21/08/2026;21/08/2026
1289;147.1/2023;2023;Ministério da Agricultura, Pecuária e Abastecimento;encerrado;Inscrições Encerradas;;0;;;;;Ministerio do Desenvolvimento Agrário e Agricultura Familiar - COOGEP/DECOOP/SEAB - MDA | Ministerio do Desenvolvimento Agrário e Agricultura Familiar - COOGEC/DECOOP/SEAB - MDA | Ministerio do Desenvolvimento Agrário e Agricultura Familiar - CGINC/DECOOP/SEAB - MDA | Ministerio do Desenvolvimento Agrário e Agricultura Familiar - Gabinete DECOOP/SEAB - MDA;https://oportunidades.sigepe.gov.br/oportunidades-portal/api/html/1289;21/08/2026;21/08/2026
1288;179.1/2023;2023;Departamento Nacional de Infraestrutura de Transportes;encerrado;Inscrições Encerradas;;1;;;infraestrutura(+1);;Coordenação de Administração e Finanças - SRE-AP | Coordenação de Engenharia - SRE-AP;https://oportunidades.sigepe.gov.br/oportunidades-portal/api/html/1288;21/08/2026;21/08/2026
1286;145.4/2023;2023;Ministério da Economia;encerrado;Inscrições Encerradas;;-3;;Brasília;Brasília(+1), nível médio/intermediário(-4);nível médio/intermediário;Seleção GIAPU - SPU/MGI - nível médio e superior;https://oportunidades.sigepe.gov.br/oportunidades-portal/api/html/1286;21/08/2026;21/08/2026
1283;125.2/2023;2023;Ministério da Justiça e Segurança Pública;encerrado;Inscrições Encerradas;;2;;;órgão-alvo(+2);;Posto 28 - Área de desenvolvimento humano-organizacional;https://oportunidades.sigepe.gov.br/oportunidades-portal/api/html/1283;21/08/2026;21/08/2026
1282;127.1/2023;2023;Ministério da Justiça e Segurança Pública;encerrado;Inscrições Encerradas;;-1;;;órgão-alvo(+2), gratificação técnica(-3);;Posto 28 - GSISTE Nível Superior - Área de férias e frequências;https://oportunidades.sigepe.gov.br/oportunidades-portal/api/html/1282;21/08/2026;21/08/2026
1281;126.2/2023;2023;Ministério da Justiça e Segurança Pública;encerrado;Inscrições Encerradas;;2;;;órgão-alvo(+2);;Postos 506, 515 e 2028 - Corregedoria;https://oportunidades.sigepe.gov.br/oportunidades-portal/api/html/1281;21/08/2026;21/08/2026
1279;136.1/2023;2023;Ministério do Turismo;encerrado;Inscrições Encerradas;;2;;;órgão-alvo(+2);;VAGA 3 (Coordenação Geral de Projetos Estratégicos) | VAGA 1 (Coordenação de Desenvolvimento Institucional) | VAGA 2 (Coordenação-Geral de Projetos Estratégicos) | VAGA 4 (Subsecretaria de Gestão Estratégica);https://oportunidades.sigepe.gov.br/oportunidades-portal/api/html/1279;21/08/2026;21/08/2026
1277;130.1/2023;2023;Ministério do Turismo;encerrado;Inscrições Encerradas;;2;;;órgão-alvo(+2);;ÁREA (Subsecretaria de Gestão de Prestação e Tomada de Contas);https://oportunidades.sigepe.gov.br/oportunidades-portal/api/html/1277;21/08/2026;21/08/2026
1276;135.1/2023;2023;Ministério da Economia;encerrado;Inscrições Encerradas;;-7;;;gratificação técnica(-3), nível médio/intermediário(-4);nível médio/intermediário;GSISP-NI - À Coordenação de Serviços  em Tecnologia da Informação;https://oportunidades.sigepe.gov.br/oportunidades-portal/api/html/1276;21/08/2026;21/08/2026
1275;121.2/2023;2023;Ministério da Mulher, da Família e dos Direitos Humanos;encerrado;Inscrições Encerradas;;-4;;;nível médio/intermediário(-4);nível médio/intermediário;10 vagas para cargos de Nível Médio no Ministério das Mulheres | 35 vagas para cargos de Nível Superior no Ministério das Mulheres;https://oportunidades.sigepe.gov.br/oportunidades-portal/api/html/1275;21/08/2026;21/08/2026
1274;129.1/2023;2023;Ministério do Turismo;encerrado;Inscrições Encerradas;;2;;;órgão-alvo(+2);;ÁREA - GABINETE/SECRETARIA DE ECONOMIA CRIATIVA E FOMENTO CULTURAL | ÁREA - DIRETORIA DE POLÍTICAS PARA OS TRABALHADORES DA CULTURA | ÁREA - DIRETORIA DE FOMENTO DIRETO | ÁREA - DIRETORIA DE DESENVOLVIMENTO ECONÔMICO DA CULTURA | ÁREA - DIRETORIA DE FOMENTO INDIRETO;https://oportunidades.sigepe.gov.br/oportunidades-portal/api/html/1274;21/08/2026;21/08/2026
1272;120.1/2023;2023;Ministério do Turismo;encerrado;Inscrições Encerradas;;2;;;órgão-alvo(+2);;ÁREA: Administrativa 3 | ÁREA: Administrativa 2 | ÁREA: Administrativa 1;https://oportunidades.sigepe.gov.br/oportunidades-portal/api/html/1272;21/08/2026;21/08/2026
1271;119.1/2023;2023;Ministério do Turismo;encerrado;Inscrições Encerradas;;3;;;políticas públicas(+1), órgão-alvo(+2);;ÁREA DIRETORIA DE FORMAÇÃO E INOVAÇÃO AUDIOVISUAL 1 | ÁREA GABINETE DA SECRETARIA DO AUDIOVISUAL  (Planejamento Orçamentário e Financeiro) | ÁREA DIRETORIA DE FORMAÇÃO E INOVAÇÃO AUDIOVISUAL 3 | ÁREA DIRETORIA DE PRESERVAÇÃO E DIFUSÃO AUDIOVISUAL | ÁREA DIRETORIA DE FORMAÇÃO E INOVAÇÃO AUDIOVISUAL 2 | ÁREA GABINETE DA SECRETARIA DO AUDIOVISUAL  (Planejamento Administrativo) | ÁREA GABINETE DA SECR;https://oportunidades.sigepe.gov.br/oportunidades-portal/api/html/1271;21/08/2026;21/08/2026
1268;118.1/2023;2023;Instituto de Pesquisa Econômica Aplicada;encerrado;Inscrições Encerradas;;3;coordenador (1.10);Brasília;coordenador (1.10)(+1), Brasília(+1), ciência de dados(+1);;FCE 1.10 - Coordenador de Segurança da Informação - COSEG;https://oportunidades.sigepe.gov.br/oportunidades-portal/api/html/1268;21/08/2026;21/08/2026
1266;115/2023;2023;Ministério da Economia;encerrado;Inscrições Encerradas;;-2;;;órgão-alvo(+2), nível médio/intermediário(-4);nível médio/intermediário;1 VAGA DE CONTADOR - NÍVEL SUPERIOR - CGCON/DELOG/SEGES/MGI | 2 VAGAS DE TI - NÍVEL MÉDIO OU SUPERIOR - CGCON/DELOG/SEGES/MGI | 2 VAGAS DE ASSESSORIA DE DESENVOLVIMENTO E ADM - NÍVEL MÉDIO OU SUPERIOR - CGCON/DELOG/SEGES/MGI | 1 VAGA DE APOIO ADMINISTRATIVO - NÍVEL MÉDIO OU SUPERIOR - CGCON/DELOG/SEGES/MGI;https://oportunidades.sigepe.gov.br/oportunidades-portal/api/html/1266;21/08/2026;21/08/2026
1265;107.5/2023;2023;Ministério da Economia;encerrado;Inscrições Encerradas;;1;;;infraestrutura(+1);;Análise e Acompanhamento de Projetos do Setor Público Financiados por Organismos Internacionais;https://oportunidades.sigepe.gov.br/oportunidades-portal/api/html/1265;21/08/2026;21/08/2026
1264;116.3/2023;2023;Ministério da Economia;encerrado;Inscrições Encerradas;;-1;chefia baixa;;chefia baixa(-3), órgão-alvo(+2);;Chefe de Divisão de Análise de Projetos (FCE 1.07);https://oportunidades.sigepe.gov.br/oportunidades-portal/api/html/1264;21/08/2026;21/08/2026
1263;117.4/2023;2023;Ministério da Economia;encerrado;Inscrições Encerradas;;3;coordenador (1.10);;coordenador (1.10)(+1), órgão-alvo(+2);;Coordenador de Regulamentação, Avaliação e Monitoramento (FCE 1.10).;https://oportunidades.sigepe.gov.br/oportunidades-portal/api/html/1263;21/08/2026;21/08/2026
1261;110.2/2023;2023;Ministério da Justiça e Segurança Pública;encerrado;Inscrições Encerradas;;-5;;;órgão-alvo(+2), gratificação técnica(-3), nível médio/intermediário(-4);nível médio/intermediário;Posto 2029 - DIATA - GSISTE-NI | Posto 163 - DIARQT - GSISTE-NS;https://oportunidades.sigepe.gov.br/oportunidades-portal/api/html/1261;21/08/2026;21/08/2026
1260;105.1/2023;2023;Departamento Nacional de Infraestrutura de Transportes;encerrado;Inscrições Encerradas;;-2;;;infraestrutura(+1), gratificação técnica(-3);;Vaga para cargo de nível superior com recebimento de GSISTE;https://oportunidades.sigepe.gov.br/oportunidades-portal/api/html/1260;21/08/2026;21/08/2026
1259;101/2023;2023;Ministério do Desenvolvimento Regional;encerrado;Inscrições Encerradas;;3;;;desenvolvimento regional(+1), órgão-alvo(+2);;PROGRAMA DE GESTÃO;https://oportunidades.sigepe.gov.br/oportunidades-portal/api/html/1259;21/08/2026;21/08/2026
1258;109.1/2023;2023;Ministério da Justiça e Segurança Pública;encerrado;Inscrições Encerradas;;-4;chefia baixa;;chefia baixa(-3), órgão-alvo(+2), gratificação técnica(-3);;Posto 229 - Chefe da Divisão de Serviços de Telecomunicações (FCE 1.07 com GSISP);https://oportunidades.sigepe.gov.br/oportunidades-portal/api/html/1258;21/08/2026;21/08/2026
1256;106.1/2023;2023;Departamento Nacional de Infraestrutura de Transportes;encerrado;Inscrições Encerradas;;1;;;infraestrutura(+1);;Analista Administrativo | Técnico Administrativo ou Agente Administrativo;https://oportunidades.sigepe.gov.br/oportunidades-portal/api/html/1256;21/08/2026;21/08/2026
1255;111.1/2023;2023;Instituto Nacional da Propriedade Industrial;encerrado;Inscrições Encerradas;;1;coordenador (1.10);;coordenador (1.10)(+1);;ASSESSOR DE RELAÇÕES INTERNACIONAIS;https://oportunidades.sigepe.gov.br/oportunidades-portal/api/html/1255;21/08/2026;21/08/2026
1253;102.1/2023;2023;Conselho Administrativo de Defesa Econômica;encerrado;Inscrições Encerradas;;0;;;;;Gabinete da Presidência;https://oportunidades.sigepe.gov.br/oportunidades-portal/api/html/1253;21/08/2026;21/08/2026
1252;112/2023;2023;Ministério da Economia;encerrado;Inscrições Encerradas;;2;;;órgão-alvo(+2);;1 VAGA DE NÍVEL SUPERIOR PARA ATUAR NA CGNOR/DELOG/SEGES/MGI;https://oportunidades.sigepe.gov.br/oportunidades-portal/api/html/1252;21/08/2026;21/08/2026
1250;104.1/2023;2023;Departamento Nacional de Infraestrutura de Transportes;encerrado;Inscrições Encerradas;;-1;chefia baixa;Brasília;chefia baixa(-3), Brasília(+1), infraestrutura(+1);;Chefe do Setor de Apoio Administrativo;https://oportunidades.sigepe.gov.br/oportunidades-portal/api/html/1250;21/08/2026;21/08/2026
1238;94.2/2023;2023;Instituto Nacional da Propriedade Industrial;encerrado;Inscrições Encerradas;;3;;;cenários(+3);;Chefe da Assessoria de Assuntos Econômicos;https://oportunidades.sigepe.gov.br/oportunidades-portal/api/html/1238;21/08/2026;21/08/2026
1236;93.2/2023;2023;Ministério da Economia;encerrado;Inscrições Encerradas;;-3;;;gratificação técnica(-3);;GSISP-NS para atuar na CGATE da Secretaria de Governo Digital/MGI;https://oportunidades.sigepe.gov.br/oportunidades-portal/api/html/1236;21/08/2026;21/08/2026
1235;95.3/2023;2023;Instituto Nacional da Propriedade Industrial;encerrado;Inscrições Encerradas;;0;;;;;Oportunidade 2 | Oportunidade 1;https://oportunidades.sigepe.gov.br/oportunidades-portal/api/html/1235;21/08/2026;21/08/2026
1231;87.1/2023;2023;Instituto de Pesquisa Econômica Aplicada;encerrado;Inscrições Encerradas;;1;;Brasília;Brasília(+1);;Abertura de processo seletivo para compor força de trabalho;https://oportunidades.sigepe.gov.br/oportunidades-portal/api/html/1231;21/08/2026;21/08/2026
1230;88/2023;2023;Ministério da Economia;encerrado;Inscrições Encerradas;;1;;Brasília;Brasília(+1);;Será disponibilizada 1 vagas, sendo na  modalidade: Presencial;https://oportunidades.sigepe.gov.br/oportunidades-portal/api/html/1230;21/08/2026;21/08/2026
1229;92/2023;2023;Conselho Administrativo de Defesa Econômica;encerrado;Inscrições Encerradas;;0;;;;;Serviço de Gestão e Governança | Serviço de Gestão e Governança | Assessoria Internacional | Serviço de Gestão e Governança;https://oportunidades.sigepe.gov.br/oportunidades-portal/api/html/1229;21/08/2026;21/08/2026
1228;113/2023;2023;Ministério da Mulher, da Família e dos Direitos Humanos;encerrado;Inscrições Encerradas;;0;;;;;2 vagas para Assessoria de Comunicação | 10 vagas para Assessoria Técnica | 5 vagas para Assessoria Administrativa;https://oportunidades.sigepe.gov.br/oportunidades-portal/api/html/1228;21/08/2026;21/08/2026
1226;84/2023;2023;Ministério da Agricultura, Pecuária e Abastecimento;encerrado;Inscrições Encerradas;;-3;chefia baixa;;chefia baixa(-3);;FCE 1.03 - Chefe de Seção;https://oportunidades.sigepe.gov.br/oportunidades-portal/api/html/1226;21/08/2026;21/08/2026
1225;82.2/2023;2023;Ministério da Justiça e Segurança Pública;encerrado;Inscrições Encerradas;;3;;Brasília;Brasília(+1), órgão-alvo(+2);;Postos de Trabalho nº 407, 410, 412 e 414;https://oportunidades.sigepe.gov.br/oportunidades-portal/api/html/1225;21/08/2026;21/08/2026
1223;85.1/2023;2023;Ministério da Economia;encerrado;Inscrições Encerradas;;-7;;;gratificação técnica(-3), nível médio/intermediário(-4);nível médio/intermediário;1 (uma) vaga com possibilidade de percepção de GSISTE-NI;https://oportunidades.sigepe.gov.br/oportunidades-portal/api/html/1223;21/08/2026;21/08/2026
1222;83.1/2023;2023;Ministério da Justiça e Segurança Pública;encerrado;Inscrições Encerradas;;4;coordenador (1.10);Brasília;coordenador (1.10)(+1), Brasília(+1), órgão-alvo(+2);;Posto de Trabalho nº 2025 - Assessor Técnico Especializado (FCE 4.03);https://oportunidades.sigepe.gov.br/oportunidades-portal/api/html/1222;21/08/2026;21/08/2026
1220;81.5/2023;2023;Ministério da Economia;encerrado;Inscrições Encerradas;;1;coordenador (1.10);;coordenador (1.10)(+1);;Comunicação Social | FCE 1.10 Coordenador(a) de Administração Patrimonial e Serviços Gerais | CCE 1.10 Coordenador(a) de Contratações e Logística | Gestão de TI | Administração Patrimonial e Recursos Logísticos | Proteção Territorial e Povos Isolados e de Recente Contato | Contratos, Convênios e Licitações | Orçamento e Finanças | FCE 1.07 Chefe da Divisão de Contabilidade | Gestão de Pessoas | As;https://oportunidades.sigepe.gov.br/oportunidades-portal/api/html/1220;21/08/2026;21/08/2026
1217;79.1/2023;2023;Ministério das Relações Exteriores;encerrado;Inscrições Encerradas;;-3;;;gratificação técnica(-3);;MRE - GSISTE - PSICÓLOGO;https://oportunidades.sigepe.gov.br/oportunidades-portal/api/html/1217;21/08/2026;21/08/2026
1215;90.3/2023;2023;Ministério da Mulher, da Família e dos Direitos Humanos;encerrado;Inscrições Encerradas;;0;;;;;7 (sete) vagas no MDHC, na Secretaria Nacional LGBTQIA+;https://oportunidades.sigepe.gov.br/oportunidades-portal/api/html/1215;21/08/2026;21/08/2026
1211;80.1/2023;2023;Instituto Nacional da Propriedade Industrial;encerrado;Inscrições Encerradas;;0;;;;;Duas vagas para atuação na área de Custos;https://oportunidades.sigepe.gov.br/oportunidades-portal/api/html/1211;21/08/2026;21/08/2026
1209;74/2023;2023;Ministério da Agricultura, Pecuária e Abastecimento;encerrado;Inscrições Encerradas;;-5;;SPOA/SE;SPOA/SE(-5);;1 (FCE 4.05);https://oportunidades.sigepe.gov.br/oportunidades-portal/api/html/1209;21/08/2026;21/08/2026
1208;75.1/2023;2023;Ministério da Justiça e Segurança Pública;encerrado;Inscrições Encerradas;;2;;;órgão-alvo(+2);;Posto de Trabalho nº 130;https://oportunidades.sigepe.gov.br/oportunidades-portal/api/html/1208;21/08/2026;21/08/2026
1207;76.2/2023;2023;Ministério da Justiça e Segurança Pública;encerrado;Inscrições Encerradas;;2;;;órgão-alvo(+2);;Posto de Trabalho nº 803;https://oportunidades.sigepe.gov.br/oportunidades-portal/api/html/1207;21/08/2026;21/08/2026
1193;71.3/2023;2023;Instituto de Pesquisa Econômica Aplicada;encerrado;Inscrições Encerradas;;0;chefia baixa;Brasília;chefia baixa(-3), Brasília(+1), órgão-alvo(+2);;FCE 1.07 - Chefe da Divisão de Capacitação;https://oportunidades.sigepe.gov.br/oportunidades-portal/api/html/1193;21/08/2026;21/08/2026
1189;65.5/2023;2023;Ministério do Turismo;encerrado;Inscrições Encerradas;;3;;Brasília;Brasília(+1), órgão-alvo(+2);;Escritório Roraima | Escritório no Acre | Escritório Bahia | Escritório Goiás | Escritório Maranhão | Escritório Rio Grande do Sul | Escritório Amapá | Escritório Amazonas | Escritório Ceará | Escritório Distrito Federal | Escritório Mato Grosso do Sul | Escritório Minas Gerais | Escritório em Alagoas | Escritório Mato Grosso | Escritório Pará | Escritório Pernambuco | Escritório Piauí | Escritóri;https://oportunidades.sigepe.gov.br/oportunidades-portal/api/html/1189;21/08/2026;21/08/2026
1188;64.1/2023;2023;Ministério da Economia;encerrado;Inscrições Encerradas;;-1;;;órgão-alvo(+2), gratificação técnica(-3);;GSISTE NS + trabalho remoto parcial;https://oportunidades.sigepe.gov.br/oportunidades-portal/api/html/1188;21/08/2026;21/08/2026
1186;60.2/2023;2023;Ministério das Relações Exteriores;encerrado;Inscrições Encerradas;;-3;;;gratificação técnica(-3);;GSISTE - MRE;https://oportunidades.sigepe.gov.br/oportunidades-portal/api/html/1186;21/08/2026;21/08/2026
1184;124.1/2023;2023;Companhia Brasileira de Trens Urbanos;encerrado;Inscrições Encerradas;;5;;Brasília;Brasília(+1), urbano(+2), órgão-alvo(+2);;DP 01 | DP 02 | GEPLE 01 | CEPES 01 | GEOPE 01 | GESIS 01 | GESIS 02 | GEENG 01 | DA 01 | GEMPO 01 | CEPAG 01 | CECON 01 | CETRI 01 | CEATA 01 | GECON 02 | OUV 01 | OUV 02 | GALIC 02 | CEPAF 01 | GECON 01 | CEOPA 01 | CEGEI 01 | GETIN 01 | CEPES 02 | CEOPA 02 | GAESP 01 | CEPAF 02 | GALIC 01 | GEOPE 02 | GEENG 02 | GEMAR 01 | DA 02 | CECON 02 | GEMPO 03 | GEAPO 01 | GEPAT 01 | GECOR 01 | CEFOP 01 ;https://oportunidades.sigepe.gov.br/oportunidades-portal/api/html/1184;21/08/2026;21/08/2026
1183;66.3/2023;2023;Ministério da Agricultura, Pecuária e Abastecimento;encerrado;Inscrições Encerradas;;2;;;órgão-alvo(+2);;MINISTÉRIO DO DESENVOLVIMENTO AGRÁRIO E AGRICULTURA FAMILIAR | MINISTÉRIO DO DESENVOLVIMENTO AGRÁRIO E AGRICULTURA FAMILIAR | MINISTÉRIO DO DESENVOLVIMENTO AGRÁRIO E AGRICULTURA FAMILIAR / Divisão de Tomada de Contas Especial;https://oportunidades.sigepe.gov.br/oportunidades-portal/api/html/1183;21/08/2026;21/08/2026
1182;58/2023;2023;Advocacia-Geral da União;encerrado;Inscrições Encerradas;;-3;;;gratificação técnica(-3);;Concessão de GSISTE nível superior;https://oportunidades.sigepe.gov.br/oportunidades-portal/api/html/1182;21/08/2026;21/08/2026
1181;57.1/2023;2023;Ministério do Desenvolvimento Regional;encerrado;Inscrições Encerradas;;3;;;desenvolvimento regional(+1), órgão-alvo(+2);;OPORTUNIDADE PROGRAMA DE GESTÃO;https://oportunidades.sigepe.gov.br/oportunidades-portal/api/html/1181;21/08/2026;21/08/2026
1177;55/2023;2023;Ministério da Agricultura, Pecuária e Abastecimento;encerrado;Inscrições Encerradas;;-3;;;gratificação técnica(-3);;1 (uma) GSISTE - Nível Superior - GABINETE | 1 (uma) GSISTE - Nível Superior - Central de Atendimento de Pessoal;https://oportunidades.sigepe.gov.br/oportunidades-portal/api/html/1177;21/08/2026;21/08/2026
1175;72/2023;2023;Instituto Nacional da Propriedade Industrial;encerrado;Inscrições Encerradas;;-4;;;nível médio/intermediário(-4);nível médio/intermediário;Vaga de nível médio para o serviço de Liquidação Financeira do INPI;https://oportunidades.sigepe.gov.br/oportunidades-portal/api/html/1175;21/08/2026;21/08/2026
1174;62.2/2023;2023;Ministério da Economia;encerrado;Inscrições Encerradas;;-3;;;gratificação técnica(-3);;GSISP-NS para atuar na CGGOV da Secretaria de Governo Digital/MGI;https://oportunidades.sigepe.gov.br/oportunidades-portal/api/html/1174;21/08/2026;21/08/2026
1173;73/2023;2023;Instituto Nacional da Propriedade Industrial;encerrado;Inscrições Encerradas;;-4;;;graduação específica(-4);graduação específica;Vaga Contador na Coordenação Geral de Orçamento e Finanças - Divisão de Contabilidade Geral do INPI;https://oportunidades.sigepe.gov.br/oportunidades-portal/api/html/1173;21/08/2026;21/08/2026
1167;63/2023;2023;Instituto Nacional da Propriedade Industrial;encerrado;Inscrições Encerradas;;-4;;;nível médio/intermediário(-4);nível médio/intermediário;Vaga de nível médio para o serviço de Arrecadação do INPI;https://oportunidades.sigepe.gov.br/oportunidades-portal/api/html/1167;21/08/2026;21/08/2026
1161;49.1/2023;2023;Ministério da Justiça e Segurança Pública;encerrado;Inscrições Encerradas;;0;;Brasília;Brasília(+1), órgão-alvo(+2), gratificação técnica(-3);;Posto de Trabalho nº 123 - GSISTE-NS;https://oportunidades.sigepe.gov.br/oportunidades-portal/api/html/1161;21/08/2026;21/08/2026
1160;50.2/2023;2023;Ministério do Desenvolvimento Regional;encerrado;Inscrições Encerradas;;1;;Brasília;Brasília(+1), desenvolvimento regional(+1), órgão-alvo(+2), gratificação técnica(-3);;GRATIFICAÇÃO GSISP (NÍVEL SUPERIOR) - CGTI;https://oportunidades.sigepe.gov.br/oportunidades-portal/api/html/1160;21/08/2026;21/08/2026
1158;48/2023;2023;Ministério da Agricultura, Pecuária e Abastecimento;encerrado;Inscrições Encerradas;;-3;;;gratificação técnica(-3);;1 (uma) GSISTE - Nível Superior;https://oportunidades.sigepe.gov.br/oportunidades-portal/api/html/1158;21/08/2026;21/08/2026
1156;59/2023;2023;Ministério da Economia;encerrado;Inscrições Encerradas;;-1;;;órgão-alvo(+2), gratificação técnica(-3);;Concessão de GSISTE NS + trabalho remoto parcial;https://oportunidades.sigepe.gov.br/oportunidades-portal/api/html/1156;21/08/2026;21/08/2026
1155;45.1/2023;2023;Fundação Cultural Palmares;encerrado;Inscrições Encerradas;;-3;;;gratificação técnica(-3);;GSISTE do Órgão Central do SISG, 1 (uma) vaga para o cargo efetivo de Nível Superior.;https://oportunidades.sigepe.gov.br/oportunidades-portal/api/html/1155;21/08/2026;21/08/2026
1154;44/2023;2023;Ministério da Justiça e Segurança Pública;encerrado;Inscrições Encerradas;;3;;Brasília;Brasília(+1), órgão-alvo(+2);;FCE 4.08;https://oportunidades.sigepe.gov.br/oportunidades-portal/api/html/1154;21/08/2026;21/08/2026
1152;53.2/2023;2023;Ministério da Economia;encerrado;Inscrições Encerradas;;-2;;;órgão-alvo(+2), nível médio/intermediário(-4);nível médio/intermediário;Serviço de Gestão Documental da Procuradoria-Geral da Fazenda Nacional - SEDOC/PGFN;https://oportunidades.sigepe.gov.br/oportunidades-portal/api/html/1152;21/08/2026;21/08/2026
1151;43.2/2023;2023;Ministério da Agricultura, Pecuária e Abastecimento;encerrado;Inscrições Encerradas;;-6;chefia baixa;;chefia baixa(-3), gratificação técnica(-3);;FCE -1.07 (Chefe da Divisão de Procedimentos Administrativos e Judiciais - DIPAJ | GSISTE/SIPEC  Nível Superior;https://oportunidades.sigepe.gov.br/oportunidades-portal/api/html/1151;21/08/2026;21/08/2026
1149;41.2/2023;2023;Ministério da Economia;encerrado;Inscrições Encerradas;;0;;;;;Analista de política comercial e negociações internacionais;https://oportunidades.sigepe.gov.br/oportunidades-portal/api/html/1149;21/08/2026;21/08/2026
1145;40/2023;2023;Ministério da Economia;encerrado;Inscrições Encerradas;;-6;;Brasília;Brasília(+1), gratificação técnica(-3), nível médio/intermediário(-4);nível médio/intermediário;GSISTE - Nível Intermediário;https://oportunidades.sigepe.gov.br/oportunidades-portal/api/html/1145;21/08/2026;21/08/2026
1144;39.1/2023;2023;Ministério da Economia;encerrado;Inscrições Encerradas;;-7;;;gratificação técnica(-3), nível médio/intermediário(-4);nível médio/intermediário;GSISTE NI;https://oportunidades.sigepe.gov.br/oportunidades-portal/api/html/1144;21/08/2026;21/08/2026
1143;36.1/2023;2023;Ministério da Economia;encerrado;Inscrições Encerradas;;-3;;;gratificação técnica(-3);;Seleção de GSISP;https://oportunidades.sigepe.gov.br/oportunidades-portal/api/html/1143;21/08/2026;21/08/2026
1141;33.1/2023;2023;Ministério do Turismo;encerrado;Inscrições Encerradas;;-4;chefia baixa;Brasília;chefia baixa(-3), Brasília(+1), órgão-alvo(+2), nível médio/intermediário(-4);nível médio/intermediário;FCE 1.07 e CCE 1.07;https://oportunidades.sigepe.gov.br/oportunidades-portal/api/html/1141;21/08/2026;21/08/2026
1138;38.1/2023;2023;Ministério da Economia;encerrado;Inscrições Encerradas;;-3;;;gratificação técnica(-3);;GSISP-Nível Superior;https://oportunidades.sigepe.gov.br/oportunidades-portal/api/html/1138;21/08/2026;21/08/2026
1137;37.3/2023;2023;Ministério da Economia;encerrado;Inscrições Encerradas;;-3;;;gratificação técnica(-3);;GSISP-Nível Superior;https://oportunidades.sigepe.gov.br/oportunidades-portal/api/html/1137;21/08/2026;21/08/2026
1134;29/2023;2023;Ministério da Agricultura, Pecuária e Abastecimento;encerrado;Inscrições Encerradas;;-8;;SPOA/SE;SPOA/SE(-5), gratificação técnica(-3);;GSISTE;https://oportunidades.sigepe.gov.br/oportunidades-portal/api/html/1134;21/08/2026;21/08/2026
1132;35.1/2023;2023;Ministério da Economia;encerrado;Inscrições Encerradas;;-3;;;gratificação técnica(-3);;GSISP para atuar em projetos de Identidade Digital;https://oportunidades.sigepe.gov.br/oportunidades-portal/api/html/1132;21/08/2026;21/08/2026
1131;24.2/2023;2023;Ministério da Agricultura, Pecuária e Abastecimento;encerrado;Inscrições Encerradas;;-3;chefia baixa;;chefia baixa(-3);;FCE 1.05 - Chefe de Serviço do Serviço de Gestão de Pessoas da Coordenação de Administração;https://oportunidades.sigepe.gov.br/oportunidades-portal/api/html/1131;21/08/2026;21/08/2026
1128;28/2023;2023;Conselho Administrativo de Defesa Econômica;encerrado;Inscrições Encerradas;;-3;chefia baixa;;chefia baixa(-3);;Serviço de Sistema de Informação | Seção de Apoio à Gestão Estratégica de Pessoas | Serviço de Atendimento e Administração Predial | Serviço de Materiais e Patrimônio | Seção de Apoio Logístico | Serviço de Gestão de Contratos | Coordenação de Finanças | Chefe de Serviço de Comunicação Institucional (CCE 1.05) | Serviço de dados | Divisão de Compliance e Gestão de Riscos | Assessoria de Comunicaçã;https://oportunidades.sigepe.gov.br/oportunidades-portal/api/html/1128;21/08/2026;21/08/2026
1127;23/2023;2023;Ministério da Justiça e Segurança Pública;encerrado;Inscrições Encerradas;;3;;Brasília;Brasília(+1), órgão-alvo(+2);;FCE 4.03;https://oportunidades.sigepe.gov.br/oportunidades-portal/api/html/1127;21/08/2026;21/08/2026
1124;26.2/2023;2023;Ministério da Economia;encerrado;Inscrições Encerradas;;-3;;;gratificação técnica(-3);;Seleção de GSISP;https://oportunidades.sigepe.gov.br/oportunidades-portal/api/html/1124;21/08/2026;21/08/2026
1123;34.3/2023;2023;Agência Nacional de Saúde Suplementar;encerrado;Inscrições Encerradas;;0;;;;;Assessoria de Informações da Ouvidoria | Coordenadoria de Operações da Ouvidoria;https://oportunidades.sigepe.gov.br/oportunidades-portal/api/html/1123;21/08/2026;21/08/2026
1121;30.2/2023;2023;Ministério da Economia;encerrado;Inscrições Encerradas;;-3;;;gratificação técnica(-3);;GSISTE-NS;https://oportunidades.sigepe.gov.br/oportunidades-portal/api/html/1121;21/08/2026;21/08/2026
1120;18.2/2023;2023;Ministério da Economia;encerrado;Inscrições Encerradas;;-3;;;gratificação técnica(-3);;GSISP-NS Coordenação-Geral de Governança de Dados;https://oportunidades.sigepe.gov.br/oportunidades-portal/api/html/1120;21/08/2026;21/08/2026
1118;16/2023;2023;Ministério da Justiça e Segurança Pública;encerrado;Inscrições Encerradas;;-1;;;órgão-alvo(+2), gratificação técnica(-3);;GSISTE NS - Sistema SISG - Arquitetura e Urbanismo;https://oportunidades.sigepe.gov.br/oportunidades-portal/api/html/1118;21/08/2026;21/08/2026
1117;15/2023;2023;Ministério da Justiça e Segurança Pública;encerrado;Inscrições Encerradas;;-1;;;órgão-alvo(+2), gratificação técnica(-3);;GSISTE NS - Sistema SISG - Engenharia Mecânica;https://oportunidades.sigepe.gov.br/oportunidades-portal/api/html/1117;21/08/2026;21/08/2026
1114;20.1/2023;2023;Agência Nacional de Saúde Suplementar;encerrado;Inscrições Encerradas;;-3;;;gratificação técnica(-3);;Gratificação de nível superior para Transformação Digital (GSISP-NS);https://oportunidades.sigepe.gov.br/oportunidades-portal/api/html/1114;21/08/2026;21/08/2026
1112;13/2023;2023;Conselho Administrativo de Defesa Econômica;encerrado;Inscrições Encerradas;;0;;;;;Serviço de Protocolo | Serviço de Acompanhamento Processual | Seção de Apoio à Gestão Processual | Divisão de Acompanhamento Processual;https://oportunidades.sigepe.gov.br/oportunidades-portal/api/html/1112;21/08/2026;21/08/2026
1111;14/2023;2023;Ministério da Justiça e Segurança Pública;encerrado;Inscrições Encerradas;;-1;;;órgão-alvo(+2), gratificação técnica(-3);;Oportunidade: GSISTE (Posto de Trabalho nº 159);https://oportunidades.sigepe.gov.br/oportunidades-portal/api/html/1111;21/08/2026;21/08/2026
1079;;;- Edital N°: 10.2/2023;encerrado;Inscrições Encerradas;;3;coordenador (1.10);;coordenador (1.10)(+1), espacial(+2);;Coordenador de Comunicação Social, FCE 1.11, da Agência Espacial Brasileira.;https://oportunidades.sigepe.gov.br/oportunidades-portal/api/html/1079;21/08/2026;21/08/2026
961;504.1/2022;2022;COMPANHIA DE PESQUISA DE REC. MINERAIS;encerrado;Inscrições Encerradas;;1;;;pesquisa(+1);;PESQUISADOR(A) EM GEOCIÊNCIAS - ÁREA DE CONHECIMENTO: HIDROLOGIA | PESQUISADOR(A) EM GEOCIÊNCIAS - ÁREA DE CONHECIMENTO: GEOLOGIA/ ÁREAS DE RISCO;https://oportunidades.sigepe.gov.br/oportunidades-portal/api/html/961;21/08/2026;21/08/2026
921;19.2/2023;2023;Ministério da Ciência, Tecnologia e Inovação;encerrado;Inscrições Encerradas;;3;;;infraestrutura(+1), órgão-alvo(+2);;Gestão de Logística, Patrimônio e Infraestrutura e Manutenção Predial | Gestão da Rede Observacional | Técnico em Gestão da Rede Observacional | Gestor de Contratos;https://oportunidades.sigepe.gov.br/oportunidades-portal/api/html/921;21/08/2026;21/08/2026
883;501/2022;2022;Ministério da Justiça e Segurança Pública;encerrado;Inscrições Encerradas;;-1;;;órgão-alvo(+2), gratificação técnica(-3);;GSISTE (Posto de Trabalho nº 159);https://oportunidades.sigepe.gov.br/oportunidades-portal/api/html/883;21/08/2026;21/08/2026
882;500.1/2022;2022;Ministério da Justiça e Segurança Pública;encerrado;Inscrições Encerradas;;-1;;;órgão-alvo(+2), gratificação técnica(-3);;GSISTE Relacionada á atividades de Engenharia Mecânica.;https://oportunidades.sigepe.gov.br/oportunidades-portal/api/html/882;21/08/2026;21/08/2026
881;499.1/2022;2022;Ministério da Justiça e Segurança Pública;encerrado;Inscrições Encerradas;;-1;;;órgão-alvo(+2), gratificação técnica(-3);;GSISTE ( Posto de trabalho nº163 );https://oportunidades.sigepe.gov.br/oportunidades-portal/api/html/881;21/08/2026;21/08/2026
880;495/2022;2022;Ministério da Infraestrutura;encerrado;Inscrições Encerradas;;2;coordenador (1.10);;coordenador (1.10)(+1), infraestrutura(+1);;FCPE 101.3 - Coordenador(a) de Governança e Integridade de TIC - COGIT.;https://oportunidades.sigepe.gov.br/oportunidades-portal/api/html/880;21/08/2026;21/08/2026
859;503.1/2022;2022;Ministério da Economia;encerrado;Inscrições Encerradas;;0;;;;;FCPE 103.1 - Chefe de Projeto do PEN;https://oportunidades.sigepe.gov.br/oportunidades-portal/api/html/859;21/08/2026;21/08/2026
852;498.1/2022;2022;Ministério da Economia;encerrado;Inscrições Encerradas;;1;coordenador (1.10);;coordenador (1.10)(+1);;FCPE 101.3 Coordenador de Soluções do Processo Eletrônico;https://oportunidades.sigepe.gov.br/oportunidades-portal/api/html/852;21/08/2026;21/08/2026
851;489.1/2022;2022;Ministério da Justiça e Segurança Pública;encerrado;Inscrições Encerradas;;3;coordenador (1.10);;coordenador (1.10)(+1), órgão-alvo(+2);;FCE 4.04 - Assessor Técnico Especializado;https://oportunidades.sigepe.gov.br/oportunidades-portal/api/html/851;21/08/2026;21/08/2026
850;492.1/2022;2022;Instituto Nacional da Propriedade Industrial;encerrado;Inscrições Encerradas;;-4;;;nível médio/intermediário(-4);nível médio/intermediário;Vaga 1 COARH - nível médio ou superior | Vaga 3 COARH - nível médio ou superior | Vaga 2 COARH - nível superior;https://oportunidades.sigepe.gov.br/oportunidades-portal/api/html/850;21/08/2026;21/08/2026
824;486/2022;2022;Ministério da Ciência, Tecnologia e Inovação;encerrado;Inscrições Encerradas;;2;;;órgão-alvo(+2);;Função Comissionada do Poder Executivo - FCPE 101.1;https://oportunidades.sigepe.gov.br/oportunidades-portal/api/html/824;21/08/2026;21/08/2026
781;480/2022;2022;Conselho Administrativo de Defesa Econômica;encerrado;Inscrições Encerradas;;0;;;;;Gabinete da Superintendência-Geral | Coordenações-Gerais de Análise Antitruste 1, 3, 4, 5, 6, 7, 8 | Gabinete da Superintendência-Geral;https://oportunidades.sigepe.gov.br/oportunidades-portal/api/html/781;21/08/2026;21/08/2026
760;477.1/2022;2022;Ministério da Economia;encerrado;Inscrições Encerradas;;-3;;;gratificação técnica(-3);;GSISP-NS - Coordenação-Geral de Contratos e Aquisições de Tecnologia da Informação  - DTI;https://oportunidades.sigepe.gov.br/oportunidades-portal/api/html/760;21/08/2026;21/08/2026
743;479/2022;2022;Ministério da Agricultura, Pecuária e Abastecimento;encerrado;Inscrições Encerradas;;-4;;;nível médio/intermediário(-4);nível médio/intermediário;Programa de Gestão integral ou parcial;https://oportunidades.sigepe.gov.br/oportunidades-portal/api/html/743;21/08/2026;21/08/2026
736;473.1/2022;2022;Instituto Nacional da Propriedade Industrial;encerrado;Inscrições Encerradas;;0;;;;;Analista - Divisão de saúdo ocupacional | Técnico de segurança do trabalho - DISAO;https://oportunidades.sigepe.gov.br/oportunidades-portal/api/html/736;21/08/2026;21/08/2026
730;471/2022;2022;Advocacia-Geral da União;encerrado;Inscrições Encerradas;;-3;chefia baixa;;chefia baixa(-3);;2 vagas -  Função Comissionada Executiva / FCE 1.07 / Chefe de Divisão;https://oportunidades.sigepe.gov.br/oportunidades-portal/api/html/730;21/08/2026;21/08/2026
729;483/2022;2022;Ministério do Desenvolvimento Regional;encerrado;Inscrições Encerradas;;6;coordenador (1.10);Brasília;coordenador (1.10)(+1), Brasília(+1), desenvolvimento regional(+1), infraestrutura(+1), órgão-alvo(+2);;CARGO COMISSIONADO EXECUTIVO (CCE), DE NÍVEL 1.10, COORDENADOR DE INFRAESTRUTURA E SUPORTE;https://oportunidades.sigepe.gov.br/oportunidades-portal/api/html/729;21/08/2026;21/08/2026
720;494.1/2022;2022;Instituto Nacional da Propriedade Industrial;encerrado;Inscrições Encerradas;;0;;;;;Analista em RH - Capacitação;https://oportunidades.sigepe.gov.br/oportunidades-portal/api/html/720;21/08/2026;21/08/2026
696;468/2022;2022;Conselho Administrativo de Defesa Econômica;encerrado;Inscrições Encerradas;;0;;;;;Serviço de Treinamento e Desenvolvimento | Serviço de Administração de Pessoal;https://oportunidades.sigepe.gov.br/oportunidades-portal/api/html/696;21/08/2026;21/08/2026
694;466.1/2022;2022;Ministério da Agricultura, Pecuária e Abastecimento;encerrado;Inscrições Encerradas;;1;coordenador (1.10);;coordenador (1.10)(+1);;FCE 4.04 - Assessor Técnico Especializado;https://oportunidades.sigepe.gov.br/oportunidades-portal/api/html/694;21/08/2026;21/08/2026
682;461/2022;2022;Instituto Nacional da Propriedade Industrial;encerrado;Inscrições Encerradas;;1;;;infraestrutura(+1);;Analista - Divisão de legislação de recursos humanos;https://oportunidades.sigepe.gov.br/oportunidades-portal/api/html/682;21/08/2026;21/08/2026
681;478/2022;2022;Instituto Nacional da Propriedade Industrial;encerrado;Inscrições Encerradas;;-3;;;infraestrutura(+1), área da saúde(-4);área da saúde;Arquiteto | Engenheiro Mecânico | Engenheiro de Segurança do Trabalho | Técnico em Telecomunicações | Técnico em Edificações | Eng. Telecomunicações ou Eng. Redes de Comunicação ou Eng. Eletricista com esp. em Redes Comunicação | Engenheiro Eletricista | Engenheiro Civil;https://oportunidades.sigepe.gov.br/oportunidades-portal/api/html/681;21/08/2026;21/08/2026
680;459/2022;2022;Ministério da Justiça e Segurança Pública;encerrado;Inscrições Encerradas;;2;;;órgão-alvo(+2);;Oportunidade para compor força de trabalho no MJSP;https://oportunidades.sigepe.gov.br/oportunidades-portal/api/html/680;21/08/2026;21/08/2026
679;458/2022;2022;Ministério da Justiça e Segurança Pública;encerrado;Inscrições Encerradas;;2;;;órgão-alvo(+2);;FCE 4.04;https://oportunidades.sigepe.gov.br/oportunidades-portal/api/html/679;21/08/2026;21/08/2026
678;460.5/2022;2022;Instituto Nacional da Propriedade Industrial;encerrado;Inscrições Encerradas;;0;;;;;Analista de planejamento e gestão - SECAD;https://oportunidades.sigepe.gov.br/oportunidades-portal/api/html/678;21/08/2026;21/08/2026
662;455.1/2022;2022;Ministério do Desenvolvimento Regional;encerrado;Inscrições Encerradas;;-2;chefia baixa;Brasília;chefia baixa(-3), Brasília(+1), desenvolvimento regional(+1), infraestrutura(+1), órgão-alvo(+2), nível médio/intermediário(-4);nível médio/intermediário;FUNÇÃO COMISSIONADA EXECUTIVA (FCE), DE NÍVEL 1.07, CHEFE DE DIVISÃO DE OPERAÇÕES DE TI;https://oportunidades.sigepe.gov.br/oportunidades-portal/api/html/662;21/08/2026;21/08/2026
660;453.1/2022;2022;Ministério da Economia;encerrado;Inscrições Encerradas;;-3;;;gratificação técnica(-3);;GSISTE NS;https://oportunidades.sigepe.gov.br/oportunidades-portal/api/html/660;21/08/2026;21/08/2026
658;450.1/2022;2022;Ministério da Economia;encerrado;Inscrições Encerradas;;0;;;;;2 vagas - Coordenação Geral de Segurança, Dados e Inovação Tecnológica/DESIN/SGP;https://oportunidades.sigepe.gov.br/oportunidades-portal/api/html/658;21/08/2026;21/08/2026
655;448/2022;2022;Conselho Administrativo de Defesa Econômica;encerrado;Inscrições Encerradas;;0;;;;;Auditoria;https://oportunidades.sigepe.gov.br/oportunidades-portal/api/html/655;21/08/2026;21/08/2026
647;447.1/2022;2022;Ministério do Desenvolvimento Regional;encerrado;Inscrições Encerradas;;1;;Brasília;Brasília(+1), desenvolvimento regional(+1), órgão-alvo(+2), gratificação técnica(-3);;Oportunidade: GRATIFICAÇÃO GSISP (NÍVEL SUPERIOR) - CGTI;https://oportunidades.sigepe.gov.br/oportunidades-portal/api/html/647;21/08/2026;21/08/2026
646;464.4/2022;2022;Agência Nacional de Águas e Saneamento Básico;encerrado;Inscrições Encerradas;;1;coordenador (1.10);;coordenador (1.10)(+1);;Coordenador de Regulação de Serviços - COSER , código CCT V;https://oportunidades.sigepe.gov.br/oportunidades-portal/api/html/646;21/08/2026;21/08/2026
645;445.4/2022;2022;Ministério da Justiça e Segurança Pública;encerrado;Inscrições Encerradas;;-1;chefia baixa;;chefia baixa(-3), órgão-alvo(+2);;FCE 4.04 | FCE 1.07 - Chefe da Divisão de Projetos e Inovação;https://oportunidades.sigepe.gov.br/oportunidades-portal/api/html/645;21/08/2026;21/08/2026
642;444/2022;2022;Ministério da Economia;encerrado;Inscrições Encerradas;;0;;;;;Vaga para atuar em fiscalização técnica de contratos;https://oportunidades.sigepe.gov.br/oportunidades-portal/api/html/642;21/08/2026;21/08/2026
640;442/2022;2022;Ministério da Infraestrutura;encerrado;Inscrições Encerradas;;1;;;infraestrutura(+1);;subsecretaria de gestão estratégica;https://oportunidades.sigepe.gov.br/oportunidades-portal/api/html/640;21/08/2026;21/08/2026
639;439/2022;2022;Advocacia-Geral da União;encerrado;Inscrições Encerradas;;0;;;;;Assessoria Técnica Especializada (FCE 4.09);https://oportunidades.sigepe.gov.br/oportunidades-portal/api/html/639;21/08/2026;21/08/2026
637;440.2/2022;2022;Ministério das Relações Exteriores;encerrado;Inscrições Encerradas;;1;;Brasília;Brasília(+1);;Analista de licitações e contratos | Assistente de fiscalização de contratos;https://oportunidades.sigepe.gov.br/oportunidades-portal/api/html/637;21/08/2026;21/08/2026
636;441/2022;2022;Conselho Administrativo de Defesa Econômica;encerrado;Inscrições Encerradas;;0;;;;;Coordenação-Geral de Análise Antitruste 9;https://oportunidades.sigepe.gov.br/oportunidades-portal/api/html/636;21/08/2026;21/08/2026
632;436.1/2022;2022;Ministério da Economia;encerrado;Inscrições Encerradas;;0;;;;;CGSER/DESIN/SGP;https://oportunidades.sigepe.gov.br/oportunidades-portal/api/html/632;21/08/2026;21/08/2026
629;435.2/2022;2022;Agência Nacional de Saúde Suplementar;encerrado;Inscrições Encerradas;;0;;;;;VAGA 03: Epidemiologia | VAGA 01: Contabilidade | VAGA 02: Administração | VAGA 04: Direito;https://oportunidades.sigepe.gov.br/oportunidades-portal/api/html/629;21/08/2026;21/08/2026
628;429.1/2022;2022;Ministério da Economia;encerrado;Inscrições Encerradas;;-3;;;gratificação técnica(-3);;GSISTE NS - CGCOP/DEPRO/SGP;https://oportunidades.sigepe.gov.br/oportunidades-portal/api/html/628;21/08/2026;21/08/2026
627;425/2022;2022;Ministério da Educação;encerrado;Inscrições Encerradas;;0;;Brasília;Brasília(+1), órgão-alvo(+2), gratificação técnica(-3);;Gratificação Temporária das Unidades dos Sistemas Estruturadores da Admini;https://oportunidades.sigepe.gov.br/oportunidades-portal/api/html/627;21/08/2026;21/08/2026
626;424.3/2022;2022;Ministério da Ciência, Tecnologia e Inovação;encerrado;Inscrições Encerradas;;-1;chefia baixa;;chefia baixa(-3), órgão-alvo(+2);;01 (uma) vaga para Chefe de Serviço de Compras, Licitações e contratos;https://oportunidades.sigepe.gov.br/oportunidades-portal/api/html/626;21/08/2026;21/08/2026
625;465/2022;2022;Ministério da Agricultura, Pecuária e Abastecimento;encerrado;Inscrições Encerradas;;5;coordenador-geral;;coordenador-geral(+5);;Coordenador-Geral FCE 13 | Chefe de Divisão - FCE 7 | Coordenador - FCE 10;https://oportunidades.sigepe.gov.br/oportunidades-portal/api/html/625;21/08/2026;21/08/2026
623;427/2022;2022;Ministério do Trabalho e Previdência;encerrado;Inscrições Encerradas;;2;;;órgão-alvo(+2);;Motorista | Motorista | Motorista;https://oportunidades.sigepe.gov.br/oportunidades-portal/api/html/623;21/08/2026;21/08/2026
622;430.2/2022;2022;Agência Nacional de Águas e Saneamento Básico;encerrado;Inscrições Encerradas;;1;;;infraestrutura(+1);;Sistemas e Soluções - (COSIS) | Segurança da Informação e Comunicações - (COSIC) | Governança de Tecnologia da Informação - (COGTI) | Planejamento e Projetos - (COPRO) | Infraestrutura e Operações de TI (COOPI);https://oportunidades.sigepe.gov.br/oportunidades-portal/api/html/622;21/08/2026;21/08/2026
613;418.1/2022;2022;Instituto Brasileiro do Meio Ambiente e dos Recursos Naturais Renováveis;encerrado;Inscrições Encerradas;;0;;;;;Vagas para a Ouvidoria e a Superintendência do Ibama no Rio Grande do Norte;https://oportunidades.sigepe.gov.br/oportunidades-portal/api/html/613;21/08/2026;21/08/2026
609;422.4/2022;2022;Ministério da Economia;encerrado;Inscrições Encerradas;;2;;;ciência de dados(+1), políticas públicas(+1);;Políticas públicas | Ciência de dados | Ciência de dados teletrabalho | Políticas públicas teletrabalho;https://oportunidades.sigepe.gov.br/oportunidades-portal/api/html/609;21/08/2026;21/08/2026
608;411/2022;2022;Ministério da Agricultura, Pecuária e Abastecimento;encerrado;Inscrições Encerradas;;5;coordenador-geral;;coordenador-geral(+5);;Coordenador-Geral de Atendimento de Pessoal - FCE: 1.13 | Coordenador-Geral de Cadastro e Pagamento - FCE 1.14;https://oportunidades.sigepe.gov.br/oportunidades-portal/api/html/608;21/08/2026;21/08/2026
605;408/2022;2022;Ministério da Ciência, Tecnologia e Inovação;encerrado;Inscrições Encerradas;;2;;;órgão-alvo(+2);;Função Comissionada do Poder Executivo - FCPE 101.3;https://oportunidades.sigepe.gov.br/oportunidades-portal/api/html/605;21/08/2026;21/08/2026
603;405.2/2022;2022;Agência Nacional de Saúde Suplementar;encerrado;Inscrições Encerradas;;0;;;;;VAGA 05: Projetos do Parto Adequado e Modelos de Remuneração Baseados em Valor | VAGA 01: Gerência de Estímulo à Inovação e Avaliação da Qualidade Setorial (GEEIQ) | VAGA 04: Coordenadoria de Avaliação e Estímulo à Qualificação de Prestadores (COAEP) | VAGA 02: Coordenadoria de Avaliação e Estímulo à Qualificação e Acreditação de Operadoras (COAEO) | VAGA 03: Coordenadoria de Indução à Melhoria da;https://oportunidades.sigepe.gov.br/oportunidades-portal/api/html/603;21/08/2026;21/08/2026
601;407/2022;2022;Ministério da Ciência, Tecnologia e Inovação;encerrado;Inscrições Encerradas;;-1;;;órgão-alvo(+2), gratificação técnica(-3);;GSISTE (NS);https://oportunidades.sigepe.gov.br/oportunidades-portal/api/html/601;21/08/2026;21/08/2026
600;406/2022;2022;Ministério da Ciência, Tecnologia e Inovação;encerrado;Inscrições Encerradas;;-1;;;órgão-alvo(+2), gratificação técnica(-3);;GSISTE (NS);https://oportunidades.sigepe.gov.br/oportunidades-portal/api/html/600;21/08/2026;21/08/2026
599;409/2022;2022;Ministério do Trabalho e Previdência;encerrado;Inscrições Encerradas;;4;;;monitoramento e avaliação(+2), órgão-alvo(+2);;Motorista | Motorista | Motorista | Motorista | Motorista | Motorista | Motorista | Motorista | Motorista | Orçamento, planejamento, monitoramento e avaliação | Motorista | Motorista | Motorista | Motorista | Motorista | Motorista | Tecnologia da Informação | Tecnologia da Informação | Editoração e Diagramação | Comunicação Social | Motorista | Motorista | Motorista | Motorista | Motorista | Apoio;https://oportunidades.sigepe.gov.br/oportunidades-portal/api/html/599;21/08/2026;21/08/2026
591;398/2022;2022;Advocacia-Geral da União;encerrado;Inscrições Encerradas;;-3;;;gratificação técnica(-3);;Processo Seletivo Simplificado GSISTE - SIORG;https://oportunidades.sigepe.gov.br/oportunidades-portal/api/html/591;21/08/2026;21/08/2026
588;397.1/2022;2022;Ministério da Economia;encerrado;Inscrições Encerradas;;-3;chefia baixa;;chefia baixa(-3);;FCPE 101.2 - Chefe de Divisão de Ouvidoria;https://oportunidades.sigepe.gov.br/oportunidades-portal/api/html/588;21/08/2026;21/08/2026
584;399/2022;2022;Ministério da Economia;encerrado;Inscrições Encerradas;;-3;;;gratificação técnica(-3);;GSISTE/NS - DEREB/CPJU;https://oportunidades.sigepe.gov.br/oportunidades-portal/api/html/584;21/08/2026;21/08/2026
581;391/2022;2022;Ministério da Ciência, Tecnologia e Inovação;encerrado;Inscrições Encerradas;;-1;;;órgão-alvo(+2), gratificação técnica(-3);;EDITAL Nº 55/2022/SEI-MCTI;https://oportunidades.sigepe.gov.br/oportunidades-portal/api/html/581;21/08/2026;21/08/2026
575;389/2022;2022;Ministério da Economia;encerrado;Inscrições Encerradas;;-7;;;gratificação técnica(-3), nível médio/intermediário(-4);nível médio/intermediário;Gratificação Temporária das Unidades Gestoras dos Sistemas Estruturadores de nível médio;https://oportunidades.sigepe.gov.br/oportunidades-portal/api/html/575;21/08/2026;21/08/2026
572;385/2022;2022;Ministério da Justiça e Segurança Pública;encerrado;Inscrições Encerradas;;0;;Brasília;Brasília(+1), órgão-alvo(+2), gratificação técnica(-3);;Oportunidade na Coordenação-Geral de Arquitetura e Engenharia - CGAE;https://oportunidades.sigepe.gov.br/oportunidades-portal/api/html/572;21/08/2026;21/08/2026
570;386/2022;2022;Ministério da Justiça e Segurança Pública;encerrado;Inscrições Encerradas;;0;;Brasília;Brasília(+1), órgão-alvo(+2), gratificação técnica(-3);;Oportunidade na Coordenação-Geral de Arquitetura e Engenharia - CGAE;https://oportunidades.sigepe.gov.br/oportunidades-portal/api/html/570;21/08/2026;21/08/2026
569;382.1/2022;2022;Agência Nacional de Saúde Suplementar;encerrado;Inscrições Encerradas;;0;;;;;Gerência Geral de Administração e Finanças - GGAFI;https://oportunidades.sigepe.gov.br/oportunidades-portal/api/html/569;21/08/2026;21/08/2026
568;381.1/2022;2022;Agência Nacional de Saúde Suplementar;encerrado;Inscrições Encerradas;;0;;;;;VAGA 01: Coordenadoria de Inovação, Projetos e Processos | VAGA 02: Coordenadoria de Gestão Documental e Processo Eletrônico;https://oportunidades.sigepe.gov.br/oportunidades-portal/api/html/568;21/08/2026;21/08/2026
567;380.7/2022;2022;Agência Nacional de Saúde Suplementar;encerrado;Inscrições Encerradas;;2;;;órgão-alvo(+2);;VAGA 03: Coordenadoria de Carreira e Desenvolvimento - CCADE | VAGA 04: Coordenadoria de Legislação e Benefícios - COLEB | VAGA 06: Coordenadoria de Saúde e Qualidade de Vida - COSAQ | VAGA 01: Coordenadoria de Carreira e Desenvolvimento - CCADE | VAGA 05: Coordenadoria de Administração de Pessoal - CODAP | VAGA 02: Coordenadoria de Carreira e Desenvolvimento - CCADE;https://oportunidades.sigepe.gov.br/oportunidades-portal/api/html/567;21/08/2026;21/08/2026
565;383.2/2022;2022;Ministério da Economia;encerrado;Inscrições Encerradas;;-7;;;gratificação técnica(-3), nível médio/intermediário(-4);nível médio/intermediário;Ocupação de GSISTE de Nível Intermediário;https://oportunidades.sigepe.gov.br/oportunidades-portal/api/html/565;21/08/2026;21/08/2026
562;384.2/2022;2022;Ministério da Economia;encerrado;Inscrições Encerradas;;-3;;;gratificação técnica(-3);;Processo seletivo para compor a equipe da CGINF/DESIN/SGP/ME. | Processo seletivo para compor a equipe da CGINF/DESIN/SGP/ME.;https://oportunidades.sigepe.gov.br/oportunidades-portal/api/html/562;21/08/2026;21/08/2026
561;379.1/2022;2022;Instituto Brasileiro do Meio Ambiente e dos Recursos Naturais Renováveis;encerrado;Inscrições Encerradas;;-3;chefia baixa;;chefia baixa(-3);;Função Comissionada Executiva (FCE 1.07) - Chefe da Divisão de Administração e Finanças;https://oportunidades.sigepe.gov.br/oportunidades-portal/api/html/561;21/08/2026;21/08/2026
557;373/2022;2022;Ministério da Justiça e Segurança Pública;encerrado;Inscrições Encerradas;;2;;;órgão-alvo(+2);;FCE 4.03;https://oportunidades.sigepe.gov.br/oportunidades-portal/api/html/557;21/08/2026;21/08/2026
556;374/2022;2022;Ministério da Agricultura, Pecuária e Abastecimento;encerrado;Inscrições Encerradas;;0;;;;;Programa de Gestão;https://oportunidades.sigepe.gov.br/oportunidades-portal/api/html/556;21/08/2026;21/08/2026
555;372/2022;2022;Ministério da Justiça e Segurança Pública;encerrado;Inscrições Encerradas;;-1;;;órgão-alvo(+2), gratificação técnica(-3);;GSISTE NS;https://oportunidades.sigepe.gov.br/oportunidades-portal/api/html/555;21/08/2026;21/08/2026
554;371/2022;2022;Ministério da Infraestrutura;encerrado;Inscrições Encerradas;;4;coordenador (1.10);;coordenador (1.10)(+1), planejamento estratégico(+2), infraestrutura(+1);;FCPE 101.3 Coordenador(a) de Planejamento Estratégico de Transporte e Logística.;https://oportunidades.sigepe.gov.br/oportunidades-portal/api/html/554;21/08/2026;21/08/2026
550;363.1/2022;2022;Ministério da Justiça e Segurança Pública;encerrado;Inscrições Encerradas;;3;;Brasília;Brasília(+1), órgão-alvo(+2);;Oportunidade na Coordenação de Desenvolvimento Humano-Organizacional - CDHO;https://oportunidades.sigepe.gov.br/oportunidades-portal/api/html/550;21/08/2026;21/08/2026
549;362.1/2022;2022;Ministério da Justiça e Segurança Pública;encerrado;Inscrições Encerradas;;3;;Brasília;Brasília(+1), órgão-alvo(+2);;Oportunidade na Coordenação de Desenvolvimento Humano-Organizacional - CDHO;https://oportunidades.sigepe.gov.br/oportunidades-portal/api/html/549;21/08/2026;21/08/2026
548;367/2022;2022;Ministério da Economia;encerrado;Inscrições Encerradas;;-4;;;nível médio/intermediário(-4);nível médio/intermediário;Composição da força de trabalho - DESIN/SGP;https://oportunidades.sigepe.gov.br/oportunidades-portal/api/html/548;21/08/2026;21/08/2026
547;370.4/2022;2022;Instituto Nacional da Propriedade Industrial;encerrado;Inscrições Encerradas;;0;;;;;Processo Seletivo para compor Força de Trabalho da Coordenação de Análise de Contratos II (COTEC II) | Processo Seletivo para compor Força de Trabalho da Coordenação de Análise de Contratos I (COTEC I);https://oportunidades.sigepe.gov.br/oportunidades-portal/api/html/547;21/08/2026;21/08/2026
544;393/2022;2022;Ministério da Economia;encerrado;Inscrições Encerradas;;-4;;;nível médio/intermediário(-4);nível médio/intermediário;2 VAGAS TI DE NÍVEL MÉDIO/SUPERIOR PARA ATUAR NA CGCON/DELOG/SEGES/SEDGG/ME | 2 VAGAS ASSESSORIA DE NÍVEL MÉDIO/SUPERIOR PARA ATUAR NA CGCON/DELOG/SEGES/SEDGG/ME.;https://oportunidades.sigepe.gov.br/oportunidades-portal/api/html/544;21/08/2026;21/08/2026
542;358.1/2022;2022;Ministério da Saúde;encerrado;Inscrições Encerradas;;-2;coordenador (1.10);Conforme interesse do DECOOP/SE;coordenador (1.10)(+1), Conforme interesse do DECOOP/SE(-5), órgão-alvo(+2);;1 vaga para servidor efetivo de nível superior - Coordenador no Ministério da Saúde (DECOOP);https://oportunidades.sigepe.gov.br/oportunidades-portal/api/html/542;21/08/2026;21/08/2026
540;365/2022;2022;Ministério da Ciência, Tecnologia e Inovação;encerrado;Inscrições Encerradas;;2;;;órgão-alvo(+2);;Função Comissionada do Poder Executivo - FCPE 101.1;https://oportunidades.sigepe.gov.br/oportunidades-portal/api/html/540;21/08/2026;21/08/2026
538;364.4/2022;2022;Instituto Nacional da Propriedade Industrial;encerrado;Inscrições Encerradas;;-2;;;órgão-alvo(+2), nível médio/intermediário(-4);"nível médio/intermediário; graduação específica";Movimentação de Pessoal  para atuação na Coordenação Geral de Contratos de Tecnologia | Movimentação de Servidores Públicos para atuação na Divisão de Orientação Tecnica de Contratos | Movimentação de Servidores Públicos para atuação na Serviço de Apoio Administrativo de Contratos | Movimentação de Servidores Públicos para atuação na Divisão de Orientação Tecnica de Contratos;https://oportunidades.sigepe.gov.br/oportunidades-portal/api/html/538;21/08/2026;21/08/2026
537;360/2022;2022;Ministério da Justiça e Segurança Pública;encerrado;Inscrições Encerradas;;3;;Brasília;Brasília(+1), órgão-alvo(+2);;Oportunidade na Comissão de Ética;https://oportunidades.sigepe.gov.br/oportunidades-portal/api/html/537;21/08/2026;21/08/2026
535;359.1/2022;2022;Ministério da Economia;encerrado;Inscrições Encerradas;;-3;;;gratificação técnica(-3);;GSISTE para exercer atividades na Divisão de Reembolso de Pessoal Cedido;https://oportunidades.sigepe.gov.br/oportunidades-portal/api/html/535;21/08/2026;21/08/2026
533;355.2/2022;2022;Agência Nacional de Saúde Suplementar;encerrado;Inscrições Encerradas;;0;;;;;Vaga 01 | Vaga 02 | Vaga 03 | Vaga 04;https://oportunidades.sigepe.gov.br/oportunidades-portal/api/html/533;21/08/2026;21/08/2026
531;361/2022;2022;Ministério da Infraestrutura;encerrado;Inscrições Encerradas;;1;;;infraestrutura(+1);;departamento de política;https://oportunidades.sigepe.gov.br/oportunidades-portal/api/html/531;21/08/2026;21/08/2026
529;350.2/2022;2022;Ministério da Infraestrutura;encerrado;Inscrições Encerradas;;-7;;SPOA/SE;SPOA/SE(-5), infraestrutura(+1), gratificação técnica(-3);;coordenação geral de recursos logísticos;https://oportunidades.sigepe.gov.br/oportunidades-portal/api/html/529;21/08/2026;21/08/2026
525;345/2022;2022;Ministério da Justiça e Segurança Pública;encerrado;Inscrições Encerradas;;0;;Brasília;Brasília(+1), órgão-alvo(+2), gratificação técnica(-3);;Oportunidade na Coordenação-Geral de Licitações e Contratos (CGL);https://oportunidades.sigepe.gov.br/oportunidades-portal/api/html/525;21/08/2026;21/08/2026
524;344/2022;2022;Ministério do Turismo;encerrado;Inscrições Encerradas;;2;;;órgão-alvo(+2);;r Função Comissionada do Poder Executivo - FCPE - 101.3.;https://oportunidades.sigepe.gov.br/oportunidades-portal/api/html/524;21/08/2026;21/08/2026
522;352.1/2022;2022;Ministério do Trabalho e Previdência;encerrado;Inscrições Encerradas;;3;coordenador (1.10);;coordenador (1.10)(+1), órgão-alvo(+2);;1 (uma) vaga de Coordenador - COINT/CGNAL/SRPPS FCE 1.10;https://oportunidades.sigepe.gov.br/oportunidades-portal/api/html/522;21/08/2026;21/08/2026
521;354.2/2022;2022;Ministério do Trabalho e Previdência;encerrado;Inscrições Encerradas;;7;coordenador-geral;;coordenador-geral(+5), órgão-alvo(+2);;1 (uma) vaga de Coordenador-Geral CGACI/SRPPS - FCE 1.13;https://oportunidades.sigepe.gov.br/oportunidades-portal/api/html/521;21/08/2026;21/08/2026
520;343.2/2022;2022;Ministério da Economia;encerrado;Inscrições Encerradas;;0;;;;;Cessão para a Coordenação-Geral de Gestão e Desempenho de Pessoas - CGDEP/DESEN;https://oportunidades.sigepe.gov.br/oportunidades-portal/api/html/520;21/08/2026;21/08/2026
519;342/2022;2022;Ministério da Economia;encerrado;Inscrições Encerradas;;-7;;;gratificação técnica(-3), nível médio/intermediário(-4);nível médio/intermediário;1 (uma) vaga com percepção de GSISTE - Nível Intermediário;https://oportunidades.sigepe.gov.br/oportunidades-portal/api/html/519;21/08/2026;21/08/2026
518;340.1/2022;2022;Ministério da Educação;encerrado;Inscrições Encerradas;;3;coordenador (1.10);;coordenador (1.10)(+1), órgão-alvo(+2);;Coordenador de Planejamento de Contratações;https://oportunidades.sigepe.gov.br/oportunidades-portal/api/html/518;21/08/2026;21/08/2026
517;353.2/2022;2022;Ministério do Trabalho e Previdência;encerrado;Inscrições Encerradas;;3;coordenador (1.10);;coordenador (1.10)(+1), órgão-alvo(+2);;Coordenador de Estudos e Diretrizes de Normatização - FCE 1.10;https://oportunidades.sigepe.gov.br/oportunidades-portal/api/html/517;21/08/2026;21/08/2026
516;348/2022;2022;Ministério da Economia;encerrado;Inscrições Encerradas;;-3;;;gratificação técnica(-3);;GSISTE/NS;https://oportunidades.sigepe.gov.br/oportunidades-portal/api/html/516;21/08/2026;21/08/2026
515;341.2/2022;2022;Ministério da Economia;encerrado;Inscrições Encerradas;;1;;Brasília;Brasília(+1);;FCPE 101.2 DIDAF/COGEP PGFN;https://oportunidades.sigepe.gov.br/oportunidades-portal/api/html/515;21/08/2026;21/08/2026
510;339.1/2022;2022;Ministério do Trabalho e Previdência;encerrado;Inscrições Encerradas;;2;;;órgão-alvo(+2);;Contabilidade e Custos | Administração, Logística e Informação | Orçamento e Finanças | Licitações e Contratos Administrativos | Patrimônio e Suprimentos;https://oportunidades.sigepe.gov.br/oportunidades-portal/api/html/510;21/08/2026;21/08/2026
509;337.1/2022;2022;Advocacia-Geral da União;encerrado;Inscrições Encerradas;;-3;;;gratificação técnica(-3);;Gratificação Temporária do Sistema de Administração dos Recursos de Tecnologia da Informação - GSISP;https://oportunidades.sigepe.gov.br/oportunidades-portal/api/html/509;21/08/2026;21/08/2026
507;338/2022;2022;Ministério da Economia;encerrado;Inscrições Encerradas;;1;;Brasília;Brasília(+1);;Função Gratificada - FG1 na Assessoria de Gabinete da Secretaria Executiva do CONFAZ, em Brasília/DF;https://oportunidades.sigepe.gov.br/oportunidades-portal/api/html/507;21/08/2026;21/08/2026
505;332/2022;2022;Ministério da Justiça e Segurança Pública;encerrado;Inscrições Encerradas;;-1;;Brasília;Brasília(+1), órgão-alvo(+2), nível médio/intermediário(-4);nível médio/intermediário;Oportunidade na Coordenação-Geral de Licitações e Contratos (CGL);https://oportunidades.sigepe.gov.br/oportunidades-portal/api/html/505;21/08/2026;21/08/2026
504;347/2022;2022;Comando do Exército;encerrado;Inscrições Encerradas;;-2;chefia baixa;Brasília;chefia baixa(-3), Brasília(+1);;Edital/2022- Comando do Exército/DAP- DAS 102.2;https://oportunidades.sigepe.gov.br/oportunidades-portal/api/html/504;21/08/2026;21/08/2026
503;330/2022;2022;Ministério da Justiça e Segurança Pública;encerrado;Inscrições Encerradas;;-1;;;órgão-alvo(+2), gratificação técnica(-3);;Oportunidade na Coordenação-Geral de Licitações e Contratos (CGL);https://oportunidades.sigepe.gov.br/oportunidades-portal/api/html/503;21/08/2026;21/08/2026
502;331/2022;2022;Ministério da Agricultura, Pecuária e Abastecimento;encerrado;Inscrições Encerradas;;-7;;;gratificação técnica(-3), nível médio/intermediário(-4);nível médio/intermediário;FCPE 101.2 e  GSISTE de Nível Médio ou Superior (conforme o cargo);https://oportunidades.sigepe.gov.br/oportunidades-portal/api/html/502;21/08/2026;21/08/2026
501;334/2022;2022;Ministério da Economia;encerrado;Inscrições Encerradas;;-3;chefia baixa;;chefia baixa(-3);;FCPE 101.2 - Chefe de Divisão de Ouvidoria;https://oportunidades.sigepe.gov.br/oportunidades-portal/api/html/501;21/08/2026;21/08/2026
497;328.2/2022;2022;Ministério da Economia;encerrado;Inscrições Encerradas;;-3;;;gratificação técnica(-3);;GSISTE/NS  - DIOFI/COFIC/CGA/DGC/PGFN;https://oportunidades.sigepe.gov.br/oportunidades-portal/api/html/497;21/08/2026;21/08/2026
492;324.4/2022;2022;Ministério do Trabalho e Previdência;encerrado;Inscrições Encerradas;;3;coordenador (1.10);;coordenador (1.10)(+1), órgão-alvo(+2);;Dimensionamento da Força de Trabalho | Carreiras e Avaliação | Atualização e Apropriação da Folha | Coordenador de Gestão de Pagamentos | Chefe da Divisão de Cadastros e Acompanhamento Funcional | Qualidade de Vida e Saúde do Servidor | Controle de Frequência e Programa de Gestão | Desenvolvimento de Pessoas | Reembolso e Orçamento | Cadastros e Acompanhamento Funcional | Legislação de Pessoas;https://oportunidades.sigepe.gov.br/oportunidades-portal/api/html/492;21/08/2026;21/08/2026
491;323/2022;2022;Ministério da Economia;encerrado;Inscrições Encerradas;;0;;;;;Administração e Logística;https://oportunidades.sigepe.gov.br/oportunidades-portal/api/html/491;21/08/2026;21/08/2026
489;322/2022;2022;Ministério da Economia;encerrado;Inscrições Encerradas;;0;;;;;Gestão de Pessoas;https://oportunidades.sigepe.gov.br/oportunidades-portal/api/html/489;21/08/2026;21/08/2026
487;321.1/2022;2022;Ministério da Agricultura, Pecuária e Abastecimento;encerrado;Inscrições Encerradas;;-6;chefia baixa;;chefia baixa(-3), gratificação técnica(-3);;GSISTE/SIPEC Nível Superior | Chefe do Serviço de Exame Médico Periódico - SEMP/DISAT/CA- FCPE 101.1 | Chefe de Divisão de Saúde e Segurança do Trabalho - DISAT - FCPE 101.2;https://oportunidades.sigepe.gov.br/oportunidades-portal/api/html/487;21/08/2026;21/08/2026
485;320/2022;2022;Ministério da Infraestrutura;encerrado;Inscrições Encerradas;;1;;;infraestrutura(+1);;secretaria nacional de aviação;https://oportunidades.sigepe.gov.br/oportunidades-portal/api/html/485;21/08/2026;21/08/2026
484;318/2022;2022;Ministério da Ciência, Tecnologia e Inovação;encerrado;Inscrições Encerradas;;-1;chefia baixa;;chefia baixa(-3), órgão-alvo(+2);;EDITAL Nº 52- Chefe de Divisão de Redes de Comunicação do Departamento de Tecnologia da Informação;https://oportunidades.sigepe.gov.br/oportunidades-portal/api/html/484;21/08/2026;21/08/2026
482;317/2022;2022;Ministério da Ciência, Tecnologia e Inovação;encerrado;Inscrições Encerradas;;-1;chefia baixa;;chefia baixa(-3), órgão-alvo(+2);;EDITAL Nº 51/2022/SEI-MCTI- Chefe de Divisão de Gerenciamento de Dados do Departamento de Tecnologia;https://oportunidades.sigepe.gov.br/oportunidades-portal/api/html/482;21/08/2026;21/08/2026
480;315/2022;2022;Ministério da Economia;encerrado;Inscrições Encerradas;;-3;;;gratificação técnica(-3);;1 VAGA GSISP-NS PARA ATUAR NA CGSCG/DELOG/SEGES/SEDGG/ME;https://oportunidades.sigepe.gov.br/oportunidades-portal/api/html/480;21/08/2026;21/08/2026
478;313/2022;2022;Ministério da Justiça e Segurança Pública;encerrado;Inscrições Encerradas;;2;;;órgão-alvo(+2);;Oportunidade na Assessoria de Comunicação Social;https://oportunidades.sigepe.gov.br/oportunidades-portal/api/html/478;21/08/2026;21/08/2026
477;316.4/2022;2022;Ministério da Economia;encerrado;Inscrições Encerradas;;0;;;;;ImpactaGOV com 36 vagas para diversas posições nos seus três projetos estratégicos;https://oportunidades.sigepe.gov.br/oportunidades-portal/api/html/477;21/08/2026;21/08/2026
476;312.1/2022;2022;Ministério da Economia;encerrado;Inscrições Encerradas;;-3;;;gratificação técnica(-3);;1 VAGA GSISTE-NS PARA ATUAR NA CGNOR/DELOG/SEGES/SEDGG/ME;https://oportunidades.sigepe.gov.br/oportunidades-portal/api/html/476;21/08/2026;21/08/2026
473;310.2/2022;2022;Ministério da Saúde;encerrado;Inscrições Encerradas;;3;coordenador (1.10);;coordenador (1.10)(+1), órgão-alvo(+2);;01 (uma) vaga para Coordenador- FCE 1.10;https://oportunidades.sigepe.gov.br/oportunidades-portal/api/html/473;21/08/2026;21/08/2026
472;309.2/2022;2022;Ministério da Saúde;encerrado;Inscrições Encerradas;;3;coordenador (1.10);;coordenador (1.10)(+1), órgão-alvo(+2);;01 (uma) vaga para Coordenador- FCE 1.10.;https://oportunidades.sigepe.gov.br/oportunidades-portal/api/html/472;21/08/2026;21/08/2026
471;306/2022;2022;Ministério da Infraestrutura;encerrado;Inscrições Encerradas;;3;coordenador (1.10);Brasília;coordenador (1.10)(+1), Brasília(+1), infraestrutura(+1);;CARGO EM COMISSÃO: Coordenador na Coordenação-Geral de Concessões Rodoviárias;https://oportunidades.sigepe.gov.br/oportunidades-portal/api/html/471;21/08/2026;21/08/2026
470;304/2022;2022;Conselho Administrativo de Defesa Econômica;encerrado;Inscrições Encerradas;;-3;chefia baixa;;chefia baixa(-3);;Chefe de Divisão de Planejamento e Projetos (DAS 101.2);https://oportunidades.sigepe.gov.br/oportunidades-portal/api/html/470;21/08/2026;21/08/2026
466;308.1/2022;2022;Ministério da Saúde;encerrado;Inscrições Encerradas;;3;coordenador (1.10);;coordenador (1.10)(+1), órgão-alvo(+2);;01 (uma) vaga para Coordenador - FCE 1.10.;https://oportunidades.sigepe.gov.br/oportunidades-portal/api/html/466;21/08/2026;21/08/2026
463;307.1/2022;2022;Ministério da Agricultura, Pecuária e Abastecimento;encerrado;Inscrições Encerradas;;-2;;Brasília;Brasília(+1), gratificação técnica(-3);;GSISP Nível Superior;https://oportunidades.sigepe.gov.br/oportunidades-portal/api/html/463;21/08/2026;21/08/2026
460;296/2022;2022;Ministério da Justiça e Segurança Pública;encerrado;Inscrições Encerradas;;2;;;órgão-alvo(+2);;Oportunidade na Assessoria Especial de Controle Interno - AECI;https://oportunidades.sigepe.gov.br/oportunidades-portal/api/html/460;21/08/2026;21/08/2026
459;295/2022;2022;Ministério da Educação;encerrado;Inscrições Encerradas;;-1;chefia baixa;;chefia baixa(-3), órgão-alvo(+2);;Cargo de Direção e Assessoramento Superior de Assistente Técnico - DAS 102.1;https://oportunidades.sigepe.gov.br/oportunidades-portal/api/html/459;21/08/2026;21/08/2026
456;298.4/2022;2022;Ministério da Infraestrutura;encerrado;Inscrições Encerradas;;1;;;infraestrutura(+1);;CARGO EM COMISSÃO;https://oportunidades.sigepe.gov.br/oportunidades-portal/api/html/456;21/08/2026;21/08/2026
455;314/2022;2022;Instituto Nacional da Propriedade Industrial;encerrado;Inscrições Encerradas;;0;;;;;Analista de planejamento e gestão;https://oportunidades.sigepe.gov.br/oportunidades-portal/api/html/455;21/08/2026;21/08/2026
454;293/2022;2022;Ministério da Economia;encerrado;Inscrições Encerradas;;0;;;;;SGP-CGAAD - Coordenação-Geral de Administração, Atendimento e Documentação;https://oportunidades.sigepe.gov.br/oportunidades-portal/api/html/454;21/08/2026;21/08/2026
453;319/2022;2022;Instituto Nacional da Propriedade Industrial;encerrado;Inscrições Encerradas;;0;;;;;Analista de Planejamento e Gestão de Projetos;https://oportunidades.sigepe.gov.br/oportunidades-portal/api/html/453;21/08/2026;21/08/2026
451;302.1/2022;2022;Ministério da Economia;encerrado;Inscrições Encerradas;;0;;;;;Seleção - DEMIN/SPU;https://oportunidades.sigepe.gov.br/oportunidades-portal/api/html/451;21/08/2026;21/08/2026
450;290/2022;2022;Ministério da Agricultura, Pecuária e Abastecimento;encerrado;Inscrições Encerradas;;0;chefia baixa;Brasília;chefia baixa(-3), Brasília(+1), planejamento estratégico(+2);;Chefe de Divisão DAS 101.2;https://oportunidades.sigepe.gov.br/oportunidades-portal/api/html/450;21/08/2026;21/08/2026
449;291/2022;2022;Ministério da Agricultura, Pecuária e Abastecimento;encerrado;Inscrições Encerradas;;0;;;;;Função Comissionada Técnica - FCT-3;https://oportunidades.sigepe.gov.br/oportunidades-portal/api/html/449;21/08/2026;21/08/2026
448;288/2022;2022;Ministério da Saúde;encerrado;Inscrições Encerradas;;-1;;Brasília;Brasília(+1), órgão-alvo(+2), nível médio/intermediário(-4);nível médio/intermediário;01 (uma) vaga para trabalhar no sistema de contabilidade federal- (FCE 4.05);https://oportunidades.sigepe.gov.br/oportunidades-portal/api/html/448;21/08/2026;21/08/2026
447;285.2/2022;2022;Ministério da Economia;encerrado;Inscrições Encerradas;;-7;;;gratificação técnica(-3), nível médio/intermediário(-4);nível médio/intermediário;GSISTE - Composição de Força de Trabalho de Demandas Judiciais | GSISTE - Composição de Força de Trabalho de Órgãos de Controle;https://oportunidades.sigepe.gov.br/oportunidades-portal/api/html/447;21/08/2026;21/08/2026
445;289/2022;2022;Ministério da Economia;encerrado;Inscrições Encerradas;;0;;;;;Seleção GIAPU - DESUD/SPU;https://oportunidades.sigepe.gov.br/oportunidades-portal/api/html/445;21/08/2026;21/08/2026
443;282/2022;2022;Agência Espacial Brasileira;encerrado;Inscrições Encerradas;;2;;;espacial(+2);;Seleção de servidores para a Agência Espacial Brasileira;https://oportunidades.sigepe.gov.br/oportunidades-portal/api/html/443;21/08/2026;21/08/2026
434;280/2022;2022;Ministério da Economia;encerrado;Inscrições Encerradas;;0;;;;;Processo Seletivo para compor equipe da Divisão de Atenção à Saúde do Servidor, da Coordenação-Geral;https://oportunidades.sigepe.gov.br/oportunidades-portal/api/html/434;21/08/2026;21/08/2026
433;277.1/2022;2022;Ministério da Saúde;encerrado;Inscrições Encerradas;;-1;;;órgão-alvo(+2), gratificação técnica(-3);;01 vaga - Engenheiro Mecânico - GSISTE nível superior;https://oportunidades.sigepe.gov.br/oportunidades-portal/api/html/433;21/08/2026;21/08/2026
429;278.1/2022;2022;Ministério da Saúde;encerrado;Inscrições Encerradas;;3;coordenador (1.10);;coordenador (1.10)(+1), órgão-alvo(+2);;Coordenador(a), da Coordenação de Gestão de Processos de Acreditação em Saúde (FCE 1.12) | Coordenador(a) Geral da Coordenação-Geral de Desempenho de Saúde Populacional (FCE 1.14) | Coordenador(a) da Coordenação de Articulação da Saúde Público-Privada (FCE 1.10);https://oportunidades.sigepe.gov.br/oportunidades-portal/api/html/429;21/08/2026;21/08/2026
426;274/2022;2022;Ministério da Agricultura, Pecuária e Abastecimento;encerrado;Inscrições Encerradas;;-3;chefia baixa;;chefia baixa(-3);;Chefe de Divisão - FCPE 101.2;https://oportunidades.sigepe.gov.br/oportunidades-portal/api/html/426;21/08/2026;21/08/2026
424;270/2022;2022;Ministério da Mulher, da Família e dos Direitos Humanos;encerrado;Inscrições Encerradas;;-3;chefia baixa;;chefia baixa(-3);;FCE 1.07 (Chefe de Divisão);https://oportunidades.sigepe.gov.br/oportunidades-portal/api/html/424;21/08/2026;21/08/2026
423;275/2022;2022;Departamento Nacional de Infraestrutura de Transportes;encerrado;Inscrições Encerradas;;-1;chefia baixa;Brasília;chefia baixa(-3), Brasília(+1), infraestrutura(+1);;Chefe da Divisão de Segurança da Informação;https://oportunidades.sigepe.gov.br/oportunidades-portal/api/html/423;21/08/2026;21/08/2026
422;268/2022;2022;Ministério da Agricultura, Pecuária e Abastecimento;encerrado;Inscrições Encerradas;;-2;chefia baixa;Brasília;chefia baixa(-3), Brasília(+1);;Chefe de Serviço FCPE 101.1;https://oportunidades.sigepe.gov.br/oportunidades-portal/api/html/422;21/08/2026;21/08/2026
419;286/2022;2022;Ministério da Economia;encerrado;Inscrições Encerradas;;-4;;;nível médio/intermediário(-4);nível médio/intermediário;VAGA DE NÍVEL MÉDIO;https://oportunidades.sigepe.gov.br/oportunidades-portal/api/html/419;21/08/2026;21/08/2026
418;287/2022;2022;Ministério da Economia;encerrado;Inscrições Encerradas;;1;;Brasília;Brasília(+1);;VAGAS DE NÍVEL SUPERIOR OU MÉDIO;https://oportunidades.sigepe.gov.br/oportunidades-portal/api/html/418;21/08/2026;21/08/2026
417;267/2022;2022;Conselho Administrativo de Defesa Econômica;encerrado;Inscrições Encerradas;;1;;;infraestrutura(+1);;Serviço de Sistemas de Informação | Serviço de Infraestrutura de Tecnologia da Informação | Serviço de Segurança da Informação e Comunicação | Serviço de Gestão e Governança;https://oportunidades.sigepe.gov.br/oportunidades-portal/api/html/417;21/08/2026;21/08/2026
413;305.3/2022;2022;Ministério da Economia;encerrado;Inscrições Encerradas;;3;;;cenários(+3);;COORDENAÇÃO DE PROVIMENTO E DIMENSIONAMENTO DE PESSOAS (CODIP) | COORDENAÇÃO DE CARGOS E CARREIRAS E RELAÇÃO DO TRABALHO (COCRT) | COORDENAÇÃO DE DESENVOLVIMENTO DE PESSOAS (CODEP);https://oportunidades.sigepe.gov.br/oportunidades-portal/api/html/413;21/08/2026;21/08/2026
412;264.2/2022;2022;Ministério da Economia;encerrado;Inscrições Encerradas;;2;;Brasília;Brasília(+1), infraestrutura(+1);;Atos de Pessoal e Demandas de Órgãos de Controle (04 vagas) | Inovação e Automação (04 vagas) | Atividades Administrativas: Exatas (04 vagas) | Atividades Administrativas: Redação Oficial (02 vagas) | Análise de Concessão de Aposentadoria (06 vagas) | Análise de Benefícios (06 vagas);https://oportunidades.sigepe.gov.br/oportunidades-portal/api/html/412;21/08/2026;21/08/2026
410;261/2022;2022;Ministério do Turismo;encerrado;Inscrições Encerradas;;-1;;;órgão-alvo(+2), gratificação técnica(-3);;GRATIFICAÇÃO TEMPORÁRIA DO SISTEMA DE ADMINISTRAÇÃO DOS RECURSOS DE TECNOLOGIA DA INFORMAÇÃO ¿ GSISP;https://oportunidades.sigepe.gov.br/oportunidades-portal/api/html/410;21/08/2026;21/08/2026
407;265/2022;2022;Departamento Nacional de Infraestrutura de Transportes;encerrado;Inscrições Encerradas;;1;;;infraestrutura(+1);;Infraestrutura de TI | Segurança da Informação | Governança e Gestão de Dados | Desenvolvimento de Sistemas | Telecomunicações | Governança Estratégica em TI;https://oportunidades.sigepe.gov.br/oportunidades-portal/api/html/407;21/08/2026;21/08/2026
405;259/2022;2022;Ministério da Saúde;encerrado;Inscrições Encerradas;;8;coordenador-geral;Brasília;coordenador-geral(+5), Brasília(+1), órgão-alvo(+2);;FUNÇÃO COMISSIONADA EXECUTIVA-FCE 1.14;https://oportunidades.sigepe.gov.br/oportunidades-portal/api/html/405;21/08/2026;21/08/2026
402;255/2022;2022;Ministério da Agricultura, Pecuária e Abastecimento;encerrado;Inscrições Encerradas;;-6;;Brasília;Brasília(+1), gratificação técnica(-3), nível médio/intermediário(-4);nível médio/intermediário;GSISTE - NI;https://oportunidades.sigepe.gov.br/oportunidades-portal/api/html/402;21/08/2026;21/08/2026
397;257/2022;2022;Ministério da Economia;encerrado;Inscrições Encerradas;;-7;;;gratificação técnica(-3), nível médio/intermediário(-4);nível médio/intermediário;SGP - GSISTE (NI ou NS) - CGAAD;https://oportunidades.sigepe.gov.br/oportunidades-portal/api/html/397;21/08/2026;21/08/2026
396;253/2022;2022;Comando do Exército;encerrado;Inscrições Encerradas;;-3;chefia baixa;;chefia baixa(-3);;cargo em comissão do grupo ¿Direção e Assessoramento Superiores, código DAS 102.1;https://oportunidades.sigepe.gov.br/oportunidades-portal/api/html/396;21/08/2026;21/08/2026
394;258.1/2022;2022;Ministério da Economia;encerrado;Inscrições Encerradas;;-3;;;gratificação técnica(-3);;GSISTE NS - CGCAR/DESEN/SGP;https://oportunidades.sigepe.gov.br/oportunidades-portal/api/html/394;21/08/2026;21/08/2026
393;256/2022;2022;Ministério da Economia;encerrado;Inscrições Encerradas;;0;;;;;Processo Seletivo para movimentação consensual para composição de força de trabalho no Departamento;https://oportunidades.sigepe.gov.br/oportunidades-portal/api/html/393;21/08/2026;21/08/2026
387;250.1/2022;2022;Ministério da Economia;encerrado;Inscrições Encerradas;;-7;;;gratificação técnica(-3), nível médio/intermediário(-4);nível médio/intermediário;GSISP-NI -Divisão de Monitoramento e Orçamento de Tecnologia da Informação -DTI;https://oportunidades.sigepe.gov.br/oportunidades-portal/api/html/387;21/08/2026;21/08/2026
385;244/2022;2022;Ministério da Agricultura, Pecuária e Abastecimento;encerrado;Inscrições Encerradas;;0;;;;;Função Comissionada do Poder Executivo ¿ FCPE 101.3;https://oportunidades.sigepe.gov.br/oportunidades-portal/api/html/385;21/08/2026;21/08/2026
384;249/2022;2022;Ministério da Economia;encerrado;Inscrições Encerradas;;-3;chefia baixa;;chefia baixa(-3);;Chefe de Serviço;https://oportunidades.sigepe.gov.br/oportunidades-portal/api/html/384;21/08/2026;21/08/2026
377;234/2022;2022;Ministério da Agricultura, Pecuária e Abastecimento;encerrado;Inscrições Encerradas;;-3;chefia baixa;;chefia baixa(-3);;Chefe da Divisão de Saúde e Segurança do Trabalho -  DISAT - FCPE 101.2;https://oportunidades.sigepe.gov.br/oportunidades-portal/api/html/377;21/08/2026;21/08/2026
374;233/2022;2022;Ministério do Turismo;encerrado;Inscrições Encerradas;;2;;;órgão-alvo(+2);;FUNÇÃO COMISSIONADA TÉCNICA - FCT 5;https://oportunidades.sigepe.gov.br/oportunidades-portal/api/html/374;21/08/2026;21/08/2026
373;241/2022;2022;Conselho Administrativo de Defesa Econômica;encerrado;Inscrições Encerradas;;0;;;;;Coordenação-Geral de Análise Antitruste 9, 10 e 11 | Coordenação-Geral de Análise Antitruste 1, 2, 3, 4 e 5 | Auditoria | Divisão de Compliance e Gestão de Riscos | Coordenação-Geral de Análise Antitruste 1, 2, 3 e 4;https://oportunidades.sigepe.gov.br/oportunidades-portal/api/html/373;21/08/2026;21/08/2026
371;245.1/2022;2022;Ministério da Economia;encerrado;Inscrições Encerradas;;0;;;;;Processo Seletivo para movimentação para o LA-BORA! gov/CGIN/DERET/SGP/SEDGG/ME;https://oportunidades.sigepe.gov.br/oportunidades-portal/api/html/371;21/08/2026;21/08/2026
370;246/2022;2022;Ministério da Economia;encerrado;Inscrições Encerradas;;-3;chefia baixa;;chefia baixa(-3);;Chefe de Divisão (FCPE 101.2) - Divisão de Licitações e Contratos - DILIC/COPLAN/CGA/DGC/PGFN.;https://oportunidades.sigepe.gov.br/oportunidades-portal/api/html/370;21/08/2026;21/08/2026
369;251/2022;2022;Ministério da Economia;encerrado;Inscrições Encerradas;;0;;;;;Vagas para SEPEC - Teletrabalho integral;https://oportunidades.sigepe.gov.br/oportunidades-portal/api/html/369;21/08/2026;21/08/2026
367;231/2022;2022;Ministério da Saúde;encerrado;Inscrições Encerradas;;-7;;SEMS/RN;SEMS/RN(-5), órgão-alvo(+2), nível médio/intermediário(-4);nível médio/intermediário;Vaga de Nível Médio (SEINSF) | Vaga para Médico (SEGEP) | Vagas de Nível Superior (SECON) | Vaga para Engenheiro ou Arquiteto (SEGEP) | Vagas de Nível Superior ou Médio (SEGAD) | Vagas de Nível Superior (SEINSF) | Vagas de Nível Superior (SEMS) | Vagas de Nível Superior ou Médio (SEGEP) | Vagas de Nível Superior ou Médio (SEGAD);https://oportunidades.sigepe.gov.br/oportunidades-portal/api/html/367;21/08/2026;21/08/2026
365;229.1/2022;2022;Ministério da Economia;encerrado;Inscrições Encerradas;;-4;;;nível médio/intermediário(-4);nível médio/intermediário;2 VAGAS DE NÍVEL MÉDIO/SUPERIOR PARA ATUAR NA CGSCG/DELOG/SEGES/SEDGG/ME;https://oportunidades.sigepe.gov.br/oportunidades-portal/api/html/365;21/08/2026;21/08/2026
361;227/2022;2022;Ministério da Ciência, Tecnologia e Inovação;encerrado;Inscrições Encerradas;;2;;;órgão-alvo(+2);;EDITAL Nº 41/2022/SEI-MCTI;https://oportunidades.sigepe.gov.br/oportunidades-portal/api/html/361;21/08/2026;21/08/2026
359;226/2022;2022;Ministério da Infraestrutura;encerrado;Inscrições Encerradas;;-7;;SPOA/SE;SPOA/SE(-5), infraestrutura(+1), gratificação técnica(-3);;GSISTE Nível Superior | GSISTE Nível Superior;https://oportunidades.sigepe.gov.br/oportunidades-portal/api/html/359;21/08/2026;21/08/2026
354;222/2022;2022;Ministério da Agricultura, Pecuária e Abastecimento;encerrado;Inscrições Encerradas;;-1;;Brasília;Brasília(+1), ciência de dados(+1), gratificação técnica(-3);;Coordenação-Geral de Ciência de Dados (FCPE 101.4) | FCPE 101.3 - Coordenação de Arquitetura, Extração, Transformação e Carga de Dados - COETL | FCPE 101.3 - Coordenação de Sustentação dos Sistemas e Programas da SAP | FCPE 101.2 -  Divisão de Gestão de Projetos | GSISP-NS - Gratificação do Sistema de Administ. dos Recursos de Informação e Informática Superior | GSISTE-NS - Gratificação Temporária;https://oportunidades.sigepe.gov.br/oportunidades-portal/api/html/354;21/08/2026;21/08/2026
353;221.1/2022;2022;Ministério da Economia;encerrado;Inscrições Encerradas;;0;chefia baixa;Brasília;chefia baixa(-3), Brasília(+1), órgão-alvo(+2);;FCE 1.07_MTP_Subsecretaria dos Regimes Próprios_ DICON/CGACI;https://oportunidades.sigepe.gov.br/oportunidades-portal/api/html/353;21/08/2026;21/08/2026
351;228.1/2022;2022;COMPANHIA DE PESQUISA DE REC. MINERAIS;encerrado;Inscrições Encerradas;;1;;;pesquisa(+1);;PESQUISADOR(A) EM GEOCIÊNCIAS - ÁREA DE CONHECIMENTO: GEOLOGIA/ ÁREAS DE RISCO | PESQUISADOR(A) EM GEOCIÊNCIAS - ÁREA DE CONHECIMENTO: GEOLOGIA E RECURSOS MINERAIS | PESQUISADOR(A) EM GEOCIÊNCIAS - ÁREA DE CONHECIMENTO: HIDROLOGIA | PESQUISADOR(A) EM GEOCIÊNCIAS - ÁREA DE CONHECIMENTO: GEOQUÍMICA | TÉCNICO(A) EM GEOCIÊNCIAS - ÁREA DE CONHECIMENTO: GEOLOGIA/ MINERAÇÃO | ANALISTA EM GEOCIÊNCIAS - ÁR;https://oportunidades.sigepe.gov.br/oportunidades-portal/api/html/351;21/08/2026;21/08/2026
350;216/2022;2022;Ministério da Saúde;encerrado;Inscrições Encerradas;;-1;;;órgão-alvo(+2), gratificação técnica(-3);;01 vaga Engenheiro Mecânico para uma GSISTE de Nível Superior - Ministério da Saúde;https://oportunidades.sigepe.gov.br/oportunidades-portal/api/html/350;21/08/2026;21/08/2026
349;215/2022;2022;Departamento Nacional de Infraestrutura de Transportes;encerrado;Inscrições Encerradas;;1;;;infraestrutura(+1);;CONTADOR | ADMINISTRADOR | ENGENHEIRO;https://oportunidades.sigepe.gov.br/oportunidades-portal/api/html/349;21/08/2026;21/08/2026
348;214/2022;2022;Departamento Nacional de Infraestrutura de Transportes;encerrado;Inscrições Encerradas;;1;;;infraestrutura(+1);;Coordenação de Engenharia Terrestre - SRE-PA | Coordenação de Engenharia Aquaviária - SRE-PA | Coordenação de Administração e Finanças - SRE-PA;https://oportunidades.sigepe.gov.br/oportunidades-portal/api/html/348;21/08/2026;21/08/2026
345;223/2022;2022;Instituto Nacional da Propriedade Industrial;encerrado;Inscrições Encerradas;;0;;;;;DIVISÃO DE GESTÃO DA QUALIDADE - DIGEQ | DIVISÃO DE GESTÃO DE RISCOS - DIGER;https://oportunidades.sigepe.gov.br/oportunidades-portal/api/html/345;21/08/2026;21/08/2026
343;213/2022;2022;Ministério da Economia;encerrado;Inscrições Encerradas;;0;;;;;FORÇA DE TRABALHO - Teletrabalho COPEP/CGPPE/DEPEC/SEST | FORÇA DE TRABALHO - Teletrabalho COANE/CGPPE/DEPEC/SEST;https://oportunidades.sigepe.gov.br/oportunidades-portal/api/html/343;21/08/2026;21/08/2026
342;212.1/2022;2022;Ministério da Economia;encerrado;Inscrições Encerradas;;-3;;;gratificação técnica(-3);;Processo seletivo GSISTE/NS - CRSFN/CRSNSP;https://oportunidades.sigepe.gov.br/oportunidades-portal/api/html/342;21/08/2026;21/08/2026
339;208/2022;2022;Ministério da Ciência, Tecnologia e Inovação;encerrado;Inscrições Encerradas;;2;;;órgão-alvo(+2);;EDITAL Nº 39/2022/SEI-MCTI;https://oportunidades.sigepe.gov.br/oportunidades-portal/api/html/339;21/08/2026;21/08/2026
337;206/2022;2022;Ministério da Economia;encerrado;Inscrições Encerradas;;-4;;;nível médio/intermediário(-4);nível médio/intermediário;2 VAGAS DE NÍVEL MÉDIO/SUPERIOR PARA ATUAR NA CGNOR/DELOG/SEGES/SEDGG/ME;https://oportunidades.sigepe.gov.br/oportunidades-portal/api/html/337;21/08/2026;21/08/2026
336;205/2022;2022;Ministério da Economia;encerrado;Inscrições Encerradas;;0;;;;;FCPE 101.1 - Serviço de Proteção de Dados Pessoais;https://oportunidades.sigepe.gov.br/oportunidades-portal/api/html/336;21/08/2026;21/08/2026
334;201/2022;2022;Ministério da Agricultura, Pecuária e Abastecimento;encerrado;Inscrições Encerradas;;0;chefia baixa;Brasília;chefia baixa(-3), Brasília(+1), planejamento estratégico(+2);;Chefe de Divisão - DAS 101.2;https://oportunidades.sigepe.gov.br/oportunidades-portal/api/html/334;21/08/2026;21/08/2026
332;209/2022;2022;Ministério da Economia;encerrado;Inscrições Encerradas;;0;;;;;FCPE 101.3;https://oportunidades.sigepe.gov.br/oportunidades-portal/api/html/332;21/08/2026;21/08/2026
330;200.2/2022;2022;Ministério da Economia;encerrado;Inscrições Encerradas;;1;;;infraestrutura(+1);;FG 3 - Setor de Suporte e Infraestrutura - CGTI - PGFN;https://oportunidades.sigepe.gov.br/oportunidades-portal/api/html/330;21/08/2026;21/08/2026
329;199.2/2022;2022;Ministério da Economia;encerrado;Inscrições Encerradas;;1;;;infraestrutura(+1);;FG 1 - Setor de Suporte e Infraestrutura - CGTI/DGC/PGFN;https://oportunidades.sigepe.gov.br/oportunidades-portal/api/html/329;21/08/2026;21/08/2026
328;195/2022;2022;Ministério da Mulher, da Família e dos Direitos Humanos;encerrado;Inscrições Encerradas;;0;;;;;Oportunidade de Chefia de Divisão no MMFDH;https://oportunidades.sigepe.gov.br/oportunidades-portal/api/html/328;21/08/2026;21/08/2026
327;211.1/2022;2022;Ministério da Economia;encerrado;Inscrições Encerradas;;-2;chefia baixa;;chefia baixa(-3), infraestrutura(+1);;DAS 101.1 - Serviço de Suporte e Infraestrutura/CGTI/DGC/PGFN;https://oportunidades.sigepe.gov.br/oportunidades-portal/api/html/327;21/08/2026;21/08/2026
322;193/2022;2022;Conselho Administrativo de Defesa Econômica;encerrado;Inscrições Encerradas;;3;;Brasília;Brasília(+1), órgão-alvo(+2);;Assessoria Internacional | Coordenação de Finanças | Gabinete 1;https://oportunidades.sigepe.gov.br/oportunidades-portal/api/html/322;21/08/2026;21/08/2026
318;198/2022;2022;Ministério da Agricultura, Pecuária e Abastecimento;encerrado;Inscrições Encerradas;;-3;;;gratificação técnica(-3);;GSISP;https://oportunidades.sigepe.gov.br/oportunidades-portal/api/html/318;21/08/2026;21/08/2026
317;187/2022;2022;Ministério da Agricultura, Pecuária e Abastecimento;encerrado;Inscrições Encerradas;;1;;Brasília;Brasília(+1);;Função Comissionada do Poder Executivo  FCPE 101.1;https://oportunidades.sigepe.gov.br/oportunidades-portal/api/html/317;21/08/2026;21/08/2026
314;186/2022;2022;Superintendência da Zona Franca de Manaus;encerrado;Inscrições Encerradas;;0;;;;;Arquivista;https://oportunidades.sigepe.gov.br/oportunidades-portal/api/html/314;21/08/2026;21/08/2026
309;184.1/2022;2022;Ministério da Agricultura, Pecuária e Abastecimento;encerrado;Inscrições Encerradas;;-3;;;gratificação técnica(-3);;GSISTE/SIPEC Nível Superior = (3) vagas;https://oportunidades.sigepe.gov.br/oportunidades-portal/api/html/309;21/08/2026;21/08/2026
308;190.1/2022;2022;Ministério da Economia;encerrado;Inscrições Encerradas;;1;;Brasília;Brasília(+1);;FCT 5 / DIDEC/COGEP/ PGFN;https://oportunidades.sigepe.gov.br/oportunidades-portal/api/html/308;21/08/2026;21/08/2026
305;180/2022;2022;Ministério da Infraestrutura;encerrado;Inscrições Encerradas;;-1;chefia baixa;Brasília;chefia baixa(-3), Brasília(+1), infraestrutura(+1);;CARGO COMISSIONADO - DAS 101.2;https://oportunidades.sigepe.gov.br/oportunidades-portal/api/html/305;21/08/2026;21/08/2026
302;181/2022;2022;Ministério da Infraestrutura;encerrado;Inscrições Encerradas;;2;;Brasília;Brasília(+1), infraestrutura(+1);;FUNÇÃO COMISSIONADA DO PODER EXECUTIVO  FCPE 101.3;https://oportunidades.sigepe.gov.br/oportunidades-portal/api/html/302;21/08/2026;21/08/2026
300;176/2022;2022;Ministério da Saúde;encerrado;Inscrições Encerradas;;2;;;órgão-alvo(+2);;02 vagas com carga horária de 6 (seis) horas ininterruptas;https://oportunidades.sigepe.gov.br/oportunidades-portal/api/html/300;21/08/2026;21/08/2026
298;172/2022;2022;Ministério do Turismo;encerrado;Inscrições Encerradas;;2;;;órgão-alvo(+2);;Função Gratificada de Nível 3 (FG-3);https://oportunidades.sigepe.gov.br/oportunidades-portal/api/html/298;21/08/2026;21/08/2026
297;171/2022;2022;Ministério do Turismo;encerrado;Inscrições Encerradas;;2;;;órgão-alvo(+2);;Função Gratificada de Nível 1 (FG-1);https://oportunidades.sigepe.gov.br/oportunidades-portal/api/html/297;21/08/2026;21/08/2026
295;178/2022;2022;Ministério da Agricultura, Pecuária e Abastecimento;encerrado;Inscrições Encerradas;;0;;;;;Atuar na Seção Laboratorial Avançada em São Paulo -JUNDIAÍ;https://oportunidades.sigepe.gov.br/oportunidades-portal/api/html/295;21/08/2026;21/08/2026
294;169/2022;2022;Ministério da Economia;encerrado;Inscrições Encerradas;;-2;;Brasília;Brasília(+1), gratificação técnica(-3);;VAGA DE NÍVEL SUPERIOR DE JORNALISTA PARA ATUAR NO DELOG/SEGES/SEDGG/ME | VAGA DE PUBLICITÁRIO OU DESIGNER GRÁFICO COM GSISTE-NS PARA ATUAR NO DELOG/SEGES/SEDGG/ME;https://oportunidades.sigepe.gov.br/oportunidades-portal/api/html/294;21/08/2026;21/08/2026
293;170/2022;2022;Instituto Nacional da Propriedade Industrial;encerrado;Inscrições Encerradas;;0;;;;;EDITAL INPI Nº 01, de 10/05/2022;https://oportunidades.sigepe.gov.br/oportunidades-portal/api/html/293;21/08/2026;21/08/2026
291;167.1/2022;2022;Ministério da Economia;encerrado;Inscrições Encerradas;;-7;;;gratificação técnica(-3), nível médio/intermediário(-4);nível médio/intermediário;PROCESSO SELETIVO PARA CONCESSÃO DE GSISTE DE NÍVEL INTERMEDIÁRIO;https://oportunidades.sigepe.gov.br/oportunidades-portal/api/html/291;21/08/2026;21/08/2026
289;168/2022;2022;Ministério da Economia;encerrado;Inscrições Encerradas;;-10;chefia baixa;;chefia baixa(-3), gratificação técnica(-3), nível médio/intermediário(-4);nível médio/intermediário;DAS 101.2;https://oportunidades.sigepe.gov.br/oportunidades-portal/api/html/289;21/08/2026;21/08/2026
281;159/2022;2022;Ministério da Economia;encerrado;Inscrições Encerradas;;0;;;;;Processo seletivo - Subsecretaria dos Regimes Próprios de Previdência Social  - MTP;https://oportunidades.sigepe.gov.br/oportunidades-portal/api/html/281;21/08/2026;21/08/2026
279;156/2022;2022;Ministério do Turismo;encerrado;Inscrições Encerradas;;-1;;;órgão-alvo(+2), gratificação técnica(-3);;GSISP - Nível Superior;https://oportunidades.sigepe.gov.br/oportunidades-portal/api/html/279;21/08/2026;21/08/2026
278;165.2/2022;2022;Instituto Nacional do Seguro Social;encerrado;Inscrições Encerradas;;-2;;;infraestrutura(+1), gratificação técnica(-3);;1 (uma) vaga para ocupação de GSISP de Nível Superior (NS);https://oportunidades.sigepe.gov.br/oportunidades-portal/api/html/278;21/08/2026;21/08/2026
274;152/2022;2022;Ministério da Economia;encerrado;Inscrições Encerradas;;0;;;;;1 vaga para atuar no Gabinete da Secretaria de Comércio Exterior (SECEX);https://oportunidades.sigepe.gov.br/oportunidades-portal/api/html/274;21/08/2026;21/08/2026
273;149/2022;2022;Agência Nacional de Transportes Aquaviários;encerrado;Inscrições Encerradas;;5;;;modelagem(+3), órgão-alvo(+2);;02 (Duas) Vagas para Coordenadoria de Gestão de Processos Organizacionais - CGP/SPL;https://oportunidades.sigepe.gov.br/oportunidades-portal/api/html/273;21/08/2026;21/08/2026
272;148/2022;2022;Agência Nacional de Transportes Aquaviários;encerrado;Inscrições Encerradas;;2;;;monitoramento e avaliação(+2);;02 (Duas) Vagas para Secretaria de Planejamento e Coordenação Interna - SPL (ANTAQ);https://oportunidades.sigepe.gov.br/oportunidades-portal/api/html/272;21/08/2026;21/08/2026
271;146/2022;2022;Ministério da Economia;encerrado;Inscrições Encerradas;;-7;;;gratificação técnica(-3), nível médio/intermediário(-4);nível médio/intermediário;2 vagas de GSISTE (intermediário) para atuar na Área de BI (BUSINESS INTELLIGENCE);https://oportunidades.sigepe.gov.br/oportunidades-portal/api/html/271;21/08/2026;21/08/2026
269;155/2022;2022;Ministério da Economia;encerrado;Inscrições Encerradas;;-3;;;gratificação técnica(-3);;Gratificação Temporária do Sistema de Administração dos Recursos de Tecnologia da Informação (GSISP);https://oportunidades.sigepe.gov.br/oportunidades-portal/api/html/269;21/08/2026;21/08/2026
266;143/2022;2022;Ministério da Educação;encerrado;Inscrições Encerradas;;-2;;;órgão-alvo(+2), nível médio/intermediário(-4);nível médio/intermediário;Cargos de nível médio ou superior | Cargos de nível médio ou superior | Técnicos-Administrativos em Educação (TAEs)_Assistente em Administração (Nível Médio) | Cargo de nível superior | Técnico ou Analista | Técnico ou Analista | Técnico ou Analista | Técnicos-Administrativos em Educação (TAEs)_Nível superior | Técnico ou Analista | Cargo de nível médio ou superior | Técnico ou Analista | Cargo de;https://oportunidades.sigepe.gov.br/oportunidades-portal/api/html/266;21/08/2026;21/08/2026
265;150/2022;2022;Ministério da Economia;encerrado;Inscrições Encerradas;;0;;;;;Realização de processo seletivo para percepção de Função Técnica Comissionada FCT-9.;https://oportunidades.sigepe.gov.br/oportunidades-portal/api/html/265;21/08/2026;21/08/2026
263;144/2022;2022;Ministério da Justiça e Segurança Pública;encerrado;Inscrições Encerradas;;-1;;;órgão-alvo(+2), gratificação técnica(-3);;Oportunidade na Coordenação de Desenvolvimento Humano-Organizacional (CDHO);https://oportunidades.sigepe.gov.br/oportunidades-portal/api/html/263;21/08/2026;21/08/2026
262;142.1/2022;2022;Ministério da Saúde;encerrado;Inscrições Encerradas;;-7;;Gabinete da SEMS/PE;Gabinete da SEMS/PE(-5), órgão-alvo(+2), nível médio/intermediário(-4);nível médio/intermediário;"06 vagas (Nível Superior ou médio em qualquer área de formação) | 1 vaga (Nível Superior ou médio -  Contador, Técnico de Contabilidade ou Economista) | 1 vaga (Nível médio) | 2 vagas (Nível Superior ¿ formação ou especialização em engenharia clínica ou formação análoga) | 5 vagas (Nível Superior área de Saúde; ATPS, Administrador ou análogo) | 1 vaga (Nível médio) | 02 vagas (Médico) | 1 vaga (Ní";https://oportunidades.sigepe.gov.br/oportunidades-portal/api/html/262;21/08/2026;21/08/2026
258;157/2022;2022;Ministério da Saúde;encerrado;Inscrições Encerradas;;-3;;Gabinete SEMS/PA;Gabinete SEMS/PA(-5), órgão-alvo(+2);;Gabinete SEMS/PA - Agente Administrativo ou outros | Gabinete SEMS/PA - Administrador ou outros | SEGAD/PA - Agente Administrativo ou outros | SEGAD/PA - Administrador ou outros | SEGAD/PA - Médico do trabalho ou outros | SEGAD/PA - Assistente Social | SEGAD/PA - Técnico em contabilidade | SEGEP/PA - Administrador ou outros | SEGEP/PA - Agente Administrativo ou outros | SECON/PA - Administrador ou;https://oportunidades.sigepe.gov.br/oportunidades-portal/api/html/258;21/08/2026;21/08/2026
257;138/2022;2022;Ministério da Agricultura, Pecuária e Abastecimento;encerrado;Inscrições Encerradas;;1;coordenador (1.10);;coordenador (1.10)(+1);;Coordenador;https://oportunidades.sigepe.gov.br/oportunidades-portal/api/html/257;21/08/2026;21/08/2026
255;137.1/2022;2022;Ministério da Infraestrutura;encerrado;Inscrições Encerradas;;1;;;infraestrutura(+1);;FUNÇÃO COMISSIONADA DO PODER EXECUTIVO  FCPE 101.3;https://oportunidades.sigepe.gov.br/oportunidades-portal/api/html/255;21/08/2026;21/08/2026
254;131/2022;2022;VALEC - Engenharia, Construções e Ferrovias S.A.;encerrado;Inscrições Encerradas;;0;;;;;MEMBRO DO COAUD;https://oportunidades.sigepe.gov.br/oportunidades-portal/api/html/254;21/08/2026;21/08/2026
252;130/2022;2022;Ministério da Mulher, da Família e dos Direitos Humanos;encerrado;Inscrições Encerradas;;0;;;;;FCE 4.11 na Coordenação Geral de Logística do MMFDH;https://oportunidades.sigepe.gov.br/oportunidades-portal/api/html/252;21/08/2026;21/08/2026
251;141/2022;2022;Ministério da Economia;encerrado;Inscrições Encerradas;;0;;Brasília;Brasília(+1), ciência de dados(+1), inteligência artificial(+1), gratificação técnica(-3);;2 Vagas de GSISTE Nível Superior para atuar na CGSCG/DELOG/SEGES/SEDGG/ME;https://oportunidades.sigepe.gov.br/oportunidades-portal/api/html/251;21/08/2026;21/08/2026
250;134.2/2022;2022;Ministério da Infraestrutura;encerrado;Inscrições Encerradas;;-7;;SPOA/SE;SPOA/SE(-5), infraestrutura(+1), gratificação técnica(-3);;GSISTE Nível Superior | GSISTE Nível Superior | GSISTE Nível Superior;https://oportunidades.sigepe.gov.br/oportunidades-portal/api/html/250;21/08/2026;21/08/2026
246;;;- Edital N°: 129.1/2022;encerrado;Inscrições Encerradas;;0;;;;;Gerente Tributário;https://oportunidades.sigepe.gov.br/oportunidades-portal/api/html/246;21/08/2026;21/08/2026
245;128/2022;2022;VALEC - Engenharia, Construções e Ferrovias S.A.;encerrado;Inscrições Encerradas;;0;;;;;Gerente de Contabilidade;https://oportunidades.sigepe.gov.br/oportunidades-portal/api/html/245;21/08/2026;21/08/2026
238;121/2022;2022;Ministério do Turismo;encerrado;Inscrições Encerradas;;2;;;órgão-alvo(+2);;Função Gratificada de Nível 1 (FG-1);https://oportunidades.sigepe.gov.br/oportunidades-portal/api/html/238;21/08/2026;21/08/2026
237;125/2022;2022;Ministério da Economia;encerrado;Inscrições Encerradas;;0;;;;;Movimentações para composição de força de trabalho na modalidade consensual (Portaria 282/2020).;https://oportunidades.sigepe.gov.br/oportunidades-portal/api/html/237;21/08/2026;21/08/2026
236;135/2022;2022;Ministério da Agricultura, Pecuária e Abastecimento;encerrado;Inscrições Encerradas;;-5;;Campinas/SP;Campinas/SP(-5);;Vagas nas Unidades Técnicas, no cargo de auxiliar de laboratório ou cargo com atividades similares;https://oportunidades.sigepe.gov.br/oportunidades-portal/api/html/236;21/08/2026;21/08/2026
233;124.2/2022;2022;Ministério da Economia;encerrado;Inscrições Encerradas;;-3;;;gratificação técnica(-3);;GSISTE INTERMEDIÁRIO - CGCOP/DEPRO | GSISTE INTERMEDIÁRIO - DFT/DEPRO | GSISTE SUPERIOR - CGCOP/DEPRO | GSISTE SUPERIOR - DFT/DEPRO;https://oportunidades.sigepe.gov.br/oportunidades-portal/api/html/233;21/08/2026;21/08/2026
228;116/2022;2022;Ministério do Turismo;encerrado;Inscrições Encerradas;;-1;;;órgão-alvo(+2), gratificação técnica(-3);;GRATIFICAÇÃO TEMPORÁRIA DO SISTEMA DE ADMINISTRAÇÃO DOS RECURSOS DE TECNOLOGIA DA INFORMAÇÃO ¿ GSISP;https://oportunidades.sigepe.gov.br/oportunidades-portal/api/html/228;21/08/2026;21/08/2026
225;123/2022;2022;Ministério da Agricultura, Pecuária e Abastecimento;encerrado;Inscrições Encerradas;;-2;chefia baixa;Brasília;chefia baixa(-3), Brasília(+1);;Chefe de Divisão - FCPE 101.2;https://oportunidades.sigepe.gov.br/oportunidades-portal/api/html/225;21/08/2026;21/08/2026
222;115/2022;2022;Ministério da Educação;encerrado;Inscrições Encerradas;;2;;;órgão-alvo(+2);;Função Comissionada Técnica FCT 4 | Função Comissionada Técnica FCT 6;https://oportunidades.sigepe.gov.br/oportunidades-portal/api/html/222;21/08/2026;21/08/2026
220;113/2022;2022;Ministério da Ciência, Tecnologia e Inovação;encerrado;Inscrições Encerradas;;-1;;;órgão-alvo(+2), gratificação técnica(-3);;EDITAL Nº 1/2022/SEI-MCTI- Seleção para GSISTE/SIGA;https://oportunidades.sigepe.gov.br/oportunidades-portal/api/html/220;21/08/2026;21/08/2026
219;112/2022;2022;Ministério da Justiça e Segurança Pública;encerrado;Inscrições Encerradas;;-5;;;órgão-alvo(+2), gratificação técnica(-3), nível médio/intermediário(-4);nível médio/intermediário;GSISTE Nível Intermediário;https://oportunidades.sigepe.gov.br/oportunidades-portal/api/html/219;21/08/2026;21/08/2026
215;111/2022;2022;Ministério da Educação;encerrado;Inscrições Encerradas;;1;coordenador (1.10);Brasília;coordenador (1.10)(+1), Brasília(+1), órgão-alvo(+2), gratificação técnica(-3);;FCPE 101.3 - Função Comissionada do Poder Executivo de Coordenador de Sistemas | DAS 103.2 - Cargo de Direção e Assessoramento Superior (DAS) de Chefe de Projetos II. | FCPE 103.2 - Cargo de Direção e Assessoramento Superior (DAS) de Chefe de Projetos II | GSISP - Função Gratificação Temporária do Sistema de Administração dos Recursos de Informação e Info;https://oportunidades.sigepe.gov.br/oportunidades-portal/api/html/215;21/08/2026;21/08/2026
213;108/2022;2022;Ministério da Economia;encerrado;Inscrições Encerradas;;0;;;;;Oportunidade para atuar na Coordenação-Geral de Projetos;https://oportunidades.sigepe.gov.br/oportunidades-portal/api/html/213;21/08/2026;21/08/2026
210;104.2/2022;2022;Ministério da Mulher, da Família e dos Direitos Humanos;encerrado;Inscrições Encerradas;;-3;chefia baixa;;chefia baixa(-3);;FCE 1.07 na Coordenação Geral de Logística do MMFDH;https://oportunidades.sigepe.gov.br/oportunidades-portal/api/html/210;21/08/2026;21/08/2026
209;106/2022;2022;Ministério da Agricultura, Pecuária e Abastecimento;encerrado;Inscrições Encerradas;;-8;chefia baixa;Gestão de Contratos do LFDA/SP;chefia baixa(-3), Gestão de Contratos do LFDA/SP(-5);;Chefe da Seção de Gestão de Contratos do LFDA/SP;https://oportunidades.sigepe.gov.br/oportunidades-portal/api/html/209;21/08/2026;21/08/2026
207;101/2022;2022;Ministério do Turismo;encerrado;Inscrições Encerradas;;-2;;;órgão-alvo(+2), nível médio/intermediário(-4);nível médio/intermediário;FG-3;https://oportunidades.sigepe.gov.br/oportunidades-portal/api/html/207;21/08/2026;21/08/2026
206;102/2022;2022;Ministério do Turismo;encerrado;Inscrições Encerradas;;2;;;órgão-alvo(+2);;FG-1;https://oportunidades.sigepe.gov.br/oportunidades-portal/api/html/206;21/08/2026;21/08/2026
205;103.1/2022;2022;Ministério da Economia;encerrado;Inscrições Encerradas;;-3;;;gratificação técnica(-3);;GSISTE - Nível Superior;https://oportunidades.sigepe.gov.br/oportunidades-portal/api/html/205;21/08/2026;21/08/2026
204;105/2022;2022;Ministério da Economia;encerrado;Inscrições Encerradas;;-4;;;nível médio/intermediário(-4);nível médio/intermediário;Movimentação para composição de força de trabalho na CGGPP/DESIN/SGP;https://oportunidades.sigepe.gov.br/oportunidades-portal/api/html/204;21/08/2026;21/08/2026
202;99.1/2022;2022;Ministério da Infraestrutura;encerrado;Inscrições Encerradas;;5;coordenador (1.10);Brasília;coordenador (1.10)(+1), Brasília(+1), infraestrutura(+1), órgão-alvo(+2);;Assessor Técnico Especializado FCPE 104.2;https://oportunidades.sigepe.gov.br/oportunidades-portal/api/html/202;21/08/2026;21/08/2026
199;92/2022;2022;Ministério da Agricultura, Pecuária e Abastecimento;encerrado;Inscrições Encerradas;;0;chefia baixa;Brasília;chefia baixa(-3), Brasília(+1), planejamento estratégico(+2);;Chefe de Divisão DAS 101.2;https://oportunidades.sigepe.gov.br/oportunidades-portal/api/html/199;21/08/2026;21/08/2026
198;109.2/2022;2022;Ministério da Economia;encerrado;Inscrições Encerradas;;0;;;;;Movimentações para composição de força de trabalho na modalidade consensual (Portaria 282/2020). | Serão disponibilizadas 2 vagas, sendo na modalidade de trabalho presencial ou em teletrabalho;https://oportunidades.sigepe.gov.br/oportunidades-portal/api/html/198;21/08/2026;21/08/2026
195;90/2022;2022;Ministério da Agricultura, Pecuária e Abastecimento;encerrado;Inscrições Encerradas;;0;;;;;Trabalhar no Departamento de Tecnologia de Informação;https://oportunidades.sigepe.gov.br/oportunidades-portal/api/html/195;21/08/2026;21/08/2026
193;95.1/2022;2022;Ministério da Agricultura, Pecuária e Abastecimento;encerrado;Inscrições Encerradas;;-3;chefia baixa;;chefia baixa(-3);;Cargo de Chefe do Serviço de Compras, FCPE 101.1;https://oportunidades.sigepe.gov.br/oportunidades-portal/api/html/193;21/08/2026;21/08/2026
192;96.1/2022;2022;Ministério da Agricultura, Pecuária e Abastecimento;encerrado;Inscrições Encerradas;;-3;chefia baixa;;chefia baixa(-3);;Cargo de Chefe da Seção de Gestão de Contratos, Função Gratificada - FG-1;https://oportunidades.sigepe.gov.br/oportunidades-portal/api/html/192;21/08/2026;21/08/2026
190;89/2022;2022;Ministério da Economia;encerrado;Inscrições Encerradas;;-7;;;gratificação técnica(-3), nível médio/intermediário(-4);nível médio/intermediário;1 vaga de GSISTE (intermediário ou superior) para atuar na Assessoria da SEGES;https://oportunidades.sigepe.gov.br/oportunidades-portal/api/html/190;21/08/2026;21/08/2026
189;83/2022;2022;Agência Nacional de Transportes Aquaviários;encerrado;Inscrições Encerradas;;2;;;prospecção(+2);;02 (Duas) Vagas para Assessoria de Relações Internacionais - ARI (ANTAQ);https://oportunidades.sigepe.gov.br/oportunidades-portal/api/html/189;21/08/2026;21/08/2026
187;94/2022;2022;Ministério da Agricultura, Pecuária e Abastecimento;encerrado;Inscrições Encerradas;;2;coordenador (1.10);Brasília;coordenador (1.10)(+1), Brasília(+1);;Coordenador de Administração, Finanças e Logística da Comissão Exec. do Plano da Lavoura Cacaueira;https://oportunidades.sigepe.gov.br/oportunidades-portal/api/html/187;21/08/2026;21/08/2026
185;85/2022;2022;Ministério da Agricultura, Pecuária e Abastecimento;encerrado;Inscrições Encerradas;;-7;;;gratificação técnica(-3), nível médio/intermediário(-4);nível médio/intermediário;GSISTE/SIGA Nível Intermediário = 01 (uma);https://oportunidades.sigepe.gov.br/oportunidades-portal/api/html/185;21/08/2026;21/08/2026
184;86/2022;2022;Ministério da Agricultura, Pecuária e Abastecimento;encerrado;Inscrições Encerradas;;0;;;;;GSITE/SIGA Nível Superior = 1 (uma) vaga;https://oportunidades.sigepe.gov.br/oportunidades-portal/api/html/184;21/08/2026;21/08/2026
183;98.1/2022;2022;Ministério da Economia;encerrado;Inscrições Encerradas;;-7;;;gratificação técnica(-3), nível médio/intermediário(-4);nível médio/intermediário;GSISP-NI - Coordenação-Geral de Estratégia e Gestão de Tecnologia da Informação  - Dti;https://oportunidades.sigepe.gov.br/oportunidades-portal/api/html/183;21/08/2026;21/08/2026
182;78/2022;2022;Ministério da Economia;encerrado;Inscrições Encerradas;;1;coordenador-geral;;coordenador-geral(+5), nível médio/intermediário(-4);nível médio/intermediário;DAS 101.4 - DECIPEX/SGP;https://oportunidades.sigepe.gov.br/oportunidades-portal/api/html/182;21/08/2026;21/08/2026
180;80/2022;2022;Ministério da Economia;encerrado;Inscrições Encerradas;;0;;;;;Investigador de Defesa Comercial | Investigador de Interesse Público;https://oportunidades.sigepe.gov.br/oportunidades-portal/api/html/180;21/08/2026;21/08/2026
179;75/2022;2022;Ministério do Turismo;encerrado;Inscrições Encerradas;;-1;;;órgão-alvo(+2), gratificação técnica(-3);;Gratificação Temporária das Unidades dos Sistemas Estruturadores da Administração Pública Federal (G;https://oportunidades.sigepe.gov.br/oportunidades-portal/api/html/179;21/08/2026;21/08/2026
176;74.1/2022;2022;Ministério da Justiça e Segurança Pública;encerrado;Inscrições Encerradas;;-5;;;órgão-alvo(+2), gratificação técnica(-3), nível médio/intermediário(-4);nível médio/intermediário;GSISTE Nível Médio - Sistema SISG;https://oportunidades.sigepe.gov.br/oportunidades-portal/api/html/176;21/08/2026;21/08/2026
175;71/2022;2022;Ministério da Economia;encerrado;Inscrições Encerradas;;-3;;;gratificação técnica(-3);;GSISTE NS;https://oportunidades.sigepe.gov.br/oportunidades-portal/api/html/175;21/08/2026;21/08/2026
174;67.1/2022;2022;Instituto Nacional do Seguro Social;encerrado;Inscrições Encerradas;;0;;;;;Compor força de trabalho no INSS para o cargo de jornalista e cerimonial;https://oportunidades.sigepe.gov.br/oportunidades-portal/api/html/174;21/08/2026;21/08/2026
172;72/2022;2022;Ministério da Agricultura, Pecuária e Abastecimento;encerrado;Inscrições Encerradas;;0;;;;;Função Comissionada Técnica de Técnico em Gestão Administrativa I, símbolo FCT-10.;https://oportunidades.sigepe.gov.br/oportunidades-portal/api/html/172;21/08/2026;21/08/2026
164;68.2/2022;2022;Ministério da Economia;encerrado;Inscrições Encerradas;;1;coordenador (1.10);;coordenador (1.10)(+1);;Processo Seletivo FCE 1.10 - 2022;https://oportunidades.sigepe.gov.br/oportunidades-portal/api/html/164;21/08/2026;21/08/2026
163;63/2022;2022;Ministério do Turismo;encerrado;Inscrições Encerradas;;2;;;órgão-alvo(+2);;Função Gratificada de Nível 1 (FG-1);https://oportunidades.sigepe.gov.br/oportunidades-portal/api/html/163;21/08/2026;21/08/2026
160;100/2022;2022;Ministério da Infraestrutura;encerrado;Inscrições Encerradas;;2;;Brasília;Brasília(+1), infraestrutura(+1);;OPORTUNIDADE na Coordenação-Geral de Estudos e Cooperação Técnica  - CGECO/DPLAN/SNTT | oportunidade na Coordenação-Geral de Estudos e Cooperação Técnica  - CGECO/DPLAN/SNTT | oportunidade na Coordenação-Geral de Estudos e Cooperação Técnica  - CGECO/DPLAN/SNTT | oportunidade na Coordenação-Geral de Estudos e Cooperação Técnica  - CGECO/DPLAN/SNTT;https://oportunidades.sigepe.gov.br/oportunidades-portal/api/html/160;21/08/2026;21/08/2026
158;58/2022;2022;Ministério da Economia;encerrado;Inscrições Encerradas;;1;;;infraestrutura(+1);;Apoio Administrativo;https://oportunidades.sigepe.gov.br/oportunidades-portal/api/html/158;21/08/2026;21/08/2026
157;60/2022;2022;Ministério da Economia;encerrado;Inscrições Encerradas;;-7;;;gratificação técnica(-3), nível médio/intermediário(-4);nível médio/intermediário;GSISTE NI;https://oportunidades.sigepe.gov.br/oportunidades-portal/api/html/157;21/08/2026;21/08/2026
156;57.1/2022;2022;Ministério da Educação;encerrado;Inscrições Encerradas;;2;;;órgão-alvo(+2);;Função Gratificada FG 1 | Função Comissionada do Poder Executiva FCPE 101.1;https://oportunidades.sigepe.gov.br/oportunidades-portal/api/html/156;21/08/2026;21/08/2026
152;55/2022;2022;Ministério da Economia;encerrado;Inscrições Encerradas;;1;coordenador (1.10);;coordenador (1.10)(+1);;Assessor Geral do Gabinete;https://oportunidades.sigepe.gov.br/oportunidades-portal/api/html/152;21/08/2026;21/08/2026
148;65/2022;2022;Conselho Administrativo de Defesa Econômica;encerrado;Inscrições Encerradas;;3;;;infraestrutura(+1), órgão-alvo(+2);;Coordenação-Geral de Análise Antitruste 4 | Coordenação-Geral de Análise Antitruste 4 | Coordenação-Geral de Análise Antitruste 4 | Coordenação-Geral de Análise Antitruste 10 | Serviço de Treinamento e Desenvolvimento | Serviço de Acompanhamento Processual | Coordenação-Geral de Análise Antitruste 4 | Coordenação-Geral de Análise Antitruste 4 | Coordenação-Geral de Análise Antitruste 9 - Projeto C;https://oportunidades.sigepe.gov.br/oportunidades-portal/api/html/148;21/08/2026;21/08/2026
146;93.2/2022;2022;Ministério da Agricultura, Pecuária e Abastecimento;encerrado;Inscrições Encerradas;;-3;;;gratificação técnica(-3);;GSISTE do Sistema de Contabilidade Federal  SCF, de Nível Superior;https://oportunidades.sigepe.gov.br/oportunidades-portal/api/html/146;21/08/2026;21/08/2026
144;54/2022;2022;Ministério do Turismo;encerrado;Inscrições Encerradas;;0;;;infraestrutura(+1), órgão-alvo(+2), gratificação técnica(-3);;Gratificação Temporária das Unidades dos Sistemas Estruturadores da Administração Pública Federal (G;https://oportunidades.sigepe.gov.br/oportunidades-portal/api/html/144;21/08/2026;21/08/2026
139;50/2022;2022;Ministério da Educação;encerrado;Inscrições Encerradas;;2;;;órgão-alvo(+2);;Função Gratificada ¿ FG 1 | Função Comissionada do Poder Executiva ¿ FCPE 101.1;https://oportunidades.sigepe.gov.br/oportunidades-portal/api/html/139;21/08/2026;21/08/2026
137;48/2022;2022;Ministério da Agricultura, Pecuária e Abastecimento;encerrado;Inscrições Encerradas;;-6;chefia baixa;;chefia baixa(-3), gratificação técnica(-3);;Chefe da Divisão de Pagamento + GSISTE;https://oportunidades.sigepe.gov.br/oportunidades-portal/api/html/137;21/08/2026;21/08/2026
135;47/2022;2022;Ministério da Agricultura, Pecuária e Abastecimento;encerrado;Inscrições Encerradas;;1;coordenador (1.10);;coordenador (1.10)(+1);;Assessor Técnico Especializado - FCPE 104.1 | CHEFE DE SERVIÇO - FCPE 101.1;https://oportunidades.sigepe.gov.br/oportunidades-portal/api/html/135;21/08/2026;21/08/2026
134;45/2022;2022;Ministério da Infraestrutura;encerrado;Inscrições Encerradas;;-7;;SPOA/SE;SPOA/SE(-5), infraestrutura(+1), gratificação técnica(-3);;GSISTE Nível Superior;https://oportunidades.sigepe.gov.br/oportunidades-portal/api/html/134;21/08/2026;21/08/2026
131;51.3/2022;2022;Ministério da Economia;encerrado;Inscrições Encerradas;;-3;;;gratificação técnica(-3);;GSISP-NS - Gestão de Contratos - DTI;https://oportunidades.sigepe.gov.br/oportunidades-portal/api/html/131;21/08/2026;21/08/2026
130;62/2022;2022;Advocacia-Geral da União;encerrado;Inscrições Encerradas;;-2;;Brasília;Brasília(+1), gratificação técnica(-3);;Concessão de GSISTE de Nível Superior;https://oportunidades.sigepe.gov.br/oportunidades-portal/api/html/130;21/08/2026;21/08/2026
129;44/2022;2022;Ministério da Agricultura, Pecuária e Abastecimento;encerrado;Inscrições Encerradas;;0;;;;;FCPE 101.1;https://oportunidades.sigepe.gov.br/oportunidades-portal/api/html/129;21/08/2026;21/08/2026
125;40.2/2022;2022;Ministério da Agricultura, Pecuária e Abastecimento;encerrado;Inscrições Encerradas;;1;coordenador (1.10);;coordenador (1.10)(+1);;Coordenador (a) FCPE - 101.3;https://oportunidades.sigepe.gov.br/oportunidades-portal/api/html/125;21/08/2026;21/08/2026
119;43.1/2022;2022;Ministério da Economia;encerrado;Inscrições Encerradas;;1;;Brasília;Brasília(+1);;Arquivista | Apoio Administrativo;https://oportunidades.sigepe.gov.br/oportunidades-portal/api/html/119;21/08/2026;21/08/2026
115;34/2022;2022;Ministério da Educação;encerrado;Inscrições Encerradas;;-1;;;órgão-alvo(+2), gratificação técnica(-3);;Profissional de engenharia elétrica ou engenharia mecânica;https://oportunidades.sigepe.gov.br/oportunidades-portal/api/html/115;21/08/2026;21/08/2026
110;35/2022;2022;Ministério da Economia;encerrado;Inscrições Encerradas;;0;;;;;Vaga de nível superior para atuar na área de Barreiras Técnicas e Boas Práticas Regulatórias;https://oportunidades.sigepe.gov.br/oportunidades-portal/api/html/110;21/08/2026;21/08/2026
109;36/2022;2022;Comando do Exército;encerrado;Inscrições Encerradas;;-2;;Brasília;Brasília(+1), gratificação técnica(-3);;Edital/2022- Comando do Exército/DCIPAS  - GSISTE;https://oportunidades.sigepe.gov.br/oportunidades-portal/api/html/109;21/08/2026;21/08/2026
108;28/2022;2022;Ministério da Justiça e Segurança Pública;encerrado;Inscrições Encerradas;;2;;;órgão-alvo(+2);;FCPE 101.1;https://oportunidades.sigepe.gov.br/oportunidades-portal/api/html/108;21/08/2026;21/08/2026
103;30/2022;2022;COMPANHIA DE PESQUISA DE REC. MINERAIS;encerrado;Inscrições Encerradas;;1;;;pesquisa(+1);;Pesquisador | Revisor | Diagramador | Videomaker | Monitoramento de redes sociais | Assessoria de Imprensa | Gerenciamento de Projetos | Produtor de Eventos | Designer | Assessoria de Comunicação;https://oportunidades.sigepe.gov.br/oportunidades-portal/api/html/103;21/08/2026;21/08/2026
96;33/2022;2022;Ministério da Ciência, Tecnologia e Inovação;encerrado;Inscrições Encerradas;;2;;;órgão-alvo(+2);;Vaga para composição de força de trabalho;https://oportunidades.sigepe.gov.br/oportunidades-portal/api/html/96;21/08/2026;21/08/2026
95;22.3/2022;2022;Ministério da Economia;encerrado;Inscrições Encerradas;;-3;;;gratificação técnica(-3);;GSISTE Nível Superior (NS) - CGSUP/DESIN/SGP/SEDGG/ME;https://oportunidades.sigepe.gov.br/oportunidades-portal/api/html/95;21/08/2026;21/08/2026
94;25/2022;2022;Ministério da Economia;encerrado;Inscrições Encerradas;;-3;;;gratificação técnica(-3);;Apoio às instâncias e mecanismos de governança organizacional do ME.;https://oportunidades.sigepe.gov.br/oportunidades-portal/api/html/94;21/08/2026;21/08/2026
89;21/2022;2022;Ministério da Economia;encerrado;Inscrições Encerradas;;-3;;;gratificação técnica(-3);;GSISTE-NS ou GSISTE-NM;https://oportunidades.sigepe.gov.br/oportunidades-portal/api/html/89;21/08/2026;21/08/2026
86;20/2022;2022;Ministério da Educação;encerrado;Inscrições Encerradas;;-2;;;órgão-alvo(+2), nível médio/intermediário(-4);nível médio/intermediário;Técnicos-Administrativos em Educação (TAEs) - Estatístico | Técnicos-Administrativos em Educação (TAEs) - Contador | Técnicos-Administrativos em Educação (TAEs) - Auditor | Técnicos-Administrativos em Educação (TAEs) | Cargos de nível médio ou superior na área de Administração ou Comunicação Social | Cargos de nível médio ou superior na área de Administração ou Relações Internacionais | Técnico-Ad;https://oportunidades.sigepe.gov.br/oportunidades-portal/api/html/86;21/08/2026;21/08/2026
85;19/2022;2022;Ministério da Educação;desconhecido;;;-1;;Brasília;Brasília(+1), órgão-alvo(+2), nível médio/intermediário(-4);nível médio/intermediário;Função Gratificada FGR-2;https://oportunidades.sigepe.gov.br/oportunidades-portal/api/html/85;21/08/2026;21/08/2026
76;16/2022;2022;Ministério da Educação;encerrado;Inscrições Encerradas;;0;;Brasília;Brasília(+1), órgão-alvo(+2), gratificação técnica(-3);;1 vaga - GSISP (nível superior);https://oportunidades.sigepe.gov.br/oportunidades-portal/api/html/76;21/08/2026;21/08/2026
74;14/2022;2022;Fundação Cultural Palmares;encerrado;Inscrições Encerradas;;-3;;;gratificação técnica(-3);;1 (uma) vaga para o cargo efetivo de nível superior - GSISTE;https://oportunidades.sigepe.gov.br/oportunidades-portal/api/html/74;21/08/2026;21/08/2026
71;13/2022;2022;Ministério da Infraestrutura;encerrado;Inscrições Encerradas;;1;;;infraestrutura(+1);;FUNÇÃO COMISSIONADA DO PODER EXECUTIVO FCPE 102.2  Exclusivo para Servidor Efetivo;https://oportunidades.sigepe.gov.br/oportunidades-portal/api/html/71;21/08/2026;21/08/2026
68;9/2022;2022;Ministério da Infraestrutura;encerrado;Inscrições Encerradas;;2;coordenador (1.10);;coordenador (1.10)(+1), infraestrutura(+1);;CARGO COMISSIONADO - DAS 101.3;https://oportunidades.sigepe.gov.br/oportunidades-portal/api/html/68;21/08/2026;21/08/2026
66;7/2022;2022;Agência Nacional de Transportes Aquaviários;encerrado;Inscrições Encerradas;;-4;;;graduação específica(-4);graduação específica;04 (Quatro) Vagas para Assessoria de Comunicação e Cerimonial - ASCOM (ANTAQ);https://oportunidades.sigepe.gov.br/oportunidades-portal/api/html/66;21/08/2026;21/08/2026
63;5.1/2022;2022;Ministério da Infraestrutura;encerrado;Inscrições Encerradas;;5;coordenador (1.10);Brasília;coordenador (1.10)(+1), Brasília(+1), infraestrutura(+1), órgão-alvo(+2);;DAS 101.3 na Divisão de Tecnologia em Informações Portuárias;https://oportunidades.sigepe.gov.br/oportunidades-portal/api/html/63;21/08/2026;21/08/2026
57;3/2022;2022;Ministério da Agricultura, Pecuária e Abastecimento;encerrado;Inscrições Encerradas;;1;;;infraestrutura(+1);;Trabalhar no  Departamento de Tecnologia da Informação (DTI) do MAPA;https://oportunidades.sigepe.gov.br/oportunidades-portal/api/html/57;21/08/2026;21/08/2026
55;2.2/2022;2022;Ministério da Infraestrutura;encerrado;Inscrições Encerradas;;1;;Brasília;Brasília(+1), infraestrutura(+1), órgão-alvo(+2), gratificação técnica(-3);;GSISTE de Nível Superior;https://oportunidades.sigepe.gov.br/oportunidades-portal/api/html/55;21/08/2026;21/08/2026
54;1.2/2022;2022;Ministério da Infraestrutura;encerrado;Inscrições Encerradas;;2;coordenador (1.10);;coordenador (1.10)(+1), infraestrutura(+1);;FCPE 101.1 | FCPE 101.2 - Chefe de Divisão | FCPE 101.3 - Coordenador;https://oportunidades.sigepe.gov.br/oportunidades-portal/api/html/54;21/08/2026;21/08/2026
53;26/2021;2021;Agência Nacional de Transportes Aquaviários;encerrado;Inscrições Encerradas;;2;coordenador (1.10);;coordenador (1.10)(+1), infraestrutura(+1);;DAS 04 (CCT - IV) - Coordenador de Infraestrutura - ANTAQ;https://oportunidades.sigepe.gov.br/oportunidades-portal/api/html/53;21/08/2026;21/08/2026
52;25/2021;2021;Ministério da Economia;encerrado;Inscrições Encerradas;;1;;Brasília;Brasília(+1);;Servidores ocupantes de cargo efetivo de nível superior;https://oportunidades.sigepe.gov.br/oportunidades-portal/api/html/52;21/08/2026;21/08/2026
49;24.1/2021;2021;Agência Nacional de Transportes Aquaviários;encerrado;Inscrições Encerradas;;-7;;;gratificação técnica(-3), nível médio/intermediário(-4);nível médio/intermediário;GSISTE - 02 VAGAS (ANTAQ);https://oportunidades.sigepe.gov.br/oportunidades-portal/api/html/49;21/08/2026;21/08/2026
45;19/2021;2021;Ministério da Agricultura, Pecuária e Abastecimento;encerrado;Inscrições Encerradas;;1;coordenador (1.10);;coordenador (1.10)(+1);;Função Comissionada do Poder Executivo - FCPE 101.3 - Coordenador;https://oportunidades.sigepe.gov.br/oportunidades-portal/api/html/45;21/08/2026;21/08/2026
40;18/2021;2021;Ministério da Agricultura, Pecuária e Abastecimento;encerrado;Inscrições Encerradas;;1;coordenador (1.10);;coordenador (1.10)(+1);;DAS 101.2 - Chefe de Divisão de Governança de Dados | DAS 101.3 - Coordenador de Transformação Digital e Inovações;https://oportunidades.sigepe.gov.br/oportunidades-portal/api/html/40;21/08/2026;21/08/2026
38;17.1/2021;2021;Ministério da Economia;encerrado;Inscrições Encerradas;;0;;;;;Especialista em gestão de pessoas | Analista administrativo | Analista de tecnologia da informação;https://oportunidades.sigepe.gov.br/oportunidades-portal/api/html/38;21/08/2026;21/08/2026
33;13.1/2021;2021;Ministério da Justiça e Segurança Pública;encerrado;Inscrições Encerradas;;-1;;;órgão-alvo(+2), gratificação técnica(-3);;Gratificação Temporária do Sistema de Administração de Recursos de Tecnologia da Informação (GSISP);https://oportunidades.sigepe.gov.br/oportunidades-portal/api/html/33;21/08/2026;21/08/2026
32;9/2021;2021;Ministério da Agricultura, Pecuária e Abastecimento;encerrado;Inscrições Encerradas;;1;coordenador (1.10);;coordenador (1.10)(+1);;Assessor Técnico do Gabinete, DAS 102.3;https://oportunidades.sigepe.gov.br/oportunidades-portal/api/html/32;21/08/2026;21/08/2026
31;15.4/2021;2021;Ministério da Infraestrutura;encerrado;Inscrições Encerradas;;1;;;infraestrutura(+1);;FUNÇÃO COMISSIONADA DO PODER EXECUTIVO  FCPE 101.3 | FUNÇÃO COMISSIONADA DO PODER EXECUTIVO  FCPE 101.3 | FUNÇÃO COMISSIONADA DO PODER EXECUTIVO  FCPE 101.3 | FUNÇÃO COMISSIONADA DO PODER EXECUTIVO  FCPE 101.3 | FUNÇÃO COMISSIONADA DO PODER EXECUTIVO  FCPE 101.3 | FUNÇÃO COMISSIONADA DO PODER EXECUTIVO FCPE 101.3;https://oportunidades.sigepe.gov.br/oportunidades-portal/api/html/31;21/08/2026;21/08/2026
30;10.1/2021;2021;Ministério da Agricultura, Pecuária e Abastecimento;encerrado;Inscrições Encerradas;;2;coordenador (1.10);Brasília;coordenador (1.10)(+1), Brasília(+1);;Coordenador - FCPE 101.3 - R$ 3.411,34 | Assessor Técnico Especializado - FCPE 104.2 - R$2.064,44;https://oportunidades.sigepe.gov.br/oportunidades-portal/api/html/30;21/08/2026;21/08/2026
29;8/2021;2021;Ministério da Agricultura, Pecuária e Abastecimento;encerrado;Inscrições Encerradas;;-5;;Campinas/SP;Campinas/SP(-5);;FG-2, para atuar na seção de almoxarifado e patrimônio e exercer atividades relacionadas à TI.;https://oportunidades.sigepe.gov.br/oportunidades-portal/api/html/29;21/08/2026;21/08/2026
28;7.1/2021;2021;Ministério da Economia;encerrado;Inscrições Encerradas;;-3;;;gratificação técnica(-3);;Administração e Logística.;https://oportunidades.sigepe.gov.br/oportunidades-portal/api/html/28;21/08/2026;21/08/2026
27;6.2/2021;2021;Ministério da Infraestrutura;encerrado;Inscrições Encerradas;;-7;;SPOA/SE;SPOA/SE(-5), infraestrutura(+1), gratificação técnica(-3);;Gratificação Temporária das Unidades dos Sistemas Estruturadores da Administração Pública Federal;https://oportunidades.sigepe.gov.br/oportunidades-portal/api/html/27;21/08/2026;21/08/2026
24;12.1/2021;2021;Ministério da Infraestrutura;encerrado;Inscrições Encerradas;;1;;;infraestrutura(+1);;FUNÇÃO COMISSIONADA DO PODER EXECUTIVO  FCPE 101.2 | FUNÇÃO COMISSIONADA DO PODER EXECUTIVO  FCPE 101.1 | FUNÇÃO COMISSIONADA DO PODER EXECUTIVO FCPE 101.2 | FUNÇÃO COMISSIONADA DO PODER EXECUTIVO  FCPE 101.1 | FUNÇÃO COMISSIONADA DO PODER EXECUTIVO FCPE 101.1;https://oportunidades.sigepe.gov.br/oportunidades-portal/api/html/24;21/08/2026;21/08/2026
22;4.2/2021;2021;Ministério da Agricultura, Pecuária e Abastecimento;encerrado;Inscrições Encerradas;;-3;chefia baixa;;chefia baixa(-3);;Chefe de Serviço | Chefe de Divisão;https://oportunidades.sigepe.gov.br/oportunidades-portal/api/html/22;21/08/2026;21/08/2026
20;11.1/2021;2021;Ministério da Infraestrutura;encerrado;Inscrições Encerradas;;1;;;infraestrutura(+1);;FUNÇÃO COMISSIONADA DO PODER EXECUTIVO  FCPE 101.3;https://oportunidades.sigepe.gov.br/oportunidades-portal/api/html/20;21/08/2026;21/08/2026
15;1/2021;2021;Ministério da Economia;encerrado;Inscrições Encerradas;;0;;;;;Função Comissionada Técnica FCT 11;https://oportunidades.sigepe.gov.br/oportunidades-portal/api/html/15;21/08/2026;21/08/2026
